solid OpenSCAD_Model
  facet normal 0 -0.7985602957614003 -0.6019148229055876
    outer loop
      vertex -522.4732421874974 -659.5312499992925 205
      vertex -517 -664.0537499991079 211
      vertex -523 -659.5312499992925 205
    endloop
  endfacet
  facet normal 4.071304238295376e-15 -0.7985602957613983 -0.6019148229055903
    outer loop
      vertex -517 -688.067706500776 242.85931210964918
      vertex -523 -659.5312499992925 205
      vertex -517 -664.0537499991079 211
    endloop
  endfacet
  facet normal 0 -0.7985602957613986 -0.6019148229055898
    outer loop
      vertex -523 -688.067706500776 242.85931210964918
      vertex -523 -659.5312499992925 205
      vertex -517 -688.067706500776 242.85931210964918
    endloop
  endfacet
  facet normal -1.5980902319980155e-17 -0.8296921260215431 -0.5582212608078018
    outer loop
      vertex -523 -688.067706500776 242.85931210964918
      vertex -517 -689.8638135941326 245.52889139205217
      vertex -523 -689.8638135941326 245.52889139205217
    endloop
  endfacet
  facet normal 0 -0.8296921260215431 -0.5582212608078018
    outer loop
      vertex -523 -688.067706500776 242.85931210964918
      vertex -517 -688.067706500776 242.85931210964918
      vertex -517 -689.8638135941326 245.52889139205217
    endloop
  endfacet
  facet normal 0 -0.8961391817835151 -0.44377310291676286
    outer loop
      vertex -523 -689.8638135941326 245.52889139205217
      vertex -517 -689.8638135941326 245.52889139205217
      vertex -517 -691.9549405112117 249.75163664668798
    endloop
  endfacet
  facet normal 6.9287748424896664e-18 -0.8961391817835151 -0.44377310291676286
    outer loop
      vertex -523 -689.8638135941326 245.52889139205217
      vertex -517 -691.9549405112117 249.75163664668798
      vertex -523 -691.9549405112117 249.75163664668798
    endloop
  endfacet
  facet normal 0 -0.9546963337333025 -0.2975817708734703
    outer loop
      vertex -523 -691.9549405112117 249.75163664668798
      vertex -517 -691.9549405112117 249.75163664668798
      vertex -517 -693.3564363680407 254.24788973480463
    endloop
  endfacet
  facet normal 1.6321551619831081e-18 -0.9546963337333025 -0.2975817708734703
    outer loop
      vertex -523 -691.9549405112117 249.75163664668798
      vertex -517 -693.3564363680407 254.24788973480463
      vertex -523 -693.3564363680407 254.24788973480463
    endloop
  endfacet
  facet normal 0 -0.9895962522580288 -0.14387236536897516
    outer loop
      vertex -523 -693.3564363680407 254.24788973480463
      vertex -517 -693.3564363680407 254.24788973480463
      vertex -517 -694.033791694343 258.9069379866123
    endloop
  endfacet
  facet normal 1.1889512052474834e-18 -0.9895962522580288 -0.14387236536897516
    outer loop
      vertex -523 -693.3564363680407 254.24788973480463
      vertex -517 -694.033791694343 258.9069379866123
      vertex -523 -694.033791694343 258.9069379866123
    endloop
  endfacet
  facet normal 0 -0.9978589222331659 -0.06540314457015549
    outer loop
      vertex -523 -694.033791694343 258.9069379866123
      vertex -517 -694.033791694343 258.9069379866123
      vertex -517 -708.4452415893226 478.7831221446395
    endloop
  endfacet
  facet normal 0 -0.7985602957614003 -0.6019148229055876
    outer loop
      vertex -522.4732421874974 -659.5312499992925 205
      vertex 443 -659.5312499992925 205
      vertex -517 -664.0537499991079 211
    endloop
  endfacet
  facet normal 1.295915414117768e-16 -0.9978589222331659 -0.06540314457015549
    outer loop
      vertex -523 -694.033791694343 258.9069379866123
      vertex -517 -708.4452415893226 478.7831221446395
      vertex -523 -708.4452415893226 478.7831221446395
    endloop
  endfacet
  facet normal 0 -0.9996969133072569 -0.024618723036402723
    outer loop
      vertex -523 -708.4452415893226 478.7831221446395
      vertex -517 -708.4452415893226 478.7831221446395
      vertex -517 -708.5052354666217 481.21930430829525
    endloop
  endfacet
  facet normal -1.173672924974528e-19 -0.9996969133072569 -0.024618723036402723
    outer loop
      vertex -523 -708.4452415893226 478.7831221446395
      vertex -517 -708.5052354666217 481.21930430829525
      vertex -523 -708.5052354666217 481.21930430829525
    endloop
  endfacet
  facet normal 0 -0.9998686490630587 0.016207548266587744
    outer loop
      vertex -523 -708.5052354666217 481.21930430829525
      vertex -517 -708.5052354666217 481.21930430829525
      vertex -517 -703.5423746681213 787.3858410641551
    endloop
  endfacet
  facet normal 8.210745127180168e-18 -0.9998686490630587 0.016207548266587744
    outer loop
      vertex -523 -708.5052354666217 481.21930430829525
      vertex -517 -703.5423746681213 787.3858410641551
      vertex -523 -703.5423746681213 787.3858410641551
    endloop
  endfacet
  facet normal 0 -0.9996964336123799 0.02463819438774742
    outer loop
      vertex -523 -703.5423746681213 787.3858410641551
      vertex -517 -703.5423746681213 787.3858410641551
      vertex -517 -703.5299711542948 787.8891144916415
    endloop
  endfacet
  facet normal -2.6920580989193006e-20 -0.9996964336123799 0.02463819438774742
    outer loop
      vertex -523 -703.5423746681213 787.3858410641551
      vertex -517 -703.5299711542948 787.8891144916415
      vertex -523 -703.5299711542948 787.8891144916415
    endloop
  endfacet
  facet normal 0 -0.9937344332260681 0.11176706232546871
    outer loop
      vertex -523 -703.5299711542948 787.8891144916415
      vertex -517 -703.5299711542948 787.8891144916415
      vertex -517 -703.0037899748236 792.567454829812
    endloop
  endfacet
  facet normal 5.2710488279332e-18 -0.9937344332260681 0.11176706232546871
    outer loop
      vertex -523 -703.5299711542948 787.8891144916415
      vertex -517 -703.0037899748236 792.567454829812
      vertex -523 -703.0037899748236 792.567454829812
    endloop
  endfacet
  facet normal 0 -0.98183094814199 0.18975771201877642
    outer loop
      vertex -523 -703.0037899748236 792.567454829812
      vertex -517 -703.0037899748236 792.567454829812
      vertex -517 -683.2067307717724 895
    endloop
  endfacet
  facet normal 1.7296132282859024e-17 -0.98183094814199 0.18975771201877642
    outer loop
      vertex -523 -703.0037899748236 792.567454829812
      vertex -517 -683.2067307717724 895
      vertex -523 -683.2067307717724 895
    endloop
  endfacet
  facet normal -1.658720583615604e-14 0.7985602957613974 -0.6019148229055913
    outer loop
      vertex -523 659.5312499992924 205
      vertex -523 688.067706500776 242.85931210964918
      vertex -517.5267578125026 659.5312499992925 205
    endloop
  endfacet
  facet normal 1.4620082336348855e-14 0.7985602957613995 -0.6019148229055884
    outer loop
      vertex -517.5267578125026 659.5312499992925 205
      vertex -523 688.067706500776 242.85931210964918
      vertex -517 664.0537499991079 211
    endloop
  endfacet
  facet normal 1.6845283483356593e-17 0.7985602957613983 -0.6019148229055903
    outer loop
      vertex -517 664.0537499991079 211
      vertex -523 688.067706500776 242.85931210964918
      vertex -517 688.067706500776 242.85931210964918
    endloop
  endfacet
  facet normal 0 0.8433984338797589 -0.5372886391216269
    outer loop
      vertex -523 688.067706500776 242.85931210964918
      vertex -523 690.6006487504765 246.83534914255142
      vertex -517 688.067706500776 242.85931210964918
    endloop
  endfacet
  facet normal 0 0.8433984338797589 -0.5372886391216269
    outer loop
      vertex -523 690.6006487504765 246.83534914255142
      vertex -517 690.6006487504765 246.83534914255142
      vertex -517 688.067706500776 242.85931210964918
    endloop
  endfacet
  facet normal 0 0.9172400261690955 -0.39833495251272766
    outer loop
      vertex -523 690.6006487504765 246.83534914255142
      vertex -523 692.4773071037605 251.1567026823759
      vertex -517 690.6006487504765 246.83534914255142
    endloop
  endfacet
  facet normal 3.371646045974253e-19 0.9172400261690955 -0.39833495251272766
    outer loop
      vertex -517 690.6006487504765 246.83534914255142
      vertex -523 692.4773071037605 251.1567026823759
      vertex -517 692.4773071037605 251.1567026823759
    endloop
  endfacet
  facet normal 0 0.9684147442344767 -0.249344908007509
    outer loop
      vertex -523 692.4773071037605 251.1567026823759
      vertex -523 693.6514720060676 255.71696666628122
      vertex -517 692.4773071037605 251.1567026823759
    endloop
  endfacet
  facet normal -7.835641155412942e-18 0.9684147442344767 -0.249344908007509
    outer loop
      vertex -517 692.4773071037605 251.1567026823759
      vertex -523 693.6514720060676 255.71696666628122
      vertex -517 693.6514720060676 255.71696666628122
    endloop
  endfacet
  facet normal 0 0.9928943862464845 -0.11899889814706932
    outer loop
      vertex -523 693.6514720060676 255.71696666628122
      vertex -523 694.033791694343 258.9069379866123
      vertex -517 693.6514720060676 255.71696666628122
    endloop
  endfacet
  facet normal -3.108353370482428e-18 0.9928943862464845 -0.11899889814706932
    outer loop
      vertex -517 693.6514720060676 255.71696666628122
      vertex -523 694.033791694343 258.9069379866123
      vertex -517 694.033791694343 258.9069379866123
    endloop
  endfacet
  facet normal 0 0.9978589222331659 -0.06540314457015549
    outer loop
      vertex -523 694.033791694343 258.9069379866123
      vertex -523 708.4452415893226 478.7831221446395
      vertex -517 694.033791694343 258.9069379866123
    endloop
  endfacet
  facet normal 0 0.7985602957614002 -0.6019148229055876
    outer loop
      vertex -517.5267578125026 659.5312499992925 205
      vertex -517 664.0537499991079 211
      vertex 437 664.0537499991079 211
    endloop
  endfacet
  facet normal -1.295915414117768e-16 0.9978589222331659 -0.06540314457015549
    outer loop
      vertex -517 694.033791694343 258.9069379866123
      vertex -523 708.4452415893226 478.7831221446395
      vertex -517 708.4452415893226 478.7831221446395
    endloop
  endfacet
  facet normal 0 0.9996969133072569 -0.024618723036402723
    outer loop
      vertex -523 708.4452415893226 478.7831221446395
      vertex -523 708.5052354666217 481.21930430829525
      vertex -517 708.4452415893226 478.7831221446395
    endloop
  endfacet
  facet normal 1.173672924974528e-19 0.9996969133072569 -0.024618723036402723
    outer loop
      vertex -517 708.4452415893226 478.7831221446395
      vertex -523 708.5052354666217 481.21930430829525
      vertex -517 708.5052354666217 481.21930430829525
    endloop
  endfacet
  facet normal 0 0.9998686490630587 0.016207548266587744
    outer loop
      vertex -523 708.5052354666217 481.21930430829525
      vertex -523 703.5423746681213 787.3858410641551
      vertex -517 708.5052354666217 481.21930430829525
    endloop
  endfacet
  facet normal -8.210745127180168e-18 0.9998686490630587 0.016207548266587744
    outer loop
      vertex -517 708.5052354666217 481.21930430829525
      vertex -523 703.5423746681213 787.3858410641551
      vertex -517 703.5423746681213 787.3858410641551
    endloop
  endfacet
  facet normal 0 0.9954777983764207 0.09499448899612169
    outer loop
      vertex -523 703.5423746681213 787.3858410641551
      vertex -523 703.0951637374609 792.0723082199693
      vertex -517 703.5423746681213 787.3858410641551
    endloop
  endfacet
  facet normal 0 0.9954777983764207 0.09499448899612169
    outer loop
      vertex -523 703.0951637374609 792.0723082199693
      vertex -517 703.0951637374609 792.0723082199693
      vertex -517 703.5423746681213 787.3858410641551
    endloop
  endfacet
  facet normal 0 0.9833956228498137 0.18147465101172355
    outer loop
      vertex -523 703.0951637374609 792.0723082199693
      vertex -523 703.0037899748236 792.567454829812
      vertex -517 703.0951637374609 792.0723082199693
    endloop
  endfacet
  facet normal 0 0.9833956228498137 0.18147465101172355
    outer loop
      vertex -523 703.0037899748236 792.567454829812
      vertex -517 703.0037899748236 792.567454829812
      vertex -517 703.0951637374609 792.0723082199693
    endloop
  endfacet
  facet normal 0 0.9818309481419902 0.18975771201877537
    outer loop
      vertex -523 703.0037899748236 792.567454829812
      vertex -523 683.2067307717725 895
      vertex -517 703.0037899748236 792.567454829812
    endloop
  endfacet
  facet normal 1.858624647963028e-14 0.98183094814199 0.18975771201877642
    outer loop
      vertex -517 703.0037899748236 792.567454829812
      vertex -523 683.2067307717725 895
      vertex -517 683.2067307717724 895
    endloop
  endfacet
  facet normal 0 -0.7985602957614002 -0.6019148229055876
    outer loop
      vertex -517 -664.0537499991079 211
      vertex 443 -659.5312499992925 205
      vertex 437 -664.0537499991079 211
    endloop
  endfacet
  facet normal -3.611142507841682e-15 -0.7985602957613986 -0.6019148229055898
    outer loop
      vertex 443 -688.067706500776 242.85931210964918
      vertex 437 -664.0537499991079 211
      vertex 443 -659.5312499992925 205
    endloop
  endfacet
  facet normal 0 -0.7985602957613983 -0.6019148229055903
    outer loop
      vertex 437 -688.067706500776 242.85931210964918
      vertex 437 -664.0537499991079 211
      vertex 443 -688.067706500776 242.85931210964918
    endloop
  endfacet
  facet normal -1.5980902319980155e-17 -0.8296921260215431 -0.5582212608078018
    outer loop
      vertex 437 -688.067706500776 242.85931210964918
      vertex 443 -689.8638135941326 245.52889139205217
      vertex 437 -689.8638135941326 245.52889139205217
    endloop
  endfacet
  facet normal 0 -0.8296921260215431 -0.5582212608078018
    outer loop
      vertex 437 -688.067706500776 242.85931210964918
      vertex 443 -688.067706500776 242.85931210964918
      vertex 443 -689.8638135941326 245.52889139205217
    endloop
  endfacet
  facet normal 0 -0.8961391817835151 -0.44377310291676286
    outer loop
      vertex 437 -689.8638135941326 245.52889139205217
      vertex 443 -689.8638135941326 245.52889139205217
      vertex 443 -691.9549405112117 249.75163664668798
    endloop
  endfacet
  facet normal 6.9287748424896664e-18 -0.8961391817835151 -0.44377310291676286
    outer loop
      vertex 437 -689.8638135941326 245.52889139205217
      vertex 443 -691.9549405112117 249.75163664668798
      vertex 437 -691.9549405112117 249.75163664668798
    endloop
  endfacet
  facet normal 1.6321551619831081e-18 -0.9546963337333025 -0.2975817708734703
    outer loop
      vertex 437 -691.9549405112117 249.75163664668798
      vertex 443 -693.3564363680407 254.24788973480463
      vertex 437 -693.3564363680407 254.24788973480463
    endloop
  endfacet
  facet normal 0 -0.9546963337333025 -0.2975817708734703
    outer loop
      vertex 437 -691.9549405112117 249.75163664668798
      vertex 443 -691.9549405112117 249.75163664668798
      vertex 443 -693.3564363680407 254.24788973480463
    endloop
  endfacet
  facet normal 0 -0.9895962522580288 -0.14387236536897516
    outer loop
      vertex 437 -693.3564363680407 254.24788973480463
      vertex 443 -693.3564363680407 254.24788973480463
      vertex 443 -694.033791694343 258.9069379866123
    endloop
  endfacet
  facet normal 1.1889512052474834e-18 -0.9895962522580288 -0.14387236536897516
    outer loop
      vertex 437 -693.3564363680407 254.24788973480463
      vertex 443 -694.033791694343 258.9069379866123
      vertex 437 -694.033791694343 258.9069379866123
    endloop
  endfacet
  facet normal 0 -0.9978589222331659 -0.06540314457015549
    outer loop
      vertex 437 -694.033791694343 258.9069379866123
      vertex 443 -694.033791694343 258.9069379866123
      vertex 443 -708.4452415893226 478.7831221446395
    endloop
  endfacet
  facet normal 1.295915414117768e-16 -0.9978589222331659 -0.06540314457015549
    outer loop
      vertex 437 -694.033791694343 258.9069379866123
      vertex 443 -708.4452415893226 478.7831221446395
      vertex 437 -708.4452415893226 478.7831221446395
    endloop
  endfacet
  facet normal 0 -0.9996969133072569 -0.024618723036402723
    outer loop
      vertex 437 -708.4452415893226 478.7831221446395
      vertex 443 -708.4452415893226 478.7831221446395
      vertex 443 -708.5052354666217 481.21930430829525
    endloop
  endfacet
  facet normal -1.173672924974528e-19 -0.9996969133072569 -0.024618723036402723
    outer loop
      vertex 437 -708.4452415893226 478.7831221446395
      vertex 443 -708.5052354666217 481.21930430829525
      vertex 437 -708.5052354666217 481.21930430829525
    endloop
  endfacet
  facet normal 0 -0.9998686490630587 0.016207548266587744
    outer loop
      vertex 437 -708.5052354666217 481.21930430829525
      vertex 443 -708.5052354666217 481.21930430829525
      vertex 443 -703.5423746681213 787.3858410641551
    endloop
  endfacet
  facet normal 8.210745127180168e-18 -0.9998686490630587 0.016207548266587744
    outer loop
      vertex 437 -708.5052354666217 481.21930430829525
      vertex 443 -703.5423746681213 787.3858410641551
      vertex 437 -703.5423746681213 787.3858410641551
    endloop
  endfacet
  facet normal 0 -0.9996964336123799 0.02463819438774742
    outer loop
      vertex 437 -703.5423746681213 787.3858410641551
      vertex 443 -703.5423746681213 787.3858410641551
      vertex 443 -703.5299711542948 787.8891144916415
    endloop
  endfacet
  facet normal -2.6920580989193006e-20 -0.9996964336123799 0.02463819438774742
    outer loop
      vertex 437 -703.5423746681213 787.3858410641551
      vertex 443 -703.5299711542948 787.8891144916415
      vertex 437 -703.5299711542948 787.8891144916415
    endloop
  endfacet
  facet normal 0 -0.9937344332260681 0.11176706232546871
    outer loop
      vertex 437 -703.5299711542948 787.8891144916415
      vertex 443 -703.5299711542948 787.8891144916415
      vertex 443 -703.0037899748236 792.567454829812
    endloop
  endfacet
  facet normal 5.2710488279332e-18 -0.9937344332260681 0.11176706232546871
    outer loop
      vertex 437 -703.5299711542948 787.8891144916415
      vertex 443 -703.0037899748236 792.567454829812
      vertex 437 -703.0037899748236 792.567454829812
    endloop
  endfacet
  facet normal 0 -0.98183094814199 0.18975771201877642
    outer loop
      vertex 437 -703.0037899748236 792.567454829812
      vertex 443 -703.0037899748236 792.567454829812
      vertex 443 -683.2067307717724 895
    endloop
  endfacet
  facet normal 1.7296132282859024e-17 -0.98183094814199 0.18975771201877642
    outer loop
      vertex 437 -703.0037899748236 792.567454829812
      vertex 443 -683.2067307717724 895
      vertex 437 -683.2067307717724 895
    endloop
  endfacet
  facet normal 0 0.7985602957614002 -0.6019148229055875
    outer loop
      vertex -517.5267578125026 659.5312499992925 205
      vertex 437 664.0537499991079 211
      vertex 443 659.5312499992925 205
    endloop
  endfacet
  facet normal -4.088149521778733e-15 0.7985602957613983 -0.6019148229055903
    outer loop
      vertex 443 659.5312499992925 205
      vertex 437 664.0537499991079 211
      vertex 437 688.067706500776 242.85931210964918
    endloop
  endfacet
  facet normal 1.708889927212605e-16 0.7985602957613986 -0.6019148229055898
    outer loop
      vertex 443 659.5312499992925 205
      vertex 437 688.067706500776 242.85931210964918
      vertex 443 688.067706500776 242.85931210964918
    endloop
  endfacet
  facet normal 0 0.8433984338797589 -0.5372886391216269
    outer loop
      vertex 437 688.067706500776 242.85931210964918
      vertex 437 690.6006487504765 246.83534914255142
      vertex 443 688.067706500776 242.85931210964918
    endloop
  endfacet
  facet normal 0 0.8433984338797589 -0.5372886391216269
    outer loop
      vertex 437 690.6006487504765 246.83534914255142
      vertex 443 690.6006487504765 246.83534914255142
      vertex 443 688.067706500776 242.85931210964918
    endloop
  endfacet
  facet normal 0 0.9172400261690955 -0.39833495251272766
    outer loop
      vertex 437 690.6006487504765 246.83534914255142
      vertex 437 692.4773071037605 251.1567026823759
      vertex 443 690.6006487504765 246.83534914255142
    endloop
  endfacet
  facet normal 3.371646045974253e-19 0.9172400261690955 -0.39833495251272766
    outer loop
      vertex 443 690.6006487504765 246.83534914255142
      vertex 437 692.4773071037605 251.1567026823759
      vertex 443 692.4773071037605 251.1567026823759
    endloop
  endfacet
  facet normal 0 0.9684147442344767 -0.249344908007509
    outer loop
      vertex 437 692.4773071037605 251.1567026823759
      vertex 437 693.6514720060676 255.71696666628122
      vertex 443 692.4773071037605 251.1567026823759
    endloop
  endfacet
  facet normal -7.835641155412942e-18 0.9684147442344767 -0.249344908007509
    outer loop
      vertex 443 692.4773071037605 251.1567026823759
      vertex 437 693.6514720060676 255.71696666628122
      vertex 443 693.6514720060676 255.71696666628122
    endloop
  endfacet
  facet normal 0 0.9928943862464845 -0.11899889814706932
    outer loop
      vertex 437 693.6514720060676 255.71696666628122
      vertex 437 694.033791694343 258.9069379866123
      vertex 443 693.6514720060676 255.71696666628122
    endloop
  endfacet
  facet normal -3.108353370482428e-18 0.9928943862464845 -0.11899889814706932
    outer loop
      vertex 443 693.6514720060676 255.71696666628122
      vertex 437 694.033791694343 258.9069379866123
      vertex 443 694.033791694343 258.9069379866123
    endloop
  endfacet
  facet normal 0 0.9978589222331659 -0.06540314457015549
    outer loop
      vertex 437 694.033791694343 258.9069379866123
      vertex 437 708.4452415893226 478.7831221446395
      vertex 443 694.033791694343 258.9069379866123
    endloop
  endfacet
  facet normal -1.295915414117768e-16 0.9978589222331659 -0.06540314457015549
    outer loop
      vertex 443 694.033791694343 258.9069379866123
      vertex 437 708.4452415893226 478.7831221446395
      vertex 443 708.4452415893226 478.7831221446395
    endloop
  endfacet
  facet normal 0 0.9996969133072569 -0.024618723036402723
    outer loop
      vertex 437 708.4452415893226 478.7831221446395
      vertex 437 708.5052354666217 481.21930430829525
      vertex 443 708.4452415893226 478.7831221446395
    endloop
  endfacet
  facet normal 1.173672924974528e-19 0.9996969133072569 -0.024618723036402723
    outer loop
      vertex 443 708.4452415893226 478.7831221446395
      vertex 437 708.5052354666217 481.21930430829525
      vertex 443 708.5052354666217 481.21930430829525
    endloop
  endfacet
  facet normal 0 0.9998686490630587 0.016207548266587744
    outer loop
      vertex 437 708.5052354666217 481.21930430829525
      vertex 437 703.5423746681213 787.3858410641551
      vertex 443 708.5052354666217 481.21930430829525
    endloop
  endfacet
  facet normal -8.210745127180168e-18 0.9998686490630587 0.016207548266587744
    outer loop
      vertex 443 708.5052354666217 481.21930430829525
      vertex 437 703.5423746681213 787.3858410641551
      vertex 443 703.5423746681213 787.3858410641551
    endloop
  endfacet
  facet normal 0 0.9954777983764207 0.09499448899612169
    outer loop
      vertex 437 703.5423746681213 787.3858410641551
      vertex 437 703.0951637374609 792.0723082199693
      vertex 443 703.5423746681213 787.3858410641551
    endloop
  endfacet
  facet normal 0 0.9833956228498137 0.18147465101172355
    outer loop
      vertex 437 703.0951637374609 792.0723082199693
      vertex 437 703.0037899748236 792.567454829812
      vertex 443 703.0951637374609 792.0723082199693
    endloop
  endfacet
  facet normal 0 0.9954777983764207 0.09499448899612169
    outer loop
      vertex 437 703.0951637374609 792.0723082199693
      vertex 443 703.0951637374609 792.0723082199693
      vertex 443 703.5423746681213 787.3858410641551
    endloop
  endfacet
  facet normal 0 0.9833956228498137 0.18147465101172355
    outer loop
      vertex 437 703.0037899748236 792.567454829812
      vertex 443 703.0037899748236 792.567454829812
      vertex 443 703.0951637374609 792.0723082199693
    endloop
  endfacet
  facet normal 0 0.98183094814199 0.18975771201877642
    outer loop
      vertex 437 703.0037899748236 792.567454829812
      vertex 437 683.2067307717724 895
      vertex 443 703.0037899748236 792.567454829812
    endloop
  endfacet
  facet normal -1.7296132282859024e-17 0.98183094814199 0.18975771201877642
    outer loop
      vertex 443 703.0037899748236 792.567454829812
      vertex 437 683.2067307717724 895
      vertex 443 683.2067307717724 895
    endloop
  endfacet
  facet normal 1 0 0
    outer loop
      vertex 443 -688.067706500776 242.85931210964918
      vertex 443 -659.5312499992925 205
      vertex 443 659.5312499992925 205
    endloop
  endfacet
  facet normal 1 0 0
    outer loop
      vertex 443 -688.067706500776 242.85931210964918
      vertex 443 659.5312499992925 205
      vertex 443 -689.8638135941326 245.52889139205217
    endloop
  endfacet
  facet normal 1 0 0
    outer loop
      vertex 443 -689.8638135941326 245.52889139205217
      vertex 443 659.5312499992925 205
      vertex 443 -691.9549405112117 249.75163664668798
    endloop
  endfacet
  facet normal 1 0 0
    outer loop
      vertex 443 -691.9549405112117 249.75163664668798
      vertex 443 659.5312499992925 205
      vertex 443 -693.3564363680407 254.24788973480463
    endloop
  endfacet
  facet normal 1 0 0
    outer loop
      vertex 443 -693.3564363680407 254.24788973480463
      vertex 443 659.5312499992925 205
      vertex 443 -694.033791694343 258.9069379866123
    endloop
  endfacet
  facet normal -1 0 0
    outer loop
      vertex 437 -688.067706500776 242.85931210964918
      vertex 437 -689.8638135941326 245.52889139205217
      vertex 437 690.6006487504765 246.83534914255142
    endloop
  endfacet
  facet normal -1 0 0
    outer loop
      vertex 437 -689.8638135941326 245.52889139205217
      vertex 437 -691.9549405112117 249.75163664668798
      vertex 437 692.4773071037605 251.1567026823759
    endloop
  endfacet
  facet normal -1 0 0
    outer loop
      vertex 437 -691.9549405112117 249.75163664668798
      vertex 437 -693.3564363680407 254.24788973480463
      vertex 437 693.6514720060676 255.71696666628122
    endloop
  endfacet
  facet normal -1 0 0
    outer loop
      vertex 437 -693.3564363680407 254.24788973480463
      vertex 437 -694.033791694343 258.9069379866123
      vertex 437 694.033791694343 258.9069379866123
    endloop
  endfacet
  facet normal -1 0 0
    outer loop
      vertex 437 -688.067706500776 242.85931210964918
      vertex 437 688.067706500776 242.85931210964918
      vertex 437 -664.0537499991079 211
    endloop
  endfacet
  facet normal 1 0 0
    outer loop
      vertex 443 -694.033791694343 258.9069379866123
      vertex 443 659.5312499992925 205
      vertex 443 -708.4452415893226 478.7831221446395
    endloop
  endfacet
  facet normal -1 0 0
    outer loop
      vertex 437 -694.033791694343 258.9069379866123
      vertex 437 -708.4452415893226 478.7831221446395
      vertex 437 694.033791694343 258.9069379866123
    endloop
  endfacet
  facet normal 1 0 0
    outer loop
      vertex 443 -708.4452415893226 478.7831221446395
      vertex 443 659.5312499992925 205
      vertex 443 -708.5052354666217 481.21930430829525
    endloop
  endfacet
  facet normal -1 0 0
    outer loop
      vertex 437 -708.4452415893226 478.7831221446395
      vertex 437 -708.5052354666217 481.21930430829525
      vertex 437 694.033791694343 258.9069379866123
    endloop
  endfacet
  facet normal 1 0 0
    outer loop
      vertex 443 -708.5052354666217 481.21930430829525
      vertex 443 659.5312499992925 205
      vertex 443 -703.5423746681213 787.3858410641551
    endloop
  endfacet
  facet normal -1 0 0
    outer loop
      vertex 437 -708.5052354666217 481.21930430829525
      vertex 437 -703.5423746681213 787.3858410641551
      vertex 437 694.033791694343 258.9069379866123
    endloop
  endfacet
  facet normal 1 0 0
    outer loop
      vertex 443 -703.5423746681213 787.3858410641551
      vertex 443 692.4773071037605 251.1567026823759
      vertex 443 -703.5299711542948 787.8891144916415
    endloop
  endfacet
  facet normal 1 0 0
    outer loop
      vertex 443 -703.5299711542948 787.8891144916415
      vertex 443 692.4773071037605 251.1567026823759
      vertex 443 -703.0037899748236 792.567454829812
    endloop
  endfacet
  facet normal -1 0 0
    outer loop
      vertex 437 -703.5423746681213 787.3858410641551
      vertex 437 -703.5299711542948 787.8891144916415
      vertex 437 694.033791694343 258.9069379866123
    endloop
  endfacet
  facet normal -1 0 0
    outer loop
      vertex 437 -703.5299711542948 787.8891144916415
      vertex 437 -703.0037899748236 792.567454829812
      vertex 437 694.033791694343 258.9069379866123
    endloop
  endfacet
  facet normal 1 0 0
    outer loop
      vertex 443 -703.0037899748236 792.567454829812
      vertex 443 692.4773071037605 251.1567026823759
      vertex 443 -683.2067307717724 895
    endloop
  endfacet
  facet normal -1 0 0
    outer loop
      vertex 437 -703.0037899748236 792.567454829812
      vertex 437 -683.2067307717724 895
      vertex 437 683.2067307717724 895
    endloop
  endfacet
  facet normal 0 0 1
    outer loop
      vertex 437 -683.2067307717724 895
      vertex 443 -683.2067307717724 895
      vertex 443 683.2067307717724 895
    endloop
  endfacet
  facet normal -1 0 0
    outer loop
      vertex 437 -664.0537499991079 211
      vertex 437 688.067706500776 242.85931210964918
      vertex 437 664.0537499991079 211
    endloop
  endfacet
  facet normal -1 0 0
    outer loop
      vertex 437 -688.067706500776 242.85931210964918
      vertex 437 690.6006487504765 246.83534914255142
      vertex 437 688.067706500776 242.85931210964918
    endloop
  endfacet
  facet normal -1 0 0
    outer loop
      vertex 437 -689.8638135941326 245.52889139205217
      vertex 437 692.4773071037605 251.1567026823759
      vertex 437 690.6006487504765 246.83534914255142
    endloop
  endfacet
  facet normal -1 0 0
    outer loop
      vertex 437 -691.9549405112117 249.75163664668798
      vertex 437 693.6514720060676 255.71696666628122
      vertex 437 692.4773071037605 251.1567026823759
    endloop
  endfacet
  facet normal -1 0 0
    outer loop
      vertex 437 -693.3564363680407 254.24788973480463
      vertex 437 694.033791694343 258.9069379866123
      vertex 437 693.6514720060676 255.71696666628122
    endloop
  endfacet
  facet normal 1 0 0
    outer loop
      vertex 443 -703.5423746681213 787.3858410641551
      vertex 443 659.5312499992925 205
      vertex 443 688.067706500776 242.85931210964918
    endloop
  endfacet
  facet normal 1 0 0
    outer loop
      vertex 443 -703.5423746681213 787.3858410641551
      vertex 443 688.067706500776 242.85931210964918
      vertex 443 690.6006487504765 246.83534914255142
    endloop
  endfacet
  facet normal 1 0 0
    outer loop
      vertex 443 -703.5423746681213 787.3858410641551
      vertex 443 690.6006487504765 246.83534914255142
      vertex 443 692.4773071037605 251.1567026823759
    endloop
  endfacet
  facet normal 1 0 0
    outer loop
      vertex 443 -683.2067307717724 895
      vertex 443 692.4773071037605 251.1567026823759
      vertex 443 693.6514720060676 255.71696666628122
    endloop
  endfacet
  facet normal 1 0 0
    outer loop
      vertex 443 -683.2067307717724 895
      vertex 443 693.6514720060676 255.71696666628122
      vertex 443 694.033791694343 258.9069379866123
    endloop
  endfacet
  facet normal -1 0 0
    outer loop
      vertex 437 -703.0037899748236 792.567454829812
      vertex 437 708.4452415893226 478.7831221446395
      vertex 437 694.033791694343 258.9069379866123
    endloop
  endfacet
  facet normal 1 0 0
    outer loop
      vertex 443 -683.2067307717724 895
      vertex 443 694.033791694343 258.9069379866123
      vertex 443 708.4452415893226 478.7831221446395
    endloop
  endfacet
  facet normal -1 0 0
    outer loop
      vertex 437 -703.0037899748236 792.567454829812
      vertex 437 708.5052354666217 481.21930430829525
      vertex 437 708.4452415893226 478.7831221446395
    endloop
  endfacet
  facet normal 1 0 0
    outer loop
      vertex 443 -683.2067307717724 895
      vertex 443 708.4452415893226 478.7831221446395
      vertex 443 708.5052354666217 481.21930430829525
    endloop
  endfacet
  facet normal -1 0 0
    outer loop
      vertex 437 -703.0037899748236 792.567454829812
      vertex 437 703.5423746681213 787.3858410641551
      vertex 437 708.5052354666217 481.21930430829525
    endloop
  endfacet
  facet normal 1 0 0
    outer loop
      vertex 443 -683.2067307717724 895
      vertex 443 708.5052354666217 481.21930430829525
      vertex 443 703.5423746681213 787.3858410641551
    endloop
  endfacet
  facet normal -1 0 0
    outer loop
      vertex 437 -703.0037899748236 792.567454829812
      vertex 437 703.0951637374609 792.0723082199693
      vertex 437 703.5423746681213 787.3858410641551
    endloop
  endfacet
  facet normal -1 0 0
    outer loop
      vertex 437 -703.0037899748236 792.567454829812
      vertex 437 703.0037899748236 792.567454829812
      vertex 437 703.0951637374609 792.0723082199693
    endloop
  endfacet
  facet normal -1 0 0
    outer loop
      vertex 437 -703.0037899748236 792.567454829812
      vertex 437 683.2067307717724 895
      vertex 437 703.0037899748236 792.567454829812
    endloop
  endfacet
  facet normal 1 0 0
    outer loop
      vertex 443 -683.2067307717724 895
      vertex 443 703.5423746681213 787.3858410641551
      vertex 443 703.0951637374609 792.0723082199693
    endloop
  endfacet
  facet normal 1 0 0
    outer loop
      vertex 443 -683.2067307717724 895
      vertex 443 703.0951637374609 792.0723082199693
      vertex 443 703.0037899748236 792.567454829812
    endloop
  endfacet
  facet normal 1 0 0
    outer loop
      vertex 443 -683.2067307717724 895
      vertex 443 703.0037899748236 792.567454829812
      vertex 443 683.2067307717724 895
    endloop
  endfacet
  facet normal 0 0 1
    outer loop
      vertex 437 -683.2067307717724 895
      vertex 443 683.2067307717724 895
      vertex 437 683.2067307717724 895
    endloop
  endfacet
  facet normal 0 0 -1
    outer loop
      vertex -522.4732421874974 -659.5312499992925 205
      vertex -523 -659.5312499992925 205
      vertex -523 659.5312499992924 205
    endloop
  endfacet
  facet normal 1 0 0
    outer loop
      vertex -517 -688.067706500776 242.85931210964918
      vertex -517 -664.0537499991079 211
      vertex -517 664.0537499991079 211
    endloop
  endfacet
  facet normal 1 0 0
    outer loop
      vertex -517 -688.067706500776 242.85931210964918
      vertex -517 708.5052354666217 481.21930430829525
      vertex -517 -689.8638135941326 245.52889139205217
    endloop
  endfacet
  facet normal 1 0 0
    outer loop
      vertex -517 -689.8638135941326 245.52889139205217
      vertex -517 708.5052354666217 481.21930430829525
      vertex -517 -691.9549405112117 249.75163664668798
    endloop
  endfacet
  facet normal 1 0 0
    outer loop
      vertex -517 -691.9549405112117 249.75163664668798
      vertex -517 708.5052354666217 481.21930430829525
      vertex -517 -693.3564363680407 254.24788973480463
    endloop
  endfacet
  facet normal 1 0 0
    outer loop
      vertex -517 -693.3564363680407 254.24788973480463
      vertex -517 708.5052354666217 481.21930430829525
      vertex -517 -694.033791694343 258.9069379866123
    endloop
  endfacet
  facet normal -1 0 0
    outer loop
      vertex -523 -688.067706500776 242.85931210964918
      vertex -523 -689.8638135941326 245.52889139205217
      vertex -523 703.5423746681213 787.3858410641551
    endloop
  endfacet
  facet normal -1 0 0
    outer loop
      vertex -523 -689.8638135941326 245.52889139205217
      vertex -523 -691.9549405112117 249.75163664668798
      vertex -523 703.5423746681213 787.3858410641551
    endloop
  endfacet
  facet normal -1 0 0
    outer loop
      vertex -523 -688.067706500776 242.85931210964918
      vertex -523 703.5423746681213 787.3858410641551
      vertex -523 -659.5312499992925 205
    endloop
  endfacet
  facet normal -1 0 0
    outer loop
      vertex -523 -691.9549405112117 249.75163664668798
      vertex -523 -693.3564363680407 254.24788973480463
      vertex -523 683.2067307717725 895
    endloop
  endfacet
  facet normal -1 0 0
    outer loop
      vertex -523 -693.3564363680407 254.24788973480463
      vertex -523 -694.033791694343 258.9069379866123
      vertex -523 683.2067307717725 895
    endloop
  endfacet
  facet normal 1 0 0
    outer loop
      vertex -517 -694.033791694343 258.9069379866123
      vertex -517 703.0037899748236 792.567454829812
      vertex -517 -708.4452415893226 478.7831221446395
    endloop
  endfacet
  facet normal -1 0 0
    outer loop
      vertex -523 -694.033791694343 258.9069379866123
      vertex -523 -708.4452415893226 478.7831221446395
      vertex -523 683.2067307717725 895
    endloop
  endfacet
  facet normal 1 0 0
    outer loop
      vertex -517 -708.4452415893226 478.7831221446395
      vertex -517 703.0037899748236 792.567454829812
      vertex -517 -708.5052354666217 481.21930430829525
    endloop
  endfacet
  facet normal -1 0 0
    outer loop
      vertex -523 -708.4452415893226 478.7831221446395
      vertex -523 -708.5052354666217 481.21930430829525
      vertex -523 683.2067307717725 895
    endloop
  endfacet
  facet normal 1 0 0
    outer loop
      vertex -517 -708.5052354666217 481.21930430829525
      vertex -517 703.0037899748236 792.567454829812
      vertex -517 -703.5423746681213 787.3858410641551
    endloop
  endfacet
  facet normal -1 0 0
    outer loop
      vertex -523 -708.5052354666217 481.21930430829525
      vertex -523 -703.5423746681213 787.3858410641551
      vertex -523 683.2067307717725 895
    endloop
  endfacet
  facet normal 1 0 0
    outer loop
      vertex -517 -703.5423746681213 787.3858410641551
      vertex -517 703.0037899748236 792.567454829812
      vertex -517 -703.5299711542948 787.8891144916415
    endloop
  endfacet
  facet normal 1 0 0
    outer loop
      vertex -517 -703.5299711542948 787.8891144916415
      vertex -517 703.0037899748236 792.567454829812
      vertex -517 -703.0037899748236 792.567454829812
    endloop
  endfacet
  facet normal -1 0 0
    outer loop
      vertex -523 -703.5423746681213 787.3858410641551
      vertex -523 -703.5299711542948 787.8891144916415
      vertex -523 683.2067307717725 895
    endloop
  endfacet
  facet normal -1 0 0
    outer loop
      vertex -523 -703.5299711542948 787.8891144916415
      vertex -523 -703.0037899748236 792.567454829812
      vertex -523 683.2067307717725 895
    endloop
  endfacet
  facet normal 1 0 0
    outer loop
      vertex -517 -703.0037899748236 792.567454829812
      vertex -517 703.0037899748236 792.567454829812
      vertex -517 -683.2067307717724 895
    endloop
  endfacet
  facet normal -1 0 0
    outer loop
      vertex -523 -703.0037899748236 792.567454829812
      vertex -523 -683.2067307717724 895
      vertex -523 683.2067307717725 895
    endloop
  endfacet
  facet normal 0 0 1
    outer loop
      vertex -523 -683.2067307717724 895
      vertex -517 -683.2067307717724 895
      vertex -517 683.2067307717724 895
    endloop
  endfacet
  facet normal 0 0 -1
    outer loop
      vertex -522.4732421874974 -659.5312499992925 205
      vertex -523 659.5312499992924 205
      vertex -517.5267578125026 659.5312499992925 205
    endloop
  endfacet
  facet normal 1 0 0
    outer loop
      vertex -517 -688.067706500776 242.85931210964918
      vertex -517 664.0537499991079 211
      vertex -517 688.067706500776 242.85931210964918
    endloop
  endfacet
  facet normal -1 0 0
    outer loop
      vertex -523 -659.5312499992925 205
      vertex -523 688.067706500776 242.85931210964918
      vertex -523 659.5312499992924 205
    endloop
  endfacet
  facet normal -1 0 0
    outer loop
      vertex -523 -659.5312499992925 205
      vertex -523 690.6006487504765 246.83534914255142
      vertex -523 688.067706500776 242.85931210964918
    endloop
  endfacet
  facet normal -1 0 0
    outer loop
      vertex -523 -659.5312499992925 205
      vertex -523 692.4773071037605 251.1567026823759
      vertex -523 690.6006487504765 246.83534914255142
    endloop
  endfacet
  facet normal -1 0 0
    outer loop
      vertex -523 -659.5312499992925 205
      vertex -523 693.6514720060676 255.71696666628122
      vertex -523 692.4773071037605 251.1567026823759
    endloop
  endfacet
  facet normal 1 0 0
    outer loop
      vertex -517 -688.067706500776 242.85931210964918
      vertex -517 688.067706500776 242.85931210964918
      vertex -517 690.6006487504765 246.83534914255142
    endloop
  endfacet
  facet normal 1 0 0
    outer loop
      vertex -517 -688.067706500776 242.85931210964918
      vertex -517 690.6006487504765 246.83534914255142
      vertex -517 692.4773071037605 251.1567026823759
    endloop
  endfacet
  facet normal -1 0 0
    outer loop
      vertex -523 -659.5312499992925 205
      vertex -523 694.033791694343 258.9069379866123
      vertex -523 693.6514720060676 255.71696666628122
    endloop
  endfacet
  facet normal 1 0 0
    outer loop
      vertex -517 -688.067706500776 242.85931210964918
      vertex -517 692.4773071037605 251.1567026823759
      vertex -517 693.6514720060676 255.71696666628122
    endloop
  endfacet
  facet normal 1 0 0
    outer loop
      vertex -517 -688.067706500776 242.85931210964918
      vertex -517 693.6514720060676 255.71696666628122
      vertex -517 694.033791694343 258.9069379866123
    endloop
  endfacet
  facet normal 1 0 0
    outer loop
      vertex -517 -688.067706500776 242.85931210964918
      vertex -517 694.033791694343 258.9069379866123
      vertex -517 708.4452415893226 478.7831221446395
    endloop
  endfacet
  facet normal -1 0 0
    outer loop
      vertex -523 -659.5312499992925 205
      vertex -523 708.4452415893226 478.7831221446395
      vertex -523 694.033791694343 258.9069379866123
    endloop
  endfacet
  facet normal -1 0 0
    outer loop
      vertex -523 -659.5312499992925 205
      vertex -523 708.5052354666217 481.21930430829525
      vertex -523 708.4452415893226 478.7831221446395
    endloop
  endfacet
  facet normal 1 0 0
    outer loop
      vertex -517 -688.067706500776 242.85931210964918
      vertex -517 708.4452415893226 478.7831221446395
      vertex -517 708.5052354666217 481.21930430829525
    endloop
  endfacet
  facet normal 1 0 0
    outer loop
      vertex -517 -694.033791694343 258.9069379866123
      vertex -517 708.5052354666217 481.21930430829525
      vertex -517 703.5423746681213 787.3858410641551
    endloop
  endfacet
  facet normal -1 0 0
    outer loop
      vertex -523 -659.5312499992925 205
      vertex -523 703.5423746681213 787.3858410641551
      vertex -523 708.5052354666217 481.21930430829525
    endloop
  endfacet
  facet normal -1 0 0
    outer loop
      vertex -523 -691.9549405112117 249.75163664668798
      vertex -523 703.0951637374609 792.0723082199693
      vertex -523 703.5423746681213 787.3858410641551
    endloop
  endfacet
  facet normal -1 0 0
    outer loop
      vertex -523 -691.9549405112117 249.75163664668798
      vertex -523 703.0037899748236 792.567454829812
      vertex -523 703.0951637374609 792.0723082199693
    endloop
  endfacet
  facet normal 1 0 0
    outer loop
      vertex -517 -694.033791694343 258.9069379866123
      vertex -517 703.5423746681213 787.3858410641551
      vertex -517 703.0951637374609 792.0723082199693
    endloop
  endfacet
  facet normal 1 0 0
    outer loop
      vertex -517 -694.033791694343 258.9069379866123
      vertex -517 703.0951637374609 792.0723082199693
      vertex -517 703.0037899748236 792.567454829812
    endloop
  endfacet
  facet normal -1 0 0
    outer loop
      vertex -523 -691.9549405112117 249.75163664668798
      vertex -523 683.2067307717725 895
      vertex -523 703.0037899748236 792.567454829812
    endloop
  endfacet
  facet normal 1 0 0
    outer loop
      vertex -517 -683.2067307717724 895
      vertex -517 703.0037899748236 792.567454829812
      vertex -517 683.2067307717724 895
    endloop
  endfacet
  facet normal 0 0 1
    outer loop
      vertex -523 -683.2067307717724 895
      vertex -517 683.2067307717724 895
      vertex -523 683.2067307717725 895
    endloop
  endfacet
  facet normal 0 0 -1
    outer loop
      vertex -522.4732421874974 -659.5312499992925 205
      vertex -517.5267578125026 659.5312499992925 205
      vertex 443 -659.5312499992925 205
    endloop
  endfacet
  facet normal 0 0 1
    outer loop
      vertex -517 -664.0537499991079 211
      vertex 437 664.0537499991079 211
      vertex -517 664.0537499991079 211
    endloop
  endfacet
  facet normal 0 0 1
    outer loop
      vertex -517 -664.0537499991079 211
      vertex 437 -664.0537499991079 211
      vertex 437 664.0537499991079 211
    endloop
  endfacet
  facet normal 0 0 -1
    outer loop
      vertex -517.5267578125026 659.5312499992925 205
      vertex 443 659.5312499992925 205
      vertex 443 -659.5312499992925 205
    endloop
  endfacet
  facet normal -0.9762960071199333 -1.7036616581507638e-17 -0.2164396139381035
    outer loop
      vertex 709.7722375212355 -562 172
      vertex 705.5424818493498 -562 191.07919487758784
      vertex 705.5424818493498 -542 191.07919487758784
    endloop
  endfacet
  facet normal -0.9762960071199333 0 -0.2164396139381035
    outer loop
      vertex 709.7722375212355 -562 172
      vertex 705.5424818493498 -542 191.07919487758784
      vertex 709.7722375212355 -542 172
    endloop
  endfacet
  facet normal -0.9914448613738105 -2.748900233971388e-19 -0.13052619222005082
    outer loop
      vertex 705.5424818493498 -562 191.07919487758784
      vertex 702.1377852705681 -562 216.9404329184502
      vertex 702.1377852705681 -542 216.9404329184502
    endloop
  endfacet
  facet normal -0.9914448613738105 0 -0.13052619222005082
    outer loop
      vertex 705.5424818493498 -562 191.07919487758784
      vertex 702.1377852705681 -542 216.9404329184502
      vertex 705.5424818493498 -542 191.07919487758784
    endloop
  endfacet
  facet normal -0.9990482215818577 -7.862336125828525e-19 -0.04361938736533607
    outer loop
      vertex 702.1377852705681 -562 216.9404329184502
      vertex 701 -562 243
      vertex 701 -542 243
    endloop
  endfacet
  facet normal -0.9990482215818577 0 -0.04361938736533607
    outer loop
      vertex 702.1377852705681 -562 216.9404329184502
      vertex 701 -542 243
      vertex 702.1377852705681 -542 216.9404329184502
    endloop
  endfacet
  facet normal -0.9990482215818577 7.862336125828525e-19 0.04361938736533607
    outer loop
      vertex 701 -562 243
      vertex 702.1377852705681 -562 269.0595670815498
      vertex 702.1377852705681 -542 269.0595670815498
    endloop
  endfacet
  facet normal -0.9990482215818577 0 0.04361938736533607
    outer loop
      vertex 701 -562 243
      vertex 702.1377852705681 -542 269.0595670815498
      vertex 701 -542 243
    endloop
  endfacet
  facet normal 0 -1 0
    outer loop
      vertex 709.7722375212355 -562 172
      vertex 1290.2277624787646 -562 172
      vertex 705.5424818493498 -562 191.07919487758784
    endloop
  endfacet
  facet normal 0 1 0
    outer loop
      vertex 709.7722375212355 -542 172
      vertex 705.5424818493498 -542 191.07919487758784
      vertex 1294.4575181506502 -542 191.07919487758784
    endloop
  endfacet
  facet normal 0 -1 0
    outer loop
      vertex 705.5424818493498 -562 191.07919487758784
      vertex 1297.8622147294318 -562 216.9404329184502
      vertex 702.1377852705681 -562 216.9404329184502
    endloop
  endfacet
  facet normal 0 1 0
    outer loop
      vertex 705.5424818493498 -542 191.07919487758784
      vertex 702.1377852705681 -542 216.9404329184502
      vertex 1294.4575181506502 -542 191.07919487758784
    endloop
  endfacet
  facet normal 0 -1 0
    outer loop
      vertex 702.1377852705681 -562 216.9404329184502
      vertex 1299 -562 243
      vertex 701 -562 243
    endloop
  endfacet
  facet normal 0 1 0
    outer loop
      vertex 702.1377852705681 -542 216.9404329184502
      vertex 701 -542 243
      vertex 1297.8622147294318 -542 216.9404329184502
    endloop
  endfacet
  facet normal 0 -1 0
    outer loop
      vertex 701 -562 243
      vertex 1297.8622147294318 -562 269.0595670815498
      vertex 702.1377852705681 -562 269.0595670815498
    endloop
  endfacet
  facet normal 0 1 0
    outer loop
      vertex 701 -542 243
      vertex 702.1377852705681 -542 269.0595670815498
      vertex 1299 -542 243
    endloop
  endfacet
  facet normal -0.9914448613738105 0 0.13052619222005082
    outer loop
      vertex 702.1377852705681 -562 269.0595670815498
      vertex 705.5424818493498 -542 294.92080512241216
      vertex 702.1377852705681 -542 269.0595670815498
    endloop
  endfacet
  facet normal -0.9914448613738105 2.748900233971388e-19 0.13052619222005082
    outer loop
      vertex 702.1377852705681 -562 269.0595670815498
      vertex 705.5424818493498 -562 294.92080512241216
      vertex 705.5424818493498 -542 294.92080512241216
    endloop
  endfacet
  facet normal -0.9762960071199338 0 0.216439613938101
    outer loop
      vertex 705.5424818493498 -562 294.92080512241216
      vertex 711.1881779395685 -542 320.38689448565367
      vertex 705.5424818493498 -542 294.92080512241216
    endloop
  endfacet
  facet normal -0.9762960071199338 1.6672384671275636e-18 0.216439613938101
    outer loop
      vertex 705.5424818493498 -562 294.92080512241216
      vertex 711.1881779395685 -562 320.38689448565367
      vertex 711.1881779395685 -542 320.38689448565367
    endloop
  endfacet
  facet normal -0.9537169507482265 0 0.3007057995042746
    outer loop
      vertex 711.1881779395685 -562 320.38689448565367
      vertex 719.0319063850134 -542 345.26402285437496
      vertex 711.1881779395685 -542 320.38689448565367
    endloop
  endfacet
  facet normal -0.9537169507482265 3.0182150309629907e-18 0.3007057995042746
    outer loop
      vertex 711.1881779395685 -562 320.38689448565367
      vertex 719.0319063850134 -562 345.26402285437496
      vertex 719.0319063850134 -542 345.26402285437496
    endloop
  endfacet
  facet normal 0 1 0
    outer loop
      vertex 702.1377852705681 -542 269.0595670815498
      vertex 705.5424818493498 -542 294.92080512241216
      vertex 1297.8622147294318 -542 269.0595670815498
    endloop
  endfacet
  facet normal 0 -1 0
    outer loop
      vertex 702.1377852705681 -562 269.0595670815498
      vertex 1294.4575181506502 -562 294.92080512241216
      vertex 705.5424818493498 -562 294.92080512241216
    endloop
  endfacet
  facet normal 0 1 0
    outer loop
      vertex 705.5424818493498 -542 294.92080512241216
      vertex 711.1881779395685 -542 320.38689448565367
      vertex 1294.4575181506502 -542 294.92080512241216
    endloop
  endfacet
  facet normal 0 -1 0
    outer loop
      vertex 705.5424818493498 -562 294.92080512241216
      vertex 1288.8118220604315 -562 320.38689448565367
      vertex 711.1881779395685 -562 320.38689448565367
    endloop
  endfacet
  facet normal 0 1 0
    outer loop
      vertex 711.1881779395685 -542 320.38689448565367
      vertex 719.0319063850134 -542 345.26402285437496
      vertex 1288.8118220604315 -542 320.38689448565367
    endloop
  endfacet
  facet normal 0 -1 0
    outer loop
      vertex 711.1881779395685 -562 320.38689448565367
      vertex 1280.9680936149866 -562 345.26402285437496
      vertex 719.0319063850134 -562 345.26402285437496
    endloop
  endfacet
  facet normal 0 -1 0
    outer loop
      vertex 705.5424818493498 -562 191.07919487758784
      vertex 1290.2277624787646 -562 172
      vertex 1294.4575181506502 -562 191.07919487758784
    endloop
  endfacet
  facet normal 0 1 0
    outer loop
      vertex 709.7722375212355 -542 172
      vertex 1294.4575181506502 -542 191.07919487758784
      vertex 1290.2277624787646 -542 172
    endloop
  endfacet
  facet normal 0 -1 0
    outer loop
      vertex 705.5424818493498 -562 191.07919487758784
      vertex 1294.4575181506502 -562 191.07919487758784
      vertex 1297.8622147294318 -562 216.9404329184502
    endloop
  endfacet
  facet normal 0 1 0
    outer loop
      vertex 702.1377852705681 -542 216.9404329184502
      vertex 1297.8622147294318 -542 216.9404329184502
      vertex 1294.4575181506502 -542 191.07919487758784
    endloop
  endfacet
  facet normal 0 -1 0
    outer loop
      vertex 702.1377852705681 -562 216.9404329184502
      vertex 1297.8622147294318 -562 216.9404329184502
      vertex 1299 -562 243
    endloop
  endfacet
  facet normal 0 1 0
    outer loop
      vertex 701 -542 243
      vertex 1299 -542 243
      vertex 1297.8622147294318 -542 216.9404329184502
    endloop
  endfacet
  facet normal 0 -1 0
    outer loop
      vertex 701 -562 243
      vertex 1299 -562 243
      vertex 1297.8622147294318 -562 269.0595670815498
    endloop
  endfacet
  facet normal 0 1 0
    outer loop
      vertex 1299 -542 243
      vertex 702.1377852705681 -542 269.0595670815498
      vertex 1297.8622147294318 -542 269.0595670815498
    endloop
  endfacet
  facet normal 0.9762960071199346 0 -0.21643961393809794
    outer loop
      vertex 1290.2277624787646 -562 172
      vertex 1290.2277624787646 -542 172
      vertex 1294.4575181506502 -562 191.07919487758784
    endloop
  endfacet
  facet normal 0.9762960071199346 -5.998942212742634e-18 -0.21643961393809794
    outer loop
      vertex 1290.2277624787646 -542 172
      vertex 1294.4575181506502 -542 191.07919487758784
      vertex 1294.4575181506502 -562 191.07919487758784
    endloop
  endfacet
  facet normal 0.991444861373811 0 -0.13052619222004655
    outer loop
      vertex 1294.4575181506502 -562 191.07919487758784
      vertex 1294.4575181506502 -542 191.07919487758784
      vertex 1297.8622147294318 -562 216.9404329184502
    endloop
  endfacet
  facet normal 0.991444861373811 3.2739124207299973e-18 -0.13052619222004655
    outer loop
      vertex 1294.4575181506502 -542 191.07919487758784
      vertex 1297.8622147294318 -542 216.9404329184502
      vertex 1297.8622147294318 -562 216.9404329184502
    endloop
  endfacet
  facet normal 0.9990482215818575 0 -0.04361938736534042
    outer loop
      vertex 1297.8622147294318 -562 216.9404329184502
      vertex 1297.8622147294318 -542 216.9404329184502
      vertex 1299 -562 243
    endloop
  endfacet
  facet normal 0.9990482215818575 1.4708855818137139e-19 -0.04361938736534042
    outer loop
      vertex 1297.8622147294318 -542 216.9404329184502
      vertex 1299 -542 243
      vertex 1299 -562 243
    endloop
  endfacet
  facet normal 0.9990482215818575 0 0.04361938736534042
    outer loop
      vertex 1299 -562 243
      vertex 1299 -542 243
      vertex 1297.8622147294318 -562 269.0595670815498
    endloop
  endfacet
  facet normal 0.9990482215818575 -1.4708855818137139e-19 0.04361938736534042
    outer loop
      vertex 1299 -542 243
      vertex 1297.8622147294318 -542 269.0595670815498
      vertex 1297.8622147294318 -562 269.0595670815498
    endloop
  endfacet
  facet normal 0 -1 0
    outer loop
      vertex 702.1377852705681 -562 269.0595670815498
      vertex 1297.8622147294318 -562 269.0595670815498
      vertex 1294.4575181506502 -562 294.92080512241216
    endloop
  endfacet
  facet normal 0 -1 0
    outer loop
      vertex 705.5424818493498 -562 294.92080512241216
      vertex 1294.4575181506502 -562 294.92080512241216
      vertex 1288.8118220604315 -562 320.38689448565367
    endloop
  endfacet
  facet normal 0 1 0
    outer loop
      vertex 705.5424818493498 -542 294.92080512241216
      vertex 1294.4575181506502 -542 294.92080512241216
      vertex 1297.8622147294318 -542 269.0595670815498
    endloop
  endfacet
  facet normal 0 -1 0
    outer loop
      vertex 711.1881779395685 -562 320.38689448565367
      vertex 1288.8118220604315 -562 320.38689448565367
      vertex 1280.9680936149866 -562 345.26402285437496
    endloop
  endfacet
  facet normal 0 1 0
    outer loop
      vertex 711.1881779395685 -542 320.38689448565367
      vertex 1288.8118220604315 -542 320.38689448565367
      vertex 1294.4575181506502 -542 294.92080512241216
    endloop
  endfacet
  facet normal 0 1 0
    outer loop
      vertex 719.0319063850134 -542 345.26402285437496
      vertex 1280.9680936149866 -542 345.26402285437496
      vertex 1288.8118220604315 -542 320.38689448565367
    endloop
  endfacet
  facet normal 0.991444861373811 0 0.13052619222004655
    outer loop
      vertex 1297.8622147294318 -562 269.0595670815498
      vertex 1297.8622147294318 -542 269.0595670815498
      vertex 1294.4575181506502 -562 294.92080512241216
    endloop
  endfacet
  facet normal 0.9762960071199338 0 0.216439613938101
    outer loop
      vertex 1294.4575181506502 -562 294.92080512241216
      vertex 1294.4575181506502 -542 294.92080512241216
      vertex 1288.8118220604315 -562 320.38689448565367
    endloop
  endfacet
  facet normal 0.991444861373811 -3.2739124207299973e-18 0.13052619222004655
    outer loop
      vertex 1297.8622147294318 -542 269.0595670815498
      vertex 1294.4575181506502 -542 294.92080512241216
      vertex 1294.4575181506502 -562 294.92080512241216
    endloop
  endfacet
  facet normal 0.9537169507482265 0 0.3007057995042746
    outer loop
      vertex 1288.8118220604315 -562 320.38689448565367
      vertex 1288.8118220604315 -542 320.38689448565367
      vertex 1280.9680936149866 -562 345.26402285437496
    endloop
  endfacet
  facet normal 0.9762960071199338 -1.6672384671275636e-18 0.216439613938101
    outer loop
      vertex 1294.4575181506502 -542 294.92080512241216
      vertex 1288.8118220604315 -542 320.38689448565367
      vertex 1288.8118220604315 -562 320.38689448565367
    endloop
  endfacet
  facet normal 0.9537169507482265 -3.0182150309629907e-18 0.3007057995042746
    outer loop
      vertex 1288.8118220604315 -542 320.38689448565367
      vertex 1280.9680936149866 -542 345.26402285437496
      vertex 1280.9680936149866 -562 345.26402285437496
    endloop
  endfacet
  facet normal -0.9238795325112874 0 0.3826834323650885
    outer loop
      vertex 719.0319063850134 -562 345.26402285437496
      vertex 729.0139716760416 -542 369.3628602604691
      vertex 719.0319063850134 -542 345.26402285437496
    endloop
  endfacet
  facet normal -0.9238795325112874 3.0161549050794077e-18 0.3826834323650885
    outer loop
      vertex 719.0319063850134 -562 345.26402285437496
      vertex 729.0139716760416 -562 369.3628602604691
      vertex 729.0139716760416 -542 369.3628602604691
    endloop
  endfacet
  facet normal -0.8870108331782194 1.783323220161976e-17 0.46174861323503846
    outer loop
      vertex 729.0139716760416 -562 369.3628602604691
      vertex 741.0584042684529 -562 392.5
      vertex 741.0584042684529 -542 392.5
    endloop
  endfacet
  facet normal -0.8870108331782194 0 0.46174861323503846
    outer loop
      vertex 729.0139716760416 -562 369.3628602604691
      vertex 741.0584042684529 -542 392.5
      vertex 729.0139716760416 -542 369.3628602604691
    endloop
  endfacet
  facet normal -0.8433914458128875 1.6701927099817688e-17 0.5372996083468212
    outer loop
      vertex 741.0584042684529 -562 392.5
      vertex 755.0735387575915 -562 414.4993544689628
      vertex 755.0735387575915 -542 414.4993544689628
    endloop
  endfacet
  facet normal -0.8433914458128875 0 0.5372996083468212
    outer loop
      vertex 741.0584042684529 -562 392.5
      vertex 755.0735387575915 -542 414.4993544689628
      vertex 741.0584042684529 -542 392.5
    endloop
  endfacet
  facet normal -0.7933533402912358 0 0.6087614290087199
    outer loop
      vertex 755.0735387575915 -562 414.4993544689628
      vertex 770.9527115074255 -542 435.1934952962753
      vertex 755.0735387575915 -542 414.4993544689628
    endloop
  endfacet
  facet normal -0.7933533402912358 -6.567497966084557e-18 0.6087614290087199
    outer loop
      vertex 755.0735387575915 -562 414.4993544689628
      vertex 770.9527115074255 -562 435.1934952962753
      vertex 770.9527115074255 -542 435.1934952962753
    endloop
  endfacet
  facet normal -0.7372773368101232 0 0.6755902076156611
    outer loop
      vertex 770.9527115074255 -562 435.1934952962753
      vertex 788.5750724252223 -542 454.4249275747777
      vertex 770.9527115074255 -542 435.1934952962753
    endloop
  endfacet
  facet normal 0 -1 0
    outer loop
      vertex 719.0319063850134 -562 345.26402285437496
      vertex 1270.9860283239584 -562 369.3628602604691
      vertex 729.0139716760416 -562 369.3628602604691
    endloop
  endfacet
  facet normal 0 1 0
    outer loop
      vertex 719.0319063850134 -542 345.26402285437496
      vertex 729.0139716760416 -542 369.3628602604691
      vertex 1280.9680936149866 -542 345.26402285437496
    endloop
  endfacet
  facet normal 0 -1 0
    outer loop
      vertex 729.0139716760416 -562 369.3628602604691
      vertex 1258.941595731547 -562 392.5
      vertex 741.0584042684529 -562 392.5
    endloop
  endfacet
  facet normal 0 1 0
    outer loop
      vertex 729.0139716760416 -542 369.3628602604691
      vertex 741.0584042684529 -542 392.5
      vertex 1270.9860283239584 -542 369.3628602604691
    endloop
  endfacet
  facet normal 0 -1 0
    outer loop
      vertex 741.0584042684529 -562 392.5
      vertex 1244.9264612424085 -562 414.4993544689628
      vertex 755.0735387575915 -562 414.4993544689628
    endloop
  endfacet
  facet normal 0 1 0
    outer loop
      vertex 741.0584042684529 -542 392.5
      vertex 755.0735387575915 -542 414.4993544689628
      vertex 1258.941595731547 -542 392.5
    endloop
  endfacet
  facet normal 0 -1 0
    outer loop
      vertex 755.0735387575915 -562 414.4993544689628
      vertex 1229.0472884925744 -562 435.1934952962753
      vertex 770.9527115074255 -562 435.1934952962753
    endloop
  endfacet
  facet normal 0 1 0
    outer loop
      vertex 755.0735387575915 -542 414.4993544689628
      vertex 770.9527115074255 -542 435.1934952962753
      vertex 1244.9264612424085 -542 414.4993544689628
    endloop
  endfacet
  facet normal 0 1 0
    outer loop
      vertex 770.9527115074255 -542 435.1934952962753
      vertex 788.5750724252223 -542 454.4249275747777
      vertex 1229.0472884925744 -542 435.1934952962753
    endloop
  endfacet
  facet normal -0.7372773368101232 4.6067628120723416e-17 0.6755902076156611
    outer loop
      vertex 770.9527115074255 -562 435.1934952962753
      vertex 788.5750724252223 -562 454.4249275747777
      vertex 788.5750724252223 -542 454.4249275747777
    endloop
  endfacet
  facet normal -0.6755902076156611 0 0.7372773368101232
    outer loop
      vertex 788.5750724252223 -562 454.4249275747777
      vertex 807.8065047037247 -562 472.04728849257447
      vertex 788.5750724252223 -542 454.4249275747777
    endloop
  endfacet
  facet normal -0.6755902076156611 4.6067628120723416e-17 0.7372773368101232
    outer loop
      vertex 788.5750724252223 -542 454.4249275747777
      vertex 807.8065047037247 -562 472.04728849257447
      vertex 807.8065047037247 -542 472.04728849257447
    endloop
  endfacet
  facet normal -0.6087614290087199 0 0.7933533402912358
    outer loop
      vertex 807.8065047037247 -562 472.04728849257447
      vertex 828.5006455310372 -562 487.92646124240855
      vertex 807.8065047037247 -542 472.04728849257447
    endloop
  endfacet
  facet normal -0.6087614290087199 -6.567497966084557e-18 0.7933533402912358
    outer loop
      vertex 807.8065047037247 -542 472.04728849257447
      vertex 828.5006455310372 -562 487.92646124240855
      vertex 828.5006455310372 -542 487.92646124240855
    endloop
  endfacet
  facet normal 0 -1 0
    outer loop
      vertex 770.9527115074255 -562 435.1934952962753
      vertex 1211.4249275747777 -562 454.4249275747777
      vertex 788.5750724252223 -562 454.4249275747777
    endloop
  endfacet
  facet normal 0 1 0
    outer loop
      vertex 788.5750724252223 -542 454.4249275747777
      vertex 807.8065047037247 -542 472.04728849257447
      vertex 1211.4249275747777 -542 454.4249275747777
    endloop
  endfacet
  facet normal 0 -1 0
    outer loop
      vertex 788.5750724252223 -562 454.4249275747777
      vertex 1192.1934952962752 -562 472.04728849257447
      vertex 807.8065047037247 -562 472.04728849257447
    endloop
  endfacet
  facet normal 0 -1 0
    outer loop
      vertex 807.8065047037247 -562 472.04728849257447
      vertex 1171.4993544689628 -562 487.92646124240855
      vertex 828.5006455310372 -562 487.92646124240855
    endloop
  endfacet
  facet normal 0 1 0
    outer loop
      vertex 807.8065047037247 -542 472.04728849257447
      vertex 828.5006455310372 -542 487.92646124240855
      vertex 1192.1934952962752 -542 472.04728849257447
    endloop
  endfacet
  facet normal -0.5372996083468227 0 0.8433914458128864
    outer loop
      vertex 828.5006455310372 -562 487.92646124240855
      vertex 850.5 -562 501.9415957315471
      vertex 828.5006455310372 -542 487.92646124240855
    endloop
  endfacet
  facet normal -0.5372996083468227 1.663158965660204e-17 0.8433914458128864
    outer loop
      vertex 828.5006455310372 -542 487.92646124240855
      vertex 850.5 -562 501.9415957315471
      vertex 850.5 -542 501.9415957315471
    endloop
  endfacet
  facet normal -0.4617486132350368 0 0.8870108331782204
    outer loop
      vertex 850.5 -562 501.9415957315471
      vertex 873.6371397395309 -562 513.9860283239584
      vertex 850.5 -542 501.9415957315471
    endloop
  endfacet
  facet normal -0.4617486132350368 2.890405155555146e-18 0.8870108331782204
    outer loop
      vertex 850.5 -542 501.9415957315471
      vertex 873.6371397395309 -562 513.9860283239584
      vertex 873.6371397395309 -542 513.9860283239584
    endloop
  endfacet
  facet normal -0.3826834323650885 0 0.9238795325112874
    outer loop
      vertex 873.6371397395309 -562 513.9860283239584
      vertex 897.735977145625 -562 523.9680936149866
      vertex 873.6371397395309 -542 513.9860283239584
    endloop
  endfacet
  facet normal 0 -1 0
    outer loop
      vertex 828.5006455310372 -562 487.92646124240855
      vertex 1149.5 -562 501.9415957315471
      vertex 850.5 -562 501.9415957315471
    endloop
  endfacet
  facet normal 0 -1 0
    outer loop
      vertex 850.5 -562 501.9415957315471
      vertex 1126.3628602604692 -562 513.9860283239584
      vertex 873.6371397395309 -562 513.9860283239584
    endloop
  endfacet
  facet normal 0 1 0
    outer loop
      vertex 828.5006455310372 -542 487.92646124240855
      vertex 850.5 -542 501.9415957315471
      vertex 1171.4993544689628 -542 487.92646124240855
    endloop
  endfacet
  facet normal 0 1 0
    outer loop
      vertex 850.5 -542 501.9415957315471
      vertex 873.6371397395309 -542 513.9860283239584
      vertex 1149.5 -542 501.9415957315471
    endloop
  endfacet
  facet normal -0.3007057995042746 0 0.9537169507482265
    outer loop
      vertex 897.735977145625 -562 523.9680936149866
      vertex 922.6131055143463 -562 531.8118220604315
      vertex 897.735977145625 -542 523.9680936149866
    endloop
  endfacet
  facet normal -0.3826834323650885 3.0161549050794077e-18 0.9238795325112874
    outer loop
      vertex 873.6371397395309 -542 513.9860283239584
      vertex 897.735977145625 -562 523.9680936149866
      vertex 897.735977145625 -542 523.9680936149866
    endloop
  endfacet
  facet normal -0.3007057995042746 3.0182150309629907e-18 0.9537169507482265
    outer loop
      vertex 897.735977145625 -542 523.9680936149866
      vertex 922.6131055143463 -562 531.8118220604315
      vertex 922.6131055143463 -542 531.8118220604315
    endloop
  endfacet
  facet normal 0 -1 0
    outer loop
      vertex 873.6371397395309 -562 513.9860283239584
      vertex 1102.2640228543748 -562 523.9680936149866
      vertex 897.735977145625 -562 523.9680936149866
    endloop
  endfacet
  facet normal 0 -1 0
    outer loop
      vertex 897.735977145625 -562 523.9680936149866
      vertex 1077.3868944856538 -562 531.8118220604315
      vertex 922.6131055143463 -562 531.8118220604315
    endloop
  endfacet
  facet normal 0 1 0
    outer loop
      vertex 873.6371397395309 -542 513.9860283239584
      vertex 897.735977145625 -542 523.9680936149866
      vertex 1126.3628602604692 -542 513.9860283239584
    endloop
  endfacet
  facet normal 0 -1 0
    outer loop
      vertex 719.0319063850134 -562 345.26402285437496
      vertex 1280.9680936149866 -562 345.26402285437496
      vertex 1270.9860283239584 -562 369.3628602604691
    endloop
  endfacet
  facet normal 0 1 0
    outer loop
      vertex 1280.9680936149866 -542 345.26402285437496
      vertex 729.0139716760416 -542 369.3628602604691
      vertex 1270.9860283239584 -542 369.3628602604691
    endloop
  endfacet
  facet normal 0 -1 0
    outer loop
      vertex 729.0139716760416 -562 369.3628602604691
      vertex 1270.9860283239584 -562 369.3628602604691
      vertex 1258.941595731547 -562 392.5
    endloop
  endfacet
  facet normal 0 1 0
    outer loop
      vertex 741.0584042684529 -542 392.5
      vertex 1258.941595731547 -542 392.5
      vertex 1270.9860283239584 -542 369.3628602604691
    endloop
  endfacet
  facet normal 0 -1 0
    outer loop
      vertex 741.0584042684529 -562 392.5
      vertex 1258.941595731547 -562 392.5
      vertex 1244.9264612424085 -562 414.4993544689628
    endloop
  endfacet
  facet normal 0 1 0
    outer loop
      vertex 755.0735387575915 -542 414.4993544689628
      vertex 1244.9264612424085 -542 414.4993544689628
      vertex 1258.941595731547 -542 392.5
    endloop
  endfacet
  facet normal 0 -1 0
    outer loop
      vertex 755.0735387575915 -562 414.4993544689628
      vertex 1244.9264612424085 -562 414.4993544689628
      vertex 1229.0472884925744 -562 435.1934952962753
    endloop
  endfacet
  facet normal 0 -1 0
    outer loop
      vertex 770.9527115074255 -562 435.1934952962753
      vertex 1229.0472884925744 -562 435.1934952962753
      vertex 1211.4249275747777 -562 454.4249275747777
    endloop
  endfacet
  facet normal 0 1 0
    outer loop
      vertex 770.9527115074255 -542 435.1934952962753
      vertex 1229.0472884925744 -542 435.1934952962753
      vertex 1244.9264612424085 -542 414.4993544689628
    endloop
  endfacet
  facet normal 0.9238795325112874 0 0.3826834323650885
    outer loop
      vertex 1280.9680936149866 -562 345.26402285437496
      vertex 1280.9680936149866 -542 345.26402285437496
      vertex 1270.9860283239584 -562 369.3628602604691
    endloop
  endfacet
  facet normal 0.9238795325112874 -3.0161549050794077e-18 0.3826834323650885
    outer loop
      vertex 1280.9680936149866 -542 345.26402285437496
      vertex 1270.9860283239584 -542 369.3628602604691
      vertex 1270.9860283239584 -562 369.3628602604691
    endloop
  endfacet
  facet normal 0.8870108331782194 0 0.46174861323503846
    outer loop
      vertex 1270.9860283239584 -562 369.3628602604691
      vertex 1270.9860283239584 -542 369.3628602604691
      vertex 1258.941595731547 -562 392.5
    endloop
  endfacet
  facet normal 0.8870108331782194 -1.783323220161976e-17 0.46174861323503846
    outer loop
      vertex 1270.9860283239584 -542 369.3628602604691
      vertex 1258.941595731547 -542 392.5
      vertex 1258.941595731547 -562 392.5
    endloop
  endfacet
  facet normal 0.8433914458128875 0 0.5372996083468212
    outer loop
      vertex 1258.941595731547 -562 392.5
      vertex 1258.941595731547 -542 392.5
      vertex 1244.9264612424085 -562 414.4993544689628
    endloop
  endfacet
  facet normal 0.8433914458128875 -1.6701927099817688e-17 0.5372996083468212
    outer loop
      vertex 1258.941595731547 -542 392.5
      vertex 1244.9264612424085 -542 414.4993544689628
      vertex 1244.9264612424085 -562 414.4993544689628
    endloop
  endfacet
  facet normal 0.7933533402912337 0 0.6087614290087227
    outer loop
      vertex 1244.9264612424085 -562 414.4993544689628
      vertex 1244.9264612424085 -542 414.4993544689628
      vertex 1229.0472884925744 -562 435.1934952962753
    endloop
  endfacet
  facet normal 0.7372773368101254 0 0.6755902076156588
    outer loop
      vertex 1229.0472884925744 -562 435.1934952962753
      vertex 1229.0472884925744 -542 435.1934952962753
      vertex 1211.4249275747777 -562 454.4249275747777
    endloop
  endfacet
  facet normal 0.7933533402912337 -3.57399005317384e-17 0.6087614290087227
    outer loop
      vertex 1244.9264612424085 -542 414.4993544689628
      vertex 1229.0472884925744 -542 435.1934952962753
      vertex 1229.0472884925744 -562 435.1934952962753
    endloop
  endfacet
  facet normal 0 -1 0
    outer loop
      vertex 788.5750724252223 -562 454.4249275747777
      vertex 1211.4249275747777 -562 454.4249275747777
      vertex 1192.1934952962752 -562 472.04728849257447
    endloop
  endfacet
  facet normal 0 1 0
    outer loop
      vertex 1229.0472884925744 -542 435.1934952962753
      vertex 788.5750724252223 -542 454.4249275747777
      vertex 1211.4249275747777 -542 454.4249275747777
    endloop
  endfacet
  facet normal 0 -1 0
    outer loop
      vertex 807.8065047037247 -562 472.04728849257447
      vertex 1192.1934952962752 -562 472.04728849257447
      vertex 1171.4993544689628 -562 487.92646124240855
    endloop
  endfacet
  facet normal 0 1 0
    outer loop
      vertex 807.8065047037247 -542 472.04728849257447
      vertex 1192.1934952962752 -542 472.04728849257447
      vertex 1211.4249275747777 -542 454.4249275747777
    endloop
  endfacet
  facet normal 0 1 0
    outer loop
      vertex 828.5006455310372 -542 487.92646124240855
      vertex 1171.4993544689628 -542 487.92646124240855
      vertex 1192.1934952962752 -542 472.04728849257447
    endloop
  endfacet
  facet normal 0 -1 0
    outer loop
      vertex 828.5006455310372 -562 487.92646124240855
      vertex 1171.4993544689628 -562 487.92646124240855
      vertex 1149.5 -562 501.9415957315471
    endloop
  endfacet
  facet normal 0 -1 0
    outer loop
      vertex 850.5 -562 501.9415957315471
      vertex 1149.5 -562 501.9415957315471
      vertex 1126.3628602604692 -562 513.9860283239584
    endloop
  endfacet
  facet normal 0 1 0
    outer loop
      vertex 873.6371397395309 -542 513.9860283239584
      vertex 1126.3628602604692 -542 513.9860283239584
      vertex 1149.5 -542 501.9415957315471
    endloop
  endfacet
  facet normal 0 1 0
    outer loop
      vertex 897.735977145625 -542 523.9680936149866
      vertex 922.6131055143463 -542 531.8118220604315
      vertex 1102.2640228543748 -542 523.9680936149866
    endloop
  endfacet
  facet normal 0 -1 0
    outer loop
      vertex 873.6371397395309 -562 513.9860283239584
      vertex 1126.3628602604692 -562 513.9860283239584
      vertex 1102.2640228543748 -562 523.9680936149866
    endloop
  endfacet
  facet normal 0 -1 0
    outer loop
      vertex 897.735977145625 -562 523.9680936149866
      vertex 1102.2640228543748 -562 523.9680936149866
      vertex 1077.3868944856538 -562 531.8118220604315
    endloop
  endfacet
  facet normal 0 1 0
    outer loop
      vertex 897.735977145625 -542 523.9680936149866
      vertex 1102.2640228543748 -542 523.9680936149866
      vertex 1126.3628602604692 -542 513.9860283239584
    endloop
  endfacet
  facet normal 0 1 0
    outer loop
      vertex 922.6131055143463 -542 531.8118220604315
      vertex 1077.3868944856538 -542 531.8118220604315
      vertex 1102.2640228543748 -542 523.9680936149866
    endloop
  endfacet
  facet normal 0 1 0
    outer loop
      vertex 850.5 -542 501.9415957315471
      vertex 1149.5 -542 501.9415957315471
      vertex 1171.4993544689628 -542 487.92646124240855
    endloop
  endfacet
  facet normal 0.4617486132350385 0 0.8870108331782193
    outer loop
      vertex 1126.3628602604692 -562 513.9860283239584
      vertex 1149.5 -562 501.9415957315471
      vertex 1126.3628602604692 -542 513.9860283239584
    endloop
  endfacet
  facet normal 0.3007057995042771 -1.6647683273425475e-17 0.9537169507482256
    outer loop
      vertex 1102.2640228543748 -562 523.9680936149866
      vertex 1077.3868944856538 -542 531.8118220604315
      vertex 1077.3868944856538 -562 531.8118220604315
    endloop
  endfacet
  facet normal 0.38268343236508534 4.800551038902846e-18 0.9238795325112885
    outer loop
      vertex 1126.3628602604692 -562 513.9860283239584
      vertex 1102.2640228543748 -542 523.9680936149866
      vertex 1102.2640228543748 -562 523.9680936149866
    endloop
  endfacet
  facet normal 0.38268343236508534 0 0.9238795325112885
    outer loop
      vertex 1126.3628602604692 -562 513.9860283239584
      vertex 1126.3628602604692 -542 513.9860283239584
      vertex 1102.2640228543748 -542 523.9680936149866
    endloop
  endfacet
  facet normal 0.3007057995042771 0 0.9537169507482256
    outer loop
      vertex 1102.2640228543748 -562 523.9680936149866
      vertex 1102.2640228543748 -542 523.9680936149866
      vertex 1077.3868944856538 -542 531.8118220604315
    endloop
  endfacet
  facet normal 0.6755902076156589 0 0.7372773368101251
    outer loop
      vertex 1211.4249275747777 -562 454.4249275747777
      vertex 1211.4249275747777 -542 454.4249275747777
      vertex 1192.1934952962752 -542 472.04728849257447
    endloop
  endfacet
  facet normal 0.6755902076156589 3.62279269168012e-17 0.7372773368101251
    outer loop
      vertex 1211.4249275747777 -562 454.4249275747777
      vertex 1192.1934952962752 -542 472.04728849257447
      vertex 1192.1934952962752 -562 472.04728849257447
    endloop
  endfacet
  facet normal 0.608761429008722 -1.9763319167695002e-17 0.7933533402912342
    outer loop
      vertex 1192.1934952962752 -562 472.04728849257447
      vertex 1171.4993544689628 -542 487.92646124240855
      vertex 1171.4993544689628 -562 487.92646124240855
    endloop
  endfacet
  facet normal 0.608761429008722 0 0.7933533402912342
    outer loop
      vertex 1192.1934952962752 -562 472.04728849257447
      vertex 1192.1934952962752 -542 472.04728849257447
      vertex 1171.4993544689628 -542 487.92646124240855
    endloop
  endfacet
  facet normal 0.7372773368101254 4.366367486507533e-18 0.6755902076156588
    outer loop
      vertex 1229.0472884925744 -542 435.1934952962753
      vertex 1211.4249275747777 -542 454.4249275747777
      vertex 1211.4249275747777 -562 454.4249275747777
    endloop
  endfacet
  facet normal 0.5372996083468227 -1.663158965660204e-17 0.8433914458128864
    outer loop
      vertex 1171.4993544689628 -562 487.92646124240855
      vertex 1149.5 -542 501.9415957315471
      vertex 1149.5 -562 501.9415957315471
    endloop
  endfacet
  facet normal 0.5372996083468227 0 0.8433914458128864
    outer loop
      vertex 1171.4993544689628 -562 487.92646124240855
      vertex 1171.4993544689628 -542 487.92646124240855
      vertex 1149.5 -542 501.9415957315471
    endloop
  endfacet
  facet normal 0.4617486132350385 6.792397887257771e-18 0.8870108331782193
    outer loop
      vertex 1126.3628602604692 -542 513.9860283239584
      vertex 1149.5 -562 501.9415957315471
      vertex 1149.5 -542 501.9415957315471
    endloop
  endfacet
  facet normal -0.216439613938101 0 0.9762960071199338
    outer loop
      vertex 922.6131055143463 -562 531.8118220604315
      vertex 948.0791948775878 -562 537.4575181506502
      vertex 922.6131055143463 -542 531.8118220604315
    endloop
  endfacet
  facet normal -0.13052619222005055 0 0.9914448613738105
    outer loop
      vertex 948.0791948775878 -562 537.4575181506502
      vertex 973.9404329184503 -562 540.8622147294319
      vertex 948.0791948775878 -542 537.4575181506502
    endloop
  endfacet
  facet normal -0.216439613938101 1.6672384671275636e-18 0.9762960071199338
    outer loop
      vertex 922.6131055143463 -542 531.8118220604315
      vertex 948.0791948775878 -562 537.4575181506502
      vertex 948.0791948775878 -542 537.4575181506502
    endloop
  endfacet
  facet normal -0.13052619222005055 -1.0109427061023941e-17 0.9914448613738105
    outer loop
      vertex 948.0791948775878 -542 537.4575181506502
      vertex 973.9404329184503 -562 540.8622147294319
      vertex 973.9404329184503 -542 540.8622147294319
    endloop
  endfacet
  facet normal 0 -1 0
    outer loop
      vertex 922.6131055143463 -562 531.8118220604315
      vertex 1051.9208051224123 -562 537.4575181506502
      vertex 948.0791948775878 -562 537.4575181506502
    endloop
  endfacet
  facet normal 0 -1 0
    outer loop
      vertex 948.0791948775878 -562 537.4575181506502
      vertex 1026.0595670815499 -562 540.8622147294319
      vertex 973.9404329184503 -562 540.8622147294319
    endloop
  endfacet
  facet normal -0.04361938736533617 0 0.9990482215818577
    outer loop
      vertex 973.9404329184503 -562 540.8622147294319
      vertex 1000 -562 542
      vertex 973.9404329184503 -542 540.8622147294319
    endloop
  endfacet
  facet normal 0 -1 0
    outer loop
      vertex 948.0791948775878 -562 537.4575181506502
      vertex 1051.9208051224123 -562 537.4575181506502
      vertex 1026.0595670815499 -562 540.8622147294319
    endloop
  endfacet
  facet normal 0 -1 0
    outer loop
      vertex 973.9404329184503 -562 540.8622147294319
      vertex 1026.0595670815499 -562 540.8622147294319
      vertex 1000 -562 542
    endloop
  endfacet
  facet normal 0.04361938736533597 0 0.9990482215818577
    outer loop
      vertex 1000 -562 542
      vertex 1026.0595670815499 -562 540.8622147294319
      vertex 1000 -542 542
    endloop
  endfacet
  facet normal 0 1 0
    outer loop
      vertex 922.6131055143463 -542 531.8118220604315
      vertex 948.0791948775878 -542 537.4575181506502
      vertex 1077.3868944856538 -542 531.8118220604315
    endloop
  endfacet
  facet normal -0.04361938736533617 0 0.9990482215818577
    outer loop
      vertex 1000 -562 542
      vertex 1000 -542 542
      vertex 973.9404329184503 -542 540.8622147294319
    endloop
  endfacet
  facet normal 0 1 0
    outer loop
      vertex 948.0791948775878 -542 537.4575181506502
      vertex 973.9404329184503 -542 540.8622147294319
      vertex 1051.9208051224123 -542 537.4575181506502
    endloop
  endfacet
  facet normal 0 1 0
    outer loop
      vertex 973.9404329184503 -542 540.8622147294319
      vertex 1000 -542 542
      vertex 1026.0595670815499 -542 540.8622147294319
    endloop
  endfacet
  facet normal 0 -1 0
    outer loop
      vertex 922.6131055143463 -562 531.8118220604315
      vertex 1077.3868944856538 -562 531.8118220604315
      vertex 1051.9208051224123 -562 537.4575181506502
    endloop
  endfacet
  facet normal 0.13052619222005055 0 0.9914448613738105
    outer loop
      vertex 1026.0595670815499 -562 540.8622147294319
      vertex 1051.9208051224123 -562 537.4575181506502
      vertex 1026.0595670815499 -542 540.8622147294319
    endloop
  endfacet
  facet normal 0.04361938736533597 -2.1793242476504484e-18 0.9990482215818577
    outer loop
      vertex 1000 -542 542
      vertex 1026.0595670815499 -562 540.8622147294319
      vertex 1026.0595670815499 -542 540.8622147294319
    endloop
  endfacet
  facet normal 0 1 0
    outer loop
      vertex 948.0791948775878 -542 537.4575181506502
      vertex 1051.9208051224123 -542 537.4575181506502
      vertex 1077.3868944856538 -542 531.8118220604315
    endloop
  endfacet
  facet normal 0 1 0
    outer loop
      vertex 973.9404329184503 -542 540.8622147294319
      vertex 1026.0595670815499 -542 540.8622147294319
      vertex 1051.9208051224123 -542 537.4575181506502
    endloop
  endfacet
  facet normal 0.13052619222005055 0 0.9914448613738105
    outer loop
      vertex 1051.9208051224123 -562 537.4575181506502
      vertex 1051.9208051224123 -542 537.4575181506502
      vertex 1026.0595670815499 -542 540.8622147294319
    endloop
  endfacet
  facet normal 0.216439613938101 0 0.9762960071199338
    outer loop
      vertex 1051.9208051224123 -562 537.4575181506502
      vertex 1077.3868944856538 -562 531.8118220604315
      vertex 1051.9208051224123 -542 537.4575181506502
    endloop
  endfacet
  facet normal 0.216439613938101 -1.6672384671275636e-18 0.9762960071199338
    outer loop
      vertex 1051.9208051224123 -542 537.4575181506502
      vertex 1077.3868944856538 -562 531.8118220604315
      vertex 1077.3868944856538 -542 531.8118220604315
    endloop
  endfacet
  facet normal -0.9762960071199333 -1.7036616581507638e-17 -0.2164396139381035
    outer loop
      vertex 709.7722375212355 542 172
      vertex 705.5424818493498 542 191.07919487758784
      vertex 705.5424818493498 562 191.07919487758784
    endloop
  endfacet
  facet normal -0.9762960071199333 0 -0.2164396139381035
    outer loop
      vertex 709.7722375212355 542 172
      vertex 705.5424818493498 562 191.07919487758784
      vertex 709.7722375212355 562 172
    endloop
  endfacet
  facet normal -0.9914448613738105 -2.748900233971388e-19 -0.13052619222005082
    outer loop
      vertex 705.5424818493498 542 191.07919487758784
      vertex 702.1377852705681 542 216.9404329184502
      vertex 702.1377852705681 562 216.9404329184502
    endloop
  endfacet
  facet normal -0.9914448613738105 0 -0.13052619222005082
    outer loop
      vertex 705.5424818493498 542 191.07919487758784
      vertex 702.1377852705681 562 216.9404329184502
      vertex 705.5424818493498 562 191.07919487758784
    endloop
  endfacet
  facet normal -0.9990482215818577 -7.862336125828525e-19 -0.04361938736533607
    outer loop
      vertex 702.1377852705681 542 216.9404329184502
      vertex 701 542 243
      vertex 701 562 243
    endloop
  endfacet
  facet normal -0.9990482215818577 0 -0.04361938736533607
    outer loop
      vertex 702.1377852705681 542 216.9404329184502
      vertex 701 562 243
      vertex 702.1377852705681 562 216.9404329184502
    endloop
  endfacet
  facet normal -0.9990482215818577 7.862336125828525e-19 0.04361938736533607
    outer loop
      vertex 701 542 243
      vertex 702.1377852705681 542 269.0595670815498
      vertex 702.1377852705681 562 269.0595670815498
    endloop
  endfacet
  facet normal -0.9990482215818577 0 0.04361938736533607
    outer loop
      vertex 701 542 243
      vertex 702.1377852705681 562 269.0595670815498
      vertex 701 562 243
    endloop
  endfacet
  facet normal 0 -1 0
    outer loop
      vertex 709.7722375212355 542 172
      vertex 1290.2277624787646 542 172
      vertex 705.5424818493498 542 191.07919487758784
    endloop
  endfacet
  facet normal 0 1 0
    outer loop
      vertex 709.7722375212355 562 172
      vertex 705.5424818493498 562 191.07919487758784
      vertex 1294.4575181506502 562 191.07919487758784
    endloop
  endfacet
  facet normal 0 -1 0
    outer loop
      vertex 705.5424818493498 542 191.07919487758784
      vertex 1297.8622147294318 542 216.9404329184502
      vertex 702.1377852705681 542 216.9404329184502
    endloop
  endfacet
  facet normal 0 1 0
    outer loop
      vertex 705.5424818493498 562 191.07919487758784
      vertex 702.1377852705681 562 216.9404329184502
      vertex 1294.4575181506502 562 191.07919487758784
    endloop
  endfacet
  facet normal 0 -1 0
    outer loop
      vertex 702.1377852705681 542 216.9404329184502
      vertex 1299 542 243
      vertex 701 542 243
    endloop
  endfacet
  facet normal 0 1 0
    outer loop
      vertex 702.1377852705681 562 216.9404329184502
      vertex 701 562 243
      vertex 1297.8622147294318 562 216.9404329184502
    endloop
  endfacet
  facet normal 0 -1 0
    outer loop
      vertex 701 542 243
      vertex 1297.8622147294318 542 269.0595670815498
      vertex 702.1377852705681 542 269.0595670815498
    endloop
  endfacet
  facet normal 0 1 0
    outer loop
      vertex 701 562 243
      vertex 702.1377852705681 562 269.0595670815498
      vertex 1299 562 243
    endloop
  endfacet
  facet normal -0.9914448613738105 0 0.13052619222005082
    outer loop
      vertex 702.1377852705681 542 269.0595670815498
      vertex 705.5424818493498 562 294.92080512241216
      vertex 702.1377852705681 562 269.0595670815498
    endloop
  endfacet
  facet normal -0.9914448613738105 2.748900233971388e-19 0.13052619222005082
    outer loop
      vertex 702.1377852705681 542 269.0595670815498
      vertex 705.5424818493498 542 294.92080512241216
      vertex 705.5424818493498 562 294.92080512241216
    endloop
  endfacet
  facet normal -0.9762960071199338 0 0.216439613938101
    outer loop
      vertex 705.5424818493498 542 294.92080512241216
      vertex 711.1881779395685 562 320.38689448565367
      vertex 705.5424818493498 562 294.92080512241216
    endloop
  endfacet
  facet normal -0.9762960071199338 1.6672384671275636e-18 0.216439613938101
    outer loop
      vertex 705.5424818493498 542 294.92080512241216
      vertex 711.1881779395685 542 320.38689448565367
      vertex 711.1881779395685 562 320.38689448565367
    endloop
  endfacet
  facet normal -0.9537169507482265 0 0.3007057995042746
    outer loop
      vertex 711.1881779395685 542 320.38689448565367
      vertex 719.0319063850134 562 345.26402285437496
      vertex 711.1881779395685 562 320.38689448565367
    endloop
  endfacet
  facet normal -0.9537169507482265 3.0182150309629907e-18 0.3007057995042746
    outer loop
      vertex 711.1881779395685 542 320.38689448565367
      vertex 719.0319063850134 542 345.26402285437496
      vertex 719.0319063850134 562 345.26402285437496
    endloop
  endfacet
  facet normal 0 1 0
    outer loop
      vertex 702.1377852705681 562 269.0595670815498
      vertex 705.5424818493498 562 294.92080512241216
      vertex 1297.8622147294318 562 269.0595670815498
    endloop
  endfacet
  facet normal 0 -1 0
    outer loop
      vertex 702.1377852705681 542 269.0595670815498
      vertex 1294.4575181506502 542 294.92080512241216
      vertex 705.5424818493498 542 294.92080512241216
    endloop
  endfacet
  facet normal 0 1 0
    outer loop
      vertex 705.5424818493498 562 294.92080512241216
      vertex 711.1881779395685 562 320.38689448565367
      vertex 1294.4575181506502 562 294.92080512241216
    endloop
  endfacet
  facet normal 0 -1 0
    outer loop
      vertex 705.5424818493498 542 294.92080512241216
      vertex 1288.8118220604315 542 320.38689448565367
      vertex 711.1881779395685 542 320.38689448565367
    endloop
  endfacet
  facet normal 0 1 0
    outer loop
      vertex 711.1881779395685 562 320.38689448565367
      vertex 719.0319063850134 562 345.26402285437496
      vertex 1288.8118220604315 562 320.38689448565367
    endloop
  endfacet
  facet normal 0 -1 0
    outer loop
      vertex 711.1881779395685 542 320.38689448565367
      vertex 1280.9680936149866 542 345.26402285437496
      vertex 719.0319063850134 542 345.26402285437496
    endloop
  endfacet
  facet normal 0 -1 0
    outer loop
      vertex 705.5424818493498 542 191.07919487758784
      vertex 1290.2277624787646 542 172
      vertex 1294.4575181506502 542 191.07919487758784
    endloop
  endfacet
  facet normal 0 1 0
    outer loop
      vertex 709.7722375212355 562 172
      vertex 1294.4575181506502 562 191.07919487758784
      vertex 1290.2277624787646 562 172
    endloop
  endfacet
  facet normal 0 -1 0
    outer loop
      vertex 705.5424818493498 542 191.07919487758784
      vertex 1294.4575181506502 542 191.07919487758784
      vertex 1297.8622147294318 542 216.9404329184502
    endloop
  endfacet
  facet normal 0 1 0
    outer loop
      vertex 702.1377852705681 562 216.9404329184502
      vertex 1297.8622147294318 562 216.9404329184502
      vertex 1294.4575181506502 562 191.07919487758784
    endloop
  endfacet
  facet normal 0 -1 0
    outer loop
      vertex 702.1377852705681 542 216.9404329184502
      vertex 1297.8622147294318 542 216.9404329184502
      vertex 1299 542 243
    endloop
  endfacet
  facet normal 0 1 0
    outer loop
      vertex 701 562 243
      vertex 1299 562 243
      vertex 1297.8622147294318 562 216.9404329184502
    endloop
  endfacet
  facet normal 0 -1 0
    outer loop
      vertex 701 542 243
      vertex 1299 542 243
      vertex 1297.8622147294318 542 269.0595670815498
    endloop
  endfacet
  facet normal 0 1 0
    outer loop
      vertex 1299 562 243
      vertex 702.1377852705681 562 269.0595670815498
      vertex 1297.8622147294318 562 269.0595670815498
    endloop
  endfacet
  facet normal 0.9762960071199346 0 -0.21643961393809794
    outer loop
      vertex 1290.2277624787646 542 172
      vertex 1290.2277624787646 562 172
      vertex 1294.4575181506502 542 191.07919487758784
    endloop
  endfacet
  facet normal 0.9762960071199346 -5.998942212742634e-18 -0.21643961393809794
    outer loop
      vertex 1290.2277624787646 562 172
      vertex 1294.4575181506502 562 191.07919487758784
      vertex 1294.4575181506502 542 191.07919487758784
    endloop
  endfacet
  facet normal 0.991444861373811 0 -0.13052619222004655
    outer loop
      vertex 1294.4575181506502 542 191.07919487758784
      vertex 1294.4575181506502 562 191.07919487758784
      vertex 1297.8622147294318 542 216.9404329184502
    endloop
  endfacet
  facet normal 0.991444861373811 3.2739124207299973e-18 -0.13052619222004655
    outer loop
      vertex 1294.4575181506502 562 191.07919487758784
      vertex 1297.8622147294318 562 216.9404329184502
      vertex 1297.8622147294318 542 216.9404329184502
    endloop
  endfacet
  facet normal 0.9990482215818575 0 -0.04361938736534042
    outer loop
      vertex 1297.8622147294318 542 216.9404329184502
      vertex 1297.8622147294318 562 216.9404329184502
      vertex 1299 542 243
    endloop
  endfacet
  facet normal 0.9990482215818575 1.4708855818137139e-19 -0.04361938736534042
    outer loop
      vertex 1297.8622147294318 562 216.9404329184502
      vertex 1299 562 243
      vertex 1299 542 243
    endloop
  endfacet
  facet normal 0.9990482215818575 0 0.04361938736534042
    outer loop
      vertex 1299 542 243
      vertex 1299 562 243
      vertex 1297.8622147294318 542 269.0595670815498
    endloop
  endfacet
  facet normal 0.9990482215818575 -1.4708855818137139e-19 0.04361938736534042
    outer loop
      vertex 1299 562 243
      vertex 1297.8622147294318 562 269.0595670815498
      vertex 1297.8622147294318 542 269.0595670815498
    endloop
  endfacet
  facet normal 0 -1 0
    outer loop
      vertex 702.1377852705681 542 269.0595670815498
      vertex 1297.8622147294318 542 269.0595670815498
      vertex 1294.4575181506502 542 294.92080512241216
    endloop
  endfacet
  facet normal 0 -1 0
    outer loop
      vertex 705.5424818493498 542 294.92080512241216
      vertex 1294.4575181506502 542 294.92080512241216
      vertex 1288.8118220604315 542 320.38689448565367
    endloop
  endfacet
  facet normal 0 1 0
    outer loop
      vertex 705.5424818493498 562 294.92080512241216
      vertex 1294.4575181506502 562 294.92080512241216
      vertex 1297.8622147294318 562 269.0595670815498
    endloop
  endfacet
  facet normal 0 -1 0
    outer loop
      vertex 711.1881779395685 542 320.38689448565367
      vertex 1288.8118220604315 542 320.38689448565367
      vertex 1280.9680936149866 542 345.26402285437496
    endloop
  endfacet
  facet normal 0 1 0
    outer loop
      vertex 711.1881779395685 562 320.38689448565367
      vertex 1288.8118220604315 562 320.38689448565367
      vertex 1294.4575181506502 562 294.92080512241216
    endloop
  endfacet
  facet normal 0 1 0
    outer loop
      vertex 719.0319063850134 562 345.26402285437496
      vertex 1280.9680936149866 562 345.26402285437496
      vertex 1288.8118220604315 562 320.38689448565367
    endloop
  endfacet
  facet normal 0.991444861373811 0 0.13052619222004655
    outer loop
      vertex 1297.8622147294318 542 269.0595670815498
      vertex 1297.8622147294318 562 269.0595670815498
      vertex 1294.4575181506502 542 294.92080512241216
    endloop
  endfacet
  facet normal 0.9762960071199338 0 0.216439613938101
    outer loop
      vertex 1294.4575181506502 542 294.92080512241216
      vertex 1294.4575181506502 562 294.92080512241216
      vertex 1288.8118220604315 542 320.38689448565367
    endloop
  endfacet
  facet normal 0.991444861373811 -3.2739124207299973e-18 0.13052619222004655
    outer loop
      vertex 1297.8622147294318 562 269.0595670815498
      vertex 1294.4575181506502 562 294.92080512241216
      vertex 1294.4575181506502 542 294.92080512241216
    endloop
  endfacet
  facet normal 0.9537169507482265 0 0.3007057995042746
    outer loop
      vertex 1288.8118220604315 542 320.38689448565367
      vertex 1288.8118220604315 562 320.38689448565367
      vertex 1280.9680936149866 542 345.26402285437496
    endloop
  endfacet
  facet normal 0.9762960071199338 -1.6672384671275636e-18 0.216439613938101
    outer loop
      vertex 1294.4575181506502 562 294.92080512241216
      vertex 1288.8118220604315 562 320.38689448565367
      vertex 1288.8118220604315 542 320.38689448565367
    endloop
  endfacet
  facet normal 0.9537169507482265 -3.0182150309629907e-18 0.3007057995042746
    outer loop
      vertex 1288.8118220604315 562 320.38689448565367
      vertex 1280.9680936149866 562 345.26402285437496
      vertex 1280.9680936149866 542 345.26402285437496
    endloop
  endfacet
  facet normal -0.9238795325112874 0 0.3826834323650885
    outer loop
      vertex 719.0319063850134 542 345.26402285437496
      vertex 729.0139716760416 562 369.3628602604691
      vertex 719.0319063850134 562 345.26402285437496
    endloop
  endfacet
  facet normal -0.9238795325112874 3.0161549050794077e-18 0.3826834323650885
    outer loop
      vertex 719.0319063850134 542 345.26402285437496
      vertex 729.0139716760416 542 369.3628602604691
      vertex 729.0139716760416 562 369.3628602604691
    endloop
  endfacet
  facet normal -0.8870108331782194 1.783323220161976e-17 0.46174861323503846
    outer loop
      vertex 729.0139716760416 542 369.3628602604691
      vertex 741.0584042684529 542 392.5
      vertex 741.0584042684529 562 392.5
    endloop
  endfacet
  facet normal -0.8870108331782194 0 0.46174861323503846
    outer loop
      vertex 729.0139716760416 542 369.3628602604691
      vertex 741.0584042684529 562 392.5
      vertex 729.0139716760416 562 369.3628602604691
    endloop
  endfacet
  facet normal -0.8433914458128875 1.6701927099817688e-17 0.5372996083468212
    outer loop
      vertex 741.0584042684529 542 392.5
      vertex 755.0735387575915 542 414.4993544689628
      vertex 755.0735387575915 562 414.4993544689628
    endloop
  endfacet
  facet normal -0.8433914458128875 0 0.5372996083468212
    outer loop
      vertex 741.0584042684529 542 392.5
      vertex 755.0735387575915 562 414.4993544689628
      vertex 741.0584042684529 562 392.5
    endloop
  endfacet
  facet normal -0.7933533402912358 0 0.6087614290087199
    outer loop
      vertex 755.0735387575915 542 414.4993544689628
      vertex 770.9527115074255 562 435.1934952962753
      vertex 755.0735387575915 562 414.4993544689628
    endloop
  endfacet
  facet normal -0.7933533402912358 -6.567497966084557e-18 0.6087614290087199
    outer loop
      vertex 755.0735387575915 542 414.4993544689628
      vertex 770.9527115074255 542 435.1934952962753
      vertex 770.9527115074255 562 435.1934952962753
    endloop
  endfacet
  facet normal -0.7372773368101232 0 0.6755902076156611
    outer loop
      vertex 770.9527115074255 542 435.1934952962753
      vertex 788.5750724252223 562 454.4249275747777
      vertex 770.9527115074255 562 435.1934952962753
    endloop
  endfacet
  facet normal 0 -1 0
    outer loop
      vertex 719.0319063850134 542 345.26402285437496
      vertex 1270.9860283239584 542 369.3628602604691
      vertex 729.0139716760416 542 369.3628602604691
    endloop
  endfacet
  facet normal 0 1 0
    outer loop
      vertex 719.0319063850134 562 345.26402285437496
      vertex 729.0139716760416 562 369.3628602604691
      vertex 1280.9680936149866 562 345.26402285437496
    endloop
  endfacet
  facet normal 0 -1 0
    outer loop
      vertex 729.0139716760416 542 369.3628602604691
      vertex 1258.941595731547 542 392.5
      vertex 741.0584042684529 542 392.5
    endloop
  endfacet
  facet normal 0 1 0
    outer loop
      vertex 729.0139716760416 562 369.3628602604691
      vertex 741.0584042684529 562 392.5
      vertex 1270.9860283239584 562 369.3628602604691
    endloop
  endfacet
  facet normal 0 -1 0
    outer loop
      vertex 741.0584042684529 542 392.5
      vertex 1244.9264612424085 542 414.4993544689628
      vertex 755.0735387575915 542 414.4993544689628
    endloop
  endfacet
  facet normal 0 1 0
    outer loop
      vertex 741.0584042684529 562 392.5
      vertex 755.0735387575915 562 414.4993544689628
      vertex 1258.941595731547 562 392.5
    endloop
  endfacet
  facet normal 0 -1 0
    outer loop
      vertex 755.0735387575915 542 414.4993544689628
      vertex 1229.0472884925744 542 435.1934952962753
      vertex 770.9527115074255 542 435.1934952962753
    endloop
  endfacet
  facet normal 0 1 0
    outer loop
      vertex 755.0735387575915 562 414.4993544689628
      vertex 770.9527115074255 562 435.1934952962753
      vertex 1244.9264612424085 562 414.4993544689628
    endloop
  endfacet
  facet normal 0 1 0
    outer loop
      vertex 770.9527115074255 562 435.1934952962753
      vertex 788.5750724252223 562 454.4249275747777
      vertex 1229.0472884925744 562 435.1934952962753
    endloop
  endfacet
  facet normal -0.7372773368101232 4.6067628120723416e-17 0.6755902076156611
    outer loop
      vertex 770.9527115074255 542 435.1934952962753
      vertex 788.5750724252223 542 454.4249275747777
      vertex 788.5750724252223 562 454.4249275747777
    endloop
  endfacet
  facet normal -0.6755902076156611 0 0.7372773368101232
    outer loop
      vertex 788.5750724252223 542 454.4249275747777
      vertex 807.8065047037247 542 472.04728849257447
      vertex 788.5750724252223 562 454.4249275747777
    endloop
  endfacet
  facet normal -0.6755902076156611 4.6067628120723416e-17 0.7372773368101232
    outer loop
      vertex 788.5750724252223 562 454.4249275747777
      vertex 807.8065047037247 542 472.04728849257447
      vertex 807.8065047037247 562 472.04728849257447
    endloop
  endfacet
  facet normal -0.6087614290087199 0 0.7933533402912358
    outer loop
      vertex 807.8065047037247 542 472.04728849257447
      vertex 828.5006455310372 542 487.92646124240855
      vertex 807.8065047037247 562 472.04728849257447
    endloop
  endfacet
  facet normal -0.6087614290087199 -6.567497966084557e-18 0.7933533402912358
    outer loop
      vertex 807.8065047037247 562 472.04728849257447
      vertex 828.5006455310372 542 487.92646124240855
      vertex 828.5006455310372 562 487.92646124240855
    endloop
  endfacet
  facet normal 0 -1 0
    outer loop
      vertex 770.9527115074255 542 435.1934952962753
      vertex 1211.4249275747777 542 454.4249275747777
      vertex 788.5750724252223 542 454.4249275747777
    endloop
  endfacet
  facet normal 0 1 0
    outer loop
      vertex 788.5750724252223 562 454.4249275747777
      vertex 807.8065047037247 562 472.04728849257447
      vertex 1211.4249275747777 562 454.4249275747777
    endloop
  endfacet
  facet normal 0 -1 0
    outer loop
      vertex 788.5750724252223 542 454.4249275747777
      vertex 1192.1934952962752 542 472.04728849257447
      vertex 807.8065047037247 542 472.04728849257447
    endloop
  endfacet
  facet normal 0 -1 0
    outer loop
      vertex 807.8065047037247 542 472.04728849257447
      vertex 1171.4993544689628 542 487.92646124240855
      vertex 828.5006455310372 542 487.92646124240855
    endloop
  endfacet
  facet normal 0 1 0
    outer loop
      vertex 807.8065047037247 562 472.04728849257447
      vertex 828.5006455310372 562 487.92646124240855
      vertex 1192.1934952962752 562 472.04728849257447
    endloop
  endfacet
  facet normal -0.5372996083468227 0 0.8433914458128864
    outer loop
      vertex 828.5006455310372 542 487.92646124240855
      vertex 850.5 542 501.9415957315471
      vertex 828.5006455310372 562 487.92646124240855
    endloop
  endfacet
  facet normal -0.5372996083468227 1.663158965660204e-17 0.8433914458128864
    outer loop
      vertex 828.5006455310372 562 487.92646124240855
      vertex 850.5 542 501.9415957315471
      vertex 850.5 562 501.9415957315471
    endloop
  endfacet
  facet normal -0.4617486132350368 0 0.8870108331782204
    outer loop
      vertex 850.5 542 501.9415957315471
      vertex 873.6371397395309 542 513.9860283239584
      vertex 850.5 562 501.9415957315471
    endloop
  endfacet
  facet normal -0.4617486132350368 2.890405155555146e-18 0.8870108331782204
    outer loop
      vertex 850.5 562 501.9415957315471
      vertex 873.6371397395309 542 513.9860283239584
      vertex 873.6371397395309 562 513.9860283239584
    endloop
  endfacet
  facet normal -0.3826834323650885 0 0.9238795325112874
    outer loop
      vertex 873.6371397395309 542 513.9860283239584
      vertex 897.735977145625 542 523.9680936149866
      vertex 873.6371397395309 562 513.9860283239584
    endloop
  endfacet
  facet normal 0 -1 0
    outer loop
      vertex 828.5006455310372 542 487.92646124240855
      vertex 1149.5 542 501.9415957315471
      vertex 850.5 542 501.9415957315471
    endloop
  endfacet
  facet normal 0 -1 0
    outer loop
      vertex 850.5 542 501.9415957315471
      vertex 1126.3628602604692 542 513.9860283239584
      vertex 873.6371397395309 542 513.9860283239584
    endloop
  endfacet
  facet normal 0 1 0
    outer loop
      vertex 828.5006455310372 562 487.92646124240855
      vertex 850.5 562 501.9415957315471
      vertex 1171.4993544689628 562 487.92646124240855
    endloop
  endfacet
  facet normal 0 1 0
    outer loop
      vertex 850.5 562 501.9415957315471
      vertex 873.6371397395309 562 513.9860283239584
      vertex 1149.5 562 501.9415957315471
    endloop
  endfacet
  facet normal -0.3007057995042746 0 0.9537169507482265
    outer loop
      vertex 897.735977145625 542 523.9680936149866
      vertex 922.6131055143463 542 531.8118220604315
      vertex 897.735977145625 562 523.9680936149866
    endloop
  endfacet
  facet normal -0.3826834323650885 3.0161549050794077e-18 0.9238795325112874
    outer loop
      vertex 873.6371397395309 562 513.9860283239584
      vertex 897.735977145625 542 523.9680936149866
      vertex 897.735977145625 562 523.9680936149866
    endloop
  endfacet
  facet normal -0.3007057995042746 3.0182150309629907e-18 0.9537169507482265
    outer loop
      vertex 897.735977145625 562 523.9680936149866
      vertex 922.6131055143463 542 531.8118220604315
      vertex 922.6131055143463 562 531.8118220604315
    endloop
  endfacet
  facet normal 0 -1 0
    outer loop
      vertex 873.6371397395309 542 513.9860283239584
      vertex 1102.2640228543748 542 523.9680936149866
      vertex 897.735977145625 542 523.9680936149866
    endloop
  endfacet
  facet normal 0 -1 0
    outer loop
      vertex 897.735977145625 542 523.9680936149866
      vertex 1077.3868944856538 542 531.8118220604315
      vertex 922.6131055143463 542 531.8118220604315
    endloop
  endfacet
  facet normal 0 1 0
    outer loop
      vertex 873.6371397395309 562 513.9860283239584
      vertex 897.735977145625 562 523.9680936149866
      vertex 1126.3628602604692 562 513.9860283239584
    endloop
  endfacet
  facet normal 0 -1 0
    outer loop
      vertex 719.0319063850134 542 345.26402285437496
      vertex 1280.9680936149866 542 345.26402285437496
      vertex 1270.9860283239584 542 369.3628602604691
    endloop
  endfacet
  facet normal 0 1 0
    outer loop
      vertex 1280.9680936149866 562 345.26402285437496
      vertex 729.0139716760416 562 369.3628602604691
      vertex 1270.9860283239584 562 369.3628602604691
    endloop
  endfacet
  facet normal 0 -1 0
    outer loop
      vertex 729.0139716760416 542 369.3628602604691
      vertex 1270.9860283239584 542 369.3628602604691
      vertex 1258.941595731547 542 392.5
    endloop
  endfacet
  facet normal 0 1 0
    outer loop
      vertex 741.0584042684529 562 392.5
      vertex 1258.941595731547 562 392.5
      vertex 1270.9860283239584 562 369.3628602604691
    endloop
  endfacet
  facet normal 0 -1 0
    outer loop
      vertex 741.0584042684529 542 392.5
      vertex 1258.941595731547 542 392.5
      vertex 1244.9264612424085 542 414.4993544689628
    endloop
  endfacet
  facet normal 0 1 0
    outer loop
      vertex 755.0735387575915 562 414.4993544689628
      vertex 1244.9264612424085 562 414.4993544689628
      vertex 1258.941595731547 562 392.5
    endloop
  endfacet
  facet normal 0 -1 0
    outer loop
      vertex 755.0735387575915 542 414.4993544689628
      vertex 1244.9264612424085 542 414.4993544689628
      vertex 1229.0472884925744 542 435.1934952962753
    endloop
  endfacet
  facet normal 0 -1 0
    outer loop
      vertex 770.9527115074255 542 435.1934952962753
      vertex 1229.0472884925744 542 435.1934952962753
      vertex 1211.4249275747777 542 454.4249275747777
    endloop
  endfacet
  facet normal 0 1 0
    outer loop
      vertex 770.9527115074255 562 435.1934952962753
      vertex 1229.0472884925744 562 435.1934952962753
      vertex 1244.9264612424085 562 414.4993544689628
    endloop
  endfacet
  facet normal 0.9238795325112874 0 0.3826834323650885
    outer loop
      vertex 1280.9680936149866 542 345.26402285437496
      vertex 1280.9680936149866 562 345.26402285437496
      vertex 1270.9860283239584 542 369.3628602604691
    endloop
  endfacet
  facet normal 0.9238795325112874 -3.0161549050794077e-18 0.3826834323650885
    outer loop
      vertex 1280.9680936149866 562 345.26402285437496
      vertex 1270.9860283239584 562 369.3628602604691
      vertex 1270.9860283239584 542 369.3628602604691
    endloop
  endfacet
  facet normal 0.8870108331782194 0 0.46174861323503846
    outer loop
      vertex 1270.9860283239584 542 369.3628602604691
      vertex 1270.9860283239584 562 369.3628602604691
      vertex 1258.941595731547 542 392.5
    endloop
  endfacet
  facet normal 0.8870108331782194 -1.783323220161976e-17 0.46174861323503846
    outer loop
      vertex 1270.9860283239584 562 369.3628602604691
      vertex 1258.941595731547 562 392.5
      vertex 1258.941595731547 542 392.5
    endloop
  endfacet
  facet normal 0.8433914458128875 0 0.5372996083468212
    outer loop
      vertex 1258.941595731547 542 392.5
      vertex 1258.941595731547 562 392.5
      vertex 1244.9264612424085 542 414.4993544689628
    endloop
  endfacet
  facet normal 0.8433914458128875 -1.6701927099817688e-17 0.5372996083468212
    outer loop
      vertex 1258.941595731547 562 392.5
      vertex 1244.9264612424085 562 414.4993544689628
      vertex 1244.9264612424085 542 414.4993544689628
    endloop
  endfacet
  facet normal 0.7933533402912337 0 0.6087614290087227
    outer loop
      vertex 1244.9264612424085 542 414.4993544689628
      vertex 1244.9264612424085 562 414.4993544689628
      vertex 1229.0472884925744 542 435.1934952962753
    endloop
  endfacet
  facet normal 0.7372773368101254 0 0.6755902076156588
    outer loop
      vertex 1229.0472884925744 542 435.1934952962753
      vertex 1229.0472884925744 562 435.1934952962753
      vertex 1211.4249275747777 542 454.4249275747777
    endloop
  endfacet
  facet normal 0.7933533402912337 -3.57399005317384e-17 0.6087614290087227
    outer loop
      vertex 1244.9264612424085 562 414.4993544689628
      vertex 1229.0472884925744 562 435.1934952962753
      vertex 1229.0472884925744 542 435.1934952962753
    endloop
  endfacet
  facet normal 0 -1 0
    outer loop
      vertex 788.5750724252223 542 454.4249275747777
      vertex 1211.4249275747777 542 454.4249275747777
      vertex 1192.1934952962752 542 472.04728849257447
    endloop
  endfacet
  facet normal 0 1 0
    outer loop
      vertex 1229.0472884925744 562 435.1934952962753
      vertex 788.5750724252223 562 454.4249275747777
      vertex 1211.4249275747777 562 454.4249275747777
    endloop
  endfacet
  facet normal 0 -1 0
    outer loop
      vertex 807.8065047037247 542 472.04728849257447
      vertex 1192.1934952962752 542 472.04728849257447
      vertex 1171.4993544689628 542 487.92646124240855
    endloop
  endfacet
  facet normal 0 1 0
    outer loop
      vertex 807.8065047037247 562 472.04728849257447
      vertex 1192.1934952962752 562 472.04728849257447
      vertex 1211.4249275747777 562 454.4249275747777
    endloop
  endfacet
  facet normal 0 1 0
    outer loop
      vertex 828.5006455310372 562 487.92646124240855
      vertex 1171.4993544689628 562 487.92646124240855
      vertex 1192.1934952962752 562 472.04728849257447
    endloop
  endfacet
  facet normal 0 -1 0
    outer loop
      vertex 828.5006455310372 542 487.92646124240855
      vertex 1171.4993544689628 542 487.92646124240855
      vertex 1149.5 542 501.9415957315471
    endloop
  endfacet
  facet normal 0 -1 0
    outer loop
      vertex 850.5 542 501.9415957315471
      vertex 1149.5 542 501.9415957315471
      vertex 1126.3628602604692 542 513.9860283239584
    endloop
  endfacet
  facet normal 0 1 0
    outer loop
      vertex 873.6371397395309 562 513.9860283239584
      vertex 1126.3628602604692 562 513.9860283239584
      vertex 1149.5 562 501.9415957315471
    endloop
  endfacet
  facet normal 0 1 0
    outer loop
      vertex 897.735977145625 562 523.9680936149866
      vertex 922.6131055143463 562 531.8118220604315
      vertex 1102.2640228543748 562 523.9680936149866
    endloop
  endfacet
  facet normal 0 -1 0
    outer loop
      vertex 873.6371397395309 542 513.9860283239584
      vertex 1126.3628602604692 542 513.9860283239584
      vertex 1102.2640228543748 542 523.9680936149866
    endloop
  endfacet
  facet normal 0 -1 0
    outer loop
      vertex 897.735977145625 542 523.9680936149866
      vertex 1102.2640228543748 542 523.9680936149866
      vertex 1077.3868944856538 542 531.8118220604315
    endloop
  endfacet
  facet normal 0 1 0
    outer loop
      vertex 897.735977145625 562 523.9680936149866
      vertex 1102.2640228543748 562 523.9680936149866
      vertex 1126.3628602604692 562 513.9860283239584
    endloop
  endfacet
  facet normal 0 1 0
    outer loop
      vertex 922.6131055143463 562 531.8118220604315
      vertex 1077.3868944856538 562 531.8118220604315
      vertex 1102.2640228543748 562 523.9680936149866
    endloop
  endfacet
  facet normal 0 1 0
    outer loop
      vertex 850.5 562 501.9415957315471
      vertex 1149.5 562 501.9415957315471
      vertex 1171.4993544689628 562 487.92646124240855
    endloop
  endfacet
  facet normal 0.4617486132350385 0 0.8870108331782193
    outer loop
      vertex 1126.3628602604692 542 513.9860283239584
      vertex 1149.5 542 501.9415957315471
      vertex 1126.3628602604692 562 513.9860283239584
    endloop
  endfacet
  facet normal 0.3007057995042771 -1.6647683273425475e-17 0.9537169507482256
    outer loop
      vertex 1102.2640228543748 542 523.9680936149866
      vertex 1077.3868944856538 562 531.8118220604315
      vertex 1077.3868944856538 542 531.8118220604315
    endloop
  endfacet
  facet normal 0.38268343236508534 4.800551038902846e-18 0.9238795325112885
    outer loop
      vertex 1126.3628602604692 542 513.9860283239584
      vertex 1102.2640228543748 562 523.9680936149866
      vertex 1102.2640228543748 542 523.9680936149866
    endloop
  endfacet
  facet normal 0.38268343236508534 0 0.9238795325112885
    outer loop
      vertex 1126.3628602604692 542 513.9860283239584
      vertex 1126.3628602604692 562 513.9860283239584
      vertex 1102.2640228543748 562 523.9680936149866
    endloop
  endfacet
  facet normal 0.3007057995042771 0 0.9537169507482256
    outer loop
      vertex 1102.2640228543748 542 523.9680936149866
      vertex 1102.2640228543748 562 523.9680936149866
      vertex 1077.3868944856538 562 531.8118220604315
    endloop
  endfacet
  facet normal 0.6755902076156589 0 0.7372773368101251
    outer loop
      vertex 1211.4249275747777 542 454.4249275747777
      vertex 1211.4249275747777 562 454.4249275747777
      vertex 1192.1934952962752 562 472.04728849257447
    endloop
  endfacet
  facet normal 0.6755902076156589 3.62279269168012e-17 0.7372773368101251
    outer loop
      vertex 1211.4249275747777 542 454.4249275747777
      vertex 1192.1934952962752 562 472.04728849257447
      vertex 1192.1934952962752 542 472.04728849257447
    endloop
  endfacet
  facet normal 0.608761429008722 -1.9763319167695002e-17 0.7933533402912342
    outer loop
      vertex 1192.1934952962752 542 472.04728849257447
      vertex 1171.4993544689628 562 487.92646124240855
      vertex 1171.4993544689628 542 487.92646124240855
    endloop
  endfacet
  facet normal 0.608761429008722 0 0.7933533402912342
    outer loop
      vertex 1192.1934952962752 542 472.04728849257447
      vertex 1192.1934952962752 562 472.04728849257447
      vertex 1171.4993544689628 562 487.92646124240855
    endloop
  endfacet
  facet normal 0.7372773368101254 4.366367486507533e-18 0.6755902076156588
    outer loop
      vertex 1229.0472884925744 562 435.1934952962753
      vertex 1211.4249275747777 562 454.4249275747777
      vertex 1211.4249275747777 542 454.4249275747777
    endloop
  endfacet
  facet normal 0.5372996083468227 -1.663158965660204e-17 0.8433914458128864
    outer loop
      vertex 1171.4993544689628 542 487.92646124240855
      vertex 1149.5 562 501.9415957315471
      vertex 1149.5 542 501.9415957315471
    endloop
  endfacet
  facet normal 0.5372996083468227 0 0.8433914458128864
    outer loop
      vertex 1171.4993544689628 542 487.92646124240855
      vertex 1171.4993544689628 562 487.92646124240855
      vertex 1149.5 562 501.9415957315471
    endloop
  endfacet
  facet normal 0.4617486132350385 6.792397887257771e-18 0.8870108331782193
    outer loop
      vertex 1126.3628602604692 562 513.9860283239584
      vertex 1149.5 542 501.9415957315471
      vertex 1149.5 562 501.9415957315471
    endloop
  endfacet
  facet normal -0.216439613938101 0 0.9762960071199338
    outer loop
      vertex 922.6131055143463 542 531.8118220604315
      vertex 948.0791948775878 542 537.4575181506502
      vertex 922.6131055143463 562 531.8118220604315
    endloop
  endfacet
  facet normal -0.13052619222005055 0 0.9914448613738105
    outer loop
      vertex 948.0791948775878 542 537.4575181506502
      vertex 973.9404329184503 542 540.8622147294319
      vertex 948.0791948775878 562 537.4575181506502
    endloop
  endfacet
  facet normal -0.216439613938101 1.6672384671275636e-18 0.9762960071199338
    outer loop
      vertex 922.6131055143463 562 531.8118220604315
      vertex 948.0791948775878 542 537.4575181506502
      vertex 948.0791948775878 562 537.4575181506502
    endloop
  endfacet
  facet normal -0.13052619222005055 -1.0109427061023941e-17 0.9914448613738105
    outer loop
      vertex 948.0791948775878 562 537.4575181506502
      vertex 973.9404329184503 542 540.8622147294319
      vertex 973.9404329184503 562 540.8622147294319
    endloop
  endfacet
  facet normal 0 -1 0
    outer loop
      vertex 922.6131055143463 542 531.8118220604315
      vertex 1051.9208051224123 542 537.4575181506502
      vertex 948.0791948775878 542 537.4575181506502
    endloop
  endfacet
  facet normal 0 -1 0
    outer loop
      vertex 948.0791948775878 542 537.4575181506502
      vertex 1026.0595670815499 542 540.8622147294319
      vertex 973.9404329184503 542 540.8622147294319
    endloop
  endfacet
  facet normal -0.04361938736533617 0 0.9990482215818577
    outer loop
      vertex 973.9404329184503 542 540.8622147294319
      vertex 1000 542 542
      vertex 973.9404329184503 562 540.8622147294319
    endloop
  endfacet
  facet normal 0 -1 0
    outer loop
      vertex 948.0791948775878 542 537.4575181506502
      vertex 1051.9208051224123 542 537.4575181506502
      vertex 1026.0595670815499 542 540.8622147294319
    endloop
  endfacet
  facet normal 0 -1 0
    outer loop
      vertex 973.9404329184503 542 540.8622147294319
      vertex 1026.0595670815499 542 540.8622147294319
      vertex 1000 542 542
    endloop
  endfacet
  facet normal 0.04361938736533597 0 0.9990482215818577
    outer loop
      vertex 1000 542 542
      vertex 1026.0595670815499 542 540.8622147294319
      vertex 1000 562 542
    endloop
  endfacet
  facet normal 0 1 0
    outer loop
      vertex 922.6131055143463 562 531.8118220604315
      vertex 948.0791948775878 562 537.4575181506502
      vertex 1077.3868944856538 562 531.8118220604315
    endloop
  endfacet
  facet normal 0 1 0
    outer loop
      vertex 948.0791948775878 562 537.4575181506502
      vertex 973.9404329184503 562 540.8622147294319
      vertex 1051.9208051224123 562 537.4575181506502
    endloop
  endfacet
  facet normal -0.04361938736533617 0 0.9990482215818577
    outer loop
      vertex 1000 542 542
      vertex 1000 562 542
      vertex 973.9404329184503 562 540.8622147294319
    endloop
  endfacet
  facet normal 0 1 0
    outer loop
      vertex 973.9404329184503 562 540.8622147294319
      vertex 1000 562 542
      vertex 1026.0595670815499 562 540.8622147294319
    endloop
  endfacet
  facet normal 0 -1 0
    outer loop
      vertex 922.6131055143463 542 531.8118220604315
      vertex 1077.3868944856538 542 531.8118220604315
      vertex 1051.9208051224123 542 537.4575181506502
    endloop
  endfacet
  facet normal 0.13052619222005055 0 0.9914448613738105
    outer loop
      vertex 1026.0595670815499 542 540.8622147294319
      vertex 1051.9208051224123 542 537.4575181506502
      vertex 1026.0595670815499 562 540.8622147294319
    endloop
  endfacet
  facet normal 0 1 0
    outer loop
      vertex 948.0791948775878 562 537.4575181506502
      vertex 1051.9208051224123 562 537.4575181506502
      vertex 1077.3868944856538 562 531.8118220604315
    endloop
  endfacet
  facet normal 0.04361938736533597 -2.1793242476504484e-18 0.9990482215818577
    outer loop
      vertex 1000 562 542
      vertex 1026.0595670815499 542 540.8622147294319
      vertex 1026.0595670815499 562 540.8622147294319
    endloop
  endfacet
  facet normal 0 1 0
    outer loop
      vertex 973.9404329184503 562 540.8622147294319
      vertex 1026.0595670815499 562 540.8622147294319
      vertex 1051.9208051224123 562 537.4575181506502
    endloop
  endfacet
  facet normal 0.13052619222005055 0 0.9914448613738105
    outer loop
      vertex 1051.9208051224123 542 537.4575181506502
      vertex 1051.9208051224123 562 537.4575181506502
      vertex 1026.0595670815499 562 540.8622147294319
    endloop
  endfacet
  facet normal 0.216439613938101 0 0.9762960071199338
    outer loop
      vertex 1051.9208051224123 542 537.4575181506502
      vertex 1077.3868944856538 542 531.8118220604315
      vertex 1051.9208051224123 562 537.4575181506502
    endloop
  endfacet
  facet normal 0.216439613938101 -1.6672384671275636e-18 0.9762960071199338
    outer loop
      vertex 1051.9208051224123 562 537.4575181506502
      vertex 1077.3868944856538 542 531.8118220604315
      vertex 1077.3868944856538 562 531.8118220604315
    endloop
  endfacet
  facet normal -0.9762960071199346 5.998942212742634e-18 -0.21643961393809794
    outer loop
      vertex -1326.2277624787646 -562 172
      vertex -1330.4575181506502 -562 191.07919487758784
      vertex -1330.4575181506502 -542 191.07919487758784
    endloop
  endfacet
  facet normal -0.9762960071199346 0 -0.21643961393809794
    outer loop
      vertex -1326.2277624787646 -562 172
      vertex -1330.4575181506502 -542 191.07919487758784
      vertex -1326.2277624787646 -542 172
    endloop
  endfacet
  facet normal -0.991444861373811 -3.2739124207299973e-18 -0.13052619222004655
    outer loop
      vertex -1330.4575181506502 -562 191.07919487758784
      vertex -1333.8622147294318 -562 216.9404329184502
      vertex -1333.8622147294318 -542 216.9404329184502
    endloop
  endfacet
  facet normal -0.991444861373811 0 -0.13052619222004655
    outer loop
      vertex -1330.4575181506502 -562 191.07919487758784
      vertex -1333.8622147294318 -542 216.9404329184502
      vertex -1330.4575181506502 -542 191.07919487758784
    endloop
  endfacet
  facet normal -0.9990482215818575 -1.4708855818137139e-19 -0.04361938736534042
    outer loop
      vertex -1333.8622147294318 -562 216.9404329184502
      vertex -1335 -562 243
      vertex -1335 -542 243
    endloop
  endfacet
  facet normal -0.9990482215818575 0 -0.04361938736534042
    outer loop
      vertex -1333.8622147294318 -562 216.9404329184502
      vertex -1335 -542 243
      vertex -1333.8622147294318 -542 216.9404329184502
    endloop
  endfacet
  facet normal -0.9990482215818575 1.4708855818137139e-19 0.04361938736534042
    outer loop
      vertex -1335 -562 243
      vertex -1333.8622147294318 -562 269.0595670815498
      vertex -1333.8622147294318 -542 269.0595670815498
    endloop
  endfacet
  facet normal -0.9990482215818575 0 0.04361938736534042
    outer loop
      vertex -1335 -562 243
      vertex -1333.8622147294318 -542 269.0595670815498
      vertex -1335 -542 243
    endloop
  endfacet
  facet normal 0 -1 0
    outer loop
      vertex -1326.2277624787646 -562 172
      vertex -745.7722375212355 -562 172
      vertex -1330.4575181506502 -562 191.07919487758784
    endloop
  endfacet
  facet normal 0 1 0
    outer loop
      vertex -1326.2277624787646 -542 172
      vertex -1330.4575181506502 -542 191.07919487758784
      vertex -741.5424818493498 -542 191.07919487758784
    endloop
  endfacet
  facet normal 0 -1 0
    outer loop
      vertex -1330.4575181506502 -562 191.07919487758784
      vertex -738.1377852705681 -562 216.9404329184502
      vertex -1333.8622147294318 -562 216.9404329184502
    endloop
  endfacet
  facet normal 0 1 0
    outer loop
      vertex -1330.4575181506502 -542 191.07919487758784
      vertex -1333.8622147294318 -542 216.9404329184502
      vertex -741.5424818493498 -542 191.07919487758784
    endloop
  endfacet
  facet normal 0 -1 0
    outer loop
      vertex -1333.8622147294318 -562 216.9404329184502
      vertex -737 -562 243
      vertex -1335 -562 243
    endloop
  endfacet
  facet normal 0 1 0
    outer loop
      vertex -1333.8622147294318 -542 216.9404329184502
      vertex -1335 -542 243
      vertex -738.1377852705681 -542 216.9404329184502
    endloop
  endfacet
  facet normal 0 -1 0
    outer loop
      vertex -1335 -562 243
      vertex -738.1377852705681 -562 269.0595670815498
      vertex -1333.8622147294318 -562 269.0595670815498
    endloop
  endfacet
  facet normal 0 1 0
    outer loop
      vertex -1335 -542 243
      vertex -1333.8622147294318 -542 269.0595670815498
      vertex -737 -542 243
    endloop
  endfacet
  facet normal -0.991444861373811 0 0.13052619222004655
    outer loop
      vertex -1333.8622147294318 -562 269.0595670815498
      vertex -1330.4575181506502 -542 294.92080512241216
      vertex -1333.8622147294318 -542 269.0595670815498
    endloop
  endfacet
  facet normal -0.991444861373811 3.2739124207299973e-18 0.13052619222004655
    outer loop
      vertex -1333.8622147294318 -562 269.0595670815498
      vertex -1330.4575181506502 -562 294.92080512241216
      vertex -1330.4575181506502 -542 294.92080512241216
    endloop
  endfacet
  facet normal -0.9762960071199338 0 0.216439613938101
    outer loop
      vertex -1330.4575181506502 -562 294.92080512241216
      vertex -1324.8118220604315 -542 320.38689448565367
      vertex -1330.4575181506502 -542 294.92080512241216
    endloop
  endfacet
  facet normal -0.9762960071199338 1.6672384671275636e-18 0.216439613938101
    outer loop
      vertex -1330.4575181506502 -562 294.92080512241216
      vertex -1324.8118220604315 -562 320.38689448565367
      vertex -1324.8118220604315 -542 320.38689448565367
    endloop
  endfacet
  facet normal -0.9537169507482265 0 0.3007057995042746
    outer loop
      vertex -1324.8118220604315 -562 320.38689448565367
      vertex -1316.9680936149866 -542 345.26402285437496
      vertex -1324.8118220604315 -542 320.38689448565367
    endloop
  endfacet
  facet normal -0.9537169507482265 3.0182150309629907e-18 0.3007057995042746
    outer loop
      vertex -1324.8118220604315 -562 320.38689448565367
      vertex -1316.9680936149866 -562 345.26402285437496
      vertex -1316.9680936149866 -542 345.26402285437496
    endloop
  endfacet
  facet normal 0 1 0
    outer loop
      vertex -1333.8622147294318 -542 269.0595670815498
      vertex -1330.4575181506502 -542 294.92080512241216
      vertex -738.1377852705681 -542 269.0595670815498
    endloop
  endfacet
  facet normal 0 -1 0
    outer loop
      vertex -1333.8622147294318 -562 269.0595670815498
      vertex -741.5424818493498 -562 294.92080512241216
      vertex -1330.4575181506502 -562 294.92080512241216
    endloop
  endfacet
  facet normal 0 1 0
    outer loop
      vertex -1330.4575181506502 -542 294.92080512241216
      vertex -1324.8118220604315 -542 320.38689448565367
      vertex -741.5424818493498 -542 294.92080512241216
    endloop
  endfacet
  facet normal 0 -1 0
    outer loop
      vertex -1330.4575181506502 -562 294.92080512241216
      vertex -747.1881779395685 -562 320.38689448565367
      vertex -1324.8118220604315 -562 320.38689448565367
    endloop
  endfacet
  facet normal 0 1 0
    outer loop
      vertex -1324.8118220604315 -542 320.38689448565367
      vertex -1316.9680936149866 -542 345.26402285437496
      vertex -747.1881779395685 -542 320.38689448565367
    endloop
  endfacet
  facet normal 0 -1 0
    outer loop
      vertex -1324.8118220604315 -562 320.38689448565367
      vertex -755.0319063850134 -562 345.26402285437496
      vertex -1316.9680936149866 -562 345.26402285437496
    endloop
  endfacet
  facet normal 0 -1 0
    outer loop
      vertex -1330.4575181506502 -562 191.07919487758784
      vertex -745.7722375212355 -562 172
      vertex -741.5424818493498 -562 191.07919487758784
    endloop
  endfacet
  facet normal 0 1 0
    outer loop
      vertex -1326.2277624787646 -542 172
      vertex -741.5424818493498 -542 191.07919487758784
      vertex -745.7722375212355 -542 172
    endloop
  endfacet
  facet normal 0 -1 0
    outer loop
      vertex -1330.4575181506502 -562 191.07919487758784
      vertex -741.5424818493498 -562 191.07919487758784
      vertex -738.1377852705681 -562 216.9404329184502
    endloop
  endfacet
  facet normal 0 1 0
    outer loop
      vertex -1333.8622147294318 -542 216.9404329184502
      vertex -738.1377852705681 -542 216.9404329184502
      vertex -741.5424818493498 -542 191.07919487758784
    endloop
  endfacet
  facet normal 0 -1 0
    outer loop
      vertex -1333.8622147294318 -562 216.9404329184502
      vertex -738.1377852705681 -562 216.9404329184502
      vertex -737 -562 243
    endloop
  endfacet
  facet normal 0 1 0
    outer loop
      vertex -1335 -542 243
      vertex -737 -542 243
      vertex -738.1377852705681 -542 216.9404329184502
    endloop
  endfacet
  facet normal 0 -1 0
    outer loop
      vertex -1335 -562 243
      vertex -737 -562 243
      vertex -738.1377852705681 -562 269.0595670815498
    endloop
  endfacet
  facet normal 0 1 0
    outer loop
      vertex -737 -542 243
      vertex -1333.8622147294318 -542 269.0595670815498
      vertex -738.1377852705681 -542 269.0595670815498
    endloop
  endfacet
  facet normal 0.9762960071199333 0 -0.2164396139381035
    outer loop
      vertex -745.7722375212355 -562 172
      vertex -745.7722375212355 -542 172
      vertex -741.5424818493498 -562 191.07919487758784
    endloop
  endfacet
  facet normal 0.9762960071199333 1.7036616581507638e-17 -0.2164396139381035
    outer loop
      vertex -745.7722375212355 -542 172
      vertex -741.5424818493498 -542 191.07919487758784
      vertex -741.5424818493498 -562 191.07919487758784
    endloop
  endfacet
  facet normal 0.9914448613738105 0 -0.13052619222005082
    outer loop
      vertex -741.5424818493498 -562 191.07919487758784
      vertex -741.5424818493498 -542 191.07919487758784
      vertex -738.1377852705681 -562 216.9404329184502
    endloop
  endfacet
  facet normal 0.9914448613738105 2.748900233971388e-19 -0.13052619222005082
    outer loop
      vertex -741.5424818493498 -542 191.07919487758784
      vertex -738.1377852705681 -542 216.9404329184502
      vertex -738.1377852705681 -562 216.9404329184502
    endloop
  endfacet
  facet normal 0.9990482215818577 0 -0.04361938736533607
    outer loop
      vertex -738.1377852705681 -562 216.9404329184502
      vertex -738.1377852705681 -542 216.9404329184502
      vertex -737 -562 243
    endloop
  endfacet
  facet normal 0.9990482215818577 7.862336125828525e-19 -0.04361938736533607
    outer loop
      vertex -738.1377852705681 -542 216.9404329184502
      vertex -737 -542 243
      vertex -737 -562 243
    endloop
  endfacet
  facet normal 0.9990482215818577 0 0.04361938736533607
    outer loop
      vertex -737 -562 243
      vertex -737 -542 243
      vertex -738.1377852705681 -562 269.0595670815498
    endloop
  endfacet
  facet normal 0.9990482215818577 -7.862336125828525e-19 0.04361938736533607
    outer loop
      vertex -737 -542 243
      vertex -738.1377852705681 -542 269.0595670815498
      vertex -738.1377852705681 -562 269.0595670815498
    endloop
  endfacet
  facet normal 0 -1 0
    outer loop
      vertex -1333.8622147294318 -562 269.0595670815498
      vertex -738.1377852705681 -562 269.0595670815498
      vertex -741.5424818493498 -562 294.92080512241216
    endloop
  endfacet
  facet normal 0 -1 0
    outer loop
      vertex -1330.4575181506502 -562 294.92080512241216
      vertex -741.5424818493498 -562 294.92080512241216
      vertex -747.1881779395685 -562 320.38689448565367
    endloop
  endfacet
  facet normal 0 1 0
    outer loop
      vertex -1330.4575181506502 -542 294.92080512241216
      vertex -741.5424818493498 -542 294.92080512241216
      vertex -738.1377852705681 -542 269.0595670815498
    endloop
  endfacet
  facet normal 0 -1 0
    outer loop
      vertex -1324.8118220604315 -562 320.38689448565367
      vertex -747.1881779395685 -562 320.38689448565367
      vertex -755.0319063850134 -562 345.26402285437496
    endloop
  endfacet
  facet normal 0 1 0
    outer loop
      vertex -1324.8118220604315 -542 320.38689448565367
      vertex -747.1881779395685 -542 320.38689448565367
      vertex -741.5424818493498 -542 294.92080512241216
    endloop
  endfacet
  facet normal 0 1 0
    outer loop
      vertex -1316.9680936149866 -542 345.26402285437496
      vertex -755.0319063850134 -542 345.26402285437496
      vertex -747.1881779395685 -542 320.38689448565367
    endloop
  endfacet
  facet normal 0.9914448613738105 0 0.13052619222005082
    outer loop
      vertex -738.1377852705681 -562 269.0595670815498
      vertex -738.1377852705681 -542 269.0595670815498
      vertex -741.5424818493498 -562 294.92080512241216
    endloop
  endfacet
  facet normal 0.9762960071199338 0 0.216439613938101
    outer loop
      vertex -741.5424818493498 -562 294.92080512241216
      vertex -741.5424818493498 -542 294.92080512241216
      vertex -747.1881779395685 -562 320.38689448565367
    endloop
  endfacet
  facet normal 0.9914448613738105 -2.748900233971388e-19 0.13052619222005082
    outer loop
      vertex -738.1377852705681 -542 269.0595670815498
      vertex -741.5424818493498 -542 294.92080512241216
      vertex -741.5424818493498 -562 294.92080512241216
    endloop
  endfacet
  facet normal 0.9537169507482265 0 0.3007057995042746
    outer loop
      vertex -747.1881779395685 -562 320.38689448565367
      vertex -747.1881779395685 -542 320.38689448565367
      vertex -755.0319063850134 -562 345.26402285437496
    endloop
  endfacet
  facet normal 0.9762960071199338 -1.6672384671275636e-18 0.216439613938101
    outer loop
      vertex -741.5424818493498 -542 294.92080512241216
      vertex -747.1881779395685 -542 320.38689448565367
      vertex -747.1881779395685 -562 320.38689448565367
    endloop
  endfacet
  facet normal 0.9537169507482265 -3.0182150309629907e-18 0.3007057995042746
    outer loop
      vertex -747.1881779395685 -542 320.38689448565367
      vertex -755.0319063850134 -542 345.26402285437496
      vertex -755.0319063850134 -562 345.26402285437496
    endloop
  endfacet
  facet normal -0.9238795325112874 3.0161549050794077e-18 0.3826834323650885
    outer loop
      vertex -1316.9680936149866 -562 345.26402285437496
      vertex -1306.9860283239584 -562 369.3628602604691
      vertex -1306.9860283239584 -542 369.3628602604691
    endloop
  endfacet
  facet normal -0.9238795325112874 0 0.3826834323650885
    outer loop
      vertex -1316.9680936149866 -562 345.26402285437496
      vertex -1306.9860283239584 -542 369.3628602604691
      vertex -1316.9680936149866 -542 345.26402285437496
    endloop
  endfacet
  facet normal -0.8870108331782194 1.783323220161976e-17 0.46174861323503846
    outer loop
      vertex -1306.9860283239584 -562 369.3628602604691
      vertex -1294.941595731547 -562 392.5
      vertex -1294.941595731547 -542 392.5
    endloop
  endfacet
  facet normal -0.8870108331782194 0 0.46174861323503846
    outer loop
      vertex -1306.9860283239584 -562 369.3628602604691
      vertex -1294.941595731547 -542 392.5
      vertex -1306.9860283239584 -542 369.3628602604691
    endloop
  endfacet
  facet normal -0.8433914458128875 1.6701927099817688e-17 0.5372996083468212
    outer loop
      vertex -1294.941595731547 -562 392.5
      vertex -1280.9264612424085 -562 414.4993544689628
      vertex -1280.9264612424085 -542 414.4993544689628
    endloop
  endfacet
  facet normal -0.8433914458128875 0 0.5372996083468212
    outer loop
      vertex -1294.941595731547 -562 392.5
      vertex -1280.9264612424085 -542 414.4993544689628
      vertex -1294.941595731547 -542 392.5
    endloop
  endfacet
  facet normal -0.7933533402912337 3.57399005317384e-17 0.6087614290087227
    outer loop
      vertex -1280.9264612424085 -562 414.4993544689628
      vertex -1265.0472884925744 -562 435.1934952962753
      vertex -1265.0472884925744 -542 435.1934952962753
    endloop
  endfacet
  facet normal -0.7933533402912337 0 0.6087614290087227
    outer loop
      vertex -1280.9264612424085 -562 414.4993544689628
      vertex -1265.0472884925744 -542 435.1934952962753
      vertex -1280.9264612424085 -542 414.4993544689628
    endloop
  endfacet
  facet normal -0.7372773368101254 0 0.6755902076156588
    outer loop
      vertex -1265.0472884925744 -562 435.1934952962753
      vertex -1247.4249275747777 -542 454.4249275747777
      vertex -1265.0472884925744 -542 435.1934952962753
    endloop
  endfacet
  facet normal 0 -1 0
    outer loop
      vertex -1316.9680936149866 -562 345.26402285437496
      vertex -765.0139716760416 -562 369.3628602604691
      vertex -1306.9860283239584 -562 369.3628602604691
    endloop
  endfacet
  facet normal 0 1 0
    outer loop
      vertex -1316.9680936149866 -542 345.26402285437496
      vertex -1306.9860283239584 -542 369.3628602604691
      vertex -755.0319063850134 -542 345.26402285437496
    endloop
  endfacet
  facet normal 0 -1 0
    outer loop
      vertex -1306.9860283239584 -562 369.3628602604691
      vertex -777.0584042684529 -562 392.5
      vertex -1294.941595731547 -562 392.5
    endloop
  endfacet
  facet normal 0 1 0
    outer loop
      vertex -1306.9860283239584 -542 369.3628602604691
      vertex -1294.941595731547 -542 392.5
      vertex -765.0139716760416 -542 369.3628602604691
    endloop
  endfacet
  facet normal 0 -1 0
    outer loop
      vertex -1294.941595731547 -562 392.5
      vertex -791.0735387575915 -562 414.4993544689628
      vertex -1280.9264612424085 -562 414.4993544689628
    endloop
  endfacet
  facet normal 0 1 0
    outer loop
      vertex -1294.941595731547 -542 392.5
      vertex -1280.9264612424085 -542 414.4993544689628
      vertex -777.0584042684529 -542 392.5
    endloop
  endfacet
  facet normal 0 -1 0
    outer loop
      vertex -1280.9264612424085 -562 414.4993544689628
      vertex -806.9527115074255 -562 435.1934952962753
      vertex -1265.0472884925744 -562 435.1934952962753
    endloop
  endfacet
  facet normal 0 1 0
    outer loop
      vertex -1280.9264612424085 -542 414.4993544689628
      vertex -1265.0472884925744 -542 435.1934952962753
      vertex -791.0735387575915 -542 414.4993544689628
    endloop
  endfacet
  facet normal 0 1 0
    outer loop
      vertex -1265.0472884925744 -542 435.1934952962753
      vertex -1247.4249275747777 -542 454.4249275747777
      vertex -806.9527115074255 -542 435.1934952962753
    endloop
  endfacet
  facet normal -0.7372773368101254 -4.366367486507533e-18 0.6755902076156588
    outer loop
      vertex -1265.0472884925744 -562 435.1934952962753
      vertex -1247.4249275747777 -562 454.4249275747777
      vertex -1247.4249275747777 -542 454.4249275747777
    endloop
  endfacet
  facet normal -0.6755902076156589 0 0.7372773368101251
    outer loop
      vertex -1247.4249275747777 -562 454.4249275747777
      vertex -1228.1934952962752 -562 472.04728849257447
      vertex -1247.4249275747777 -542 454.4249275747777
    endloop
  endfacet
  facet normal -0.608761429008722 0 0.7933533402912342
    outer loop
      vertex -1228.1934952962752 -562 472.04728849257447
      vertex -1207.4993544689628 -562 487.92646124240855
      vertex -1228.1934952962752 -542 472.04728849257447
    endloop
  endfacet
  facet normal -0.6755902076156589 -3.62279269168012e-17 0.7372773368101251
    outer loop
      vertex -1247.4249275747777 -542 454.4249275747777
      vertex -1228.1934952962752 -562 472.04728849257447
      vertex -1228.1934952962752 -542 472.04728849257447
    endloop
  endfacet
  facet normal -0.608761429008722 1.9763319167695002e-17 0.7933533402912342
    outer loop
      vertex -1228.1934952962752 -542 472.04728849257447
      vertex -1207.4993544689628 -562 487.92646124240855
      vertex -1207.4993544689628 -542 487.92646124240855
    endloop
  endfacet
  facet normal -0.5372996083468227 0 0.8433914458128864
    outer loop
      vertex -1207.4993544689628 -562 487.92646124240855
      vertex -1185.5 -562 501.9415957315471
      vertex -1207.4993544689628 -542 487.92646124240855
    endloop
  endfacet
  facet normal -0.4617486132350385 0 0.8870108331782193
    outer loop
      vertex -1185.5 -562 501.9415957315471
      vertex -1162.3628602604692 -562 513.9860283239584
      vertex -1185.5 -542 501.9415957315471
    endloop
  endfacet
  facet normal -0.5372996083468227 1.663158965660204e-17 0.8433914458128864
    outer loop
      vertex -1207.4993544689628 -542 487.92646124240855
      vertex -1185.5 -562 501.9415957315471
      vertex -1185.5 -542 501.9415957315471
    endloop
  endfacet
  facet normal 0 -1 0
    outer loop
      vertex -1265.0472884925744 -562 435.1934952962753
      vertex -824.5750724252223 -562 454.4249275747777
      vertex -1247.4249275747777 -562 454.4249275747777
    endloop
  endfacet
  facet normal 0 1 0
    outer loop
      vertex -1247.4249275747777 -542 454.4249275747777
      vertex -1228.1934952962752 -542 472.04728849257447
      vertex -824.5750724252223 -542 454.4249275747777
    endloop
  endfacet
  facet normal 0 -1 0
    outer loop
      vertex -1247.4249275747777 -562 454.4249275747777
      vertex -843.8065047037247 -562 472.04728849257447
      vertex -1228.1934952962752 -562 472.04728849257447
    endloop
  endfacet
  facet normal 0 -1 0
    outer loop
      vertex -1228.1934952962752 -562 472.04728849257447
      vertex -864.5006455310372 -562 487.92646124240855
      vertex -1207.4993544689628 -562 487.92646124240855
    endloop
  endfacet
  facet normal 0 1 0
    outer loop
      vertex -1228.1934952962752 -542 472.04728849257447
      vertex -1207.4993544689628 -542 487.92646124240855
      vertex -843.8065047037247 -542 472.04728849257447
    endloop
  endfacet
  facet normal -0.4617486132350385 -6.792397887257771e-18 0.8870108331782193
    outer loop
      vertex -1185.5 -542 501.9415957315471
      vertex -1162.3628602604692 -562 513.9860283239584
      vertex -1162.3628602604692 -542 513.9860283239584
    endloop
  endfacet
  facet normal 0 -1 0
    outer loop
      vertex -1207.4993544689628 -562 487.92646124240855
      vertex -886.5 -562 501.9415957315471
      vertex -1185.5 -562 501.9415957315471
    endloop
  endfacet
  facet normal -0.38268343236508534 0 0.9238795325112885
    outer loop
      vertex -1162.3628602604692 -562 513.9860283239584
      vertex -1138.2640228543748 -562 523.9680936149866
      vertex -1162.3628602604692 -542 513.9860283239584
    endloop
  endfacet
  facet normal -0.3007057995042771 0 0.9537169507482256
    outer loop
      vertex -1138.2640228543748 -562 523.9680936149866
      vertex -1113.3868944856538 -562 531.8118220604315
      vertex -1138.2640228543748 -542 523.9680936149866
    endloop
  endfacet
  facet normal -0.38268343236508534 -4.800551038902846e-18 0.9238795325112885
    outer loop
      vertex -1162.3628602604692 -542 513.9860283239584
      vertex -1138.2640228543748 -562 523.9680936149866
      vertex -1138.2640228543748 -542 523.9680936149866
    endloop
  endfacet
  facet normal -0.3007057995042771 1.6647683273425475e-17 0.9537169507482256
    outer loop
      vertex -1138.2640228543748 -542 523.9680936149866
      vertex -1113.3868944856538 -562 531.8118220604315
      vertex -1113.3868944856538 -542 531.8118220604315
    endloop
  endfacet
  facet normal 0 -1 0
    outer loop
      vertex -1185.5 -562 501.9415957315471
      vertex -909.6371397395309 -562 513.9860283239584
      vertex -1162.3628602604692 -562 513.9860283239584
    endloop
  endfacet
  facet normal 0 1 0
    outer loop
      vertex -1207.4993544689628 -542 487.92646124240855
      vertex -1185.5 -542 501.9415957315471
      vertex -864.5006455310372 -542 487.92646124240855
    endloop
  endfacet
  facet normal 0 1 0
    outer loop
      vertex -1185.5 -542 501.9415957315471
      vertex -1162.3628602604692 -542 513.9860283239584
      vertex -886.5 -542 501.9415957315471
    endloop
  endfacet
  facet normal 0 -1 0
    outer loop
      vertex -1162.3628602604692 -562 513.9860283239584
      vertex -933.735977145625 -562 523.9680936149866
      vertex -1138.2640228543748 -562 523.9680936149866
    endloop
  endfacet
  facet normal 0 -1 0
    outer loop
      vertex -1138.2640228543748 -562 523.9680936149866
      vertex -958.6131055143463 -562 531.8118220604315
      vertex -1113.3868944856538 -562 531.8118220604315
    endloop
  endfacet
  facet normal 0 1 0
    outer loop
      vertex -1162.3628602604692 -542 513.9860283239584
      vertex -1138.2640228543748 -542 523.9680936149866
      vertex -909.6371397395309 -542 513.9860283239584
    endloop
  endfacet
  facet normal 0 1 0
    outer loop
      vertex -1138.2640228543748 -542 523.9680936149866
      vertex -1113.3868944856538 -542 531.8118220604315
      vertex -933.735977145625 -542 523.9680936149866
    endloop
  endfacet
  facet normal 0 -1 0
    outer loop
      vertex -1138.2640228543748 -562 523.9680936149866
      vertex -933.735977145625 -562 523.9680936149866
      vertex -958.6131055143463 -562 531.8118220604315
    endloop
  endfacet
  facet normal 0 -1 0
    outer loop
      vertex -1316.9680936149866 -562 345.26402285437496
      vertex -755.0319063850134 -562 345.26402285437496
      vertex -765.0139716760416 -562 369.3628602604691
    endloop
  endfacet
  facet normal 0 1 0
    outer loop
      vertex -755.0319063850134 -542 345.26402285437496
      vertex -1306.9860283239584 -542 369.3628602604691
      vertex -765.0139716760416 -542 369.3628602604691
    endloop
  endfacet
  facet normal 0 -1 0
    outer loop
      vertex -1306.9860283239584 -562 369.3628602604691
      vertex -765.0139716760416 -562 369.3628602604691
      vertex -777.0584042684529 -562 392.5
    endloop
  endfacet
  facet normal 0 1 0
    outer loop
      vertex -1294.941595731547 -542 392.5
      vertex -777.0584042684529 -542 392.5
      vertex -765.0139716760416 -542 369.3628602604691
    endloop
  endfacet
  facet normal 0 -1 0
    outer loop
      vertex -1294.941595731547 -562 392.5
      vertex -777.0584042684529 -562 392.5
      vertex -791.0735387575915 -562 414.4993544689628
    endloop
  endfacet
  facet normal 0 1 0
    outer loop
      vertex -1280.9264612424085 -542 414.4993544689628
      vertex -791.0735387575915 -542 414.4993544689628
      vertex -777.0584042684529 -542 392.5
    endloop
  endfacet
  facet normal 0 -1 0
    outer loop
      vertex -1265.0472884925744 -562 435.1934952962753
      vertex -806.9527115074255 -562 435.1934952962753
      vertex -824.5750724252223 -562 454.4249275747777
    endloop
  endfacet
  facet normal 0 -1 0
    outer loop
      vertex -1280.9264612424085 -562 414.4993544689628
      vertex -791.0735387575915 -562 414.4993544689628
      vertex -806.9527115074255 -562 435.1934952962753
    endloop
  endfacet
  facet normal 0 1 0
    outer loop
      vertex -1265.0472884925744 -542 435.1934952962753
      vertex -806.9527115074255 -542 435.1934952962753
      vertex -791.0735387575915 -542 414.4993544689628
    endloop
  endfacet
  facet normal 0.9238795325112874 -3.0161549050794077e-18 0.3826834323650885
    outer loop
      vertex -755.0319063850134 -542 345.26402285437496
      vertex -765.0139716760416 -542 369.3628602604691
      vertex -765.0139716760416 -562 369.3628602604691
    endloop
  endfacet
  facet normal 0.8870108331782194 0 0.46174861323503846
    outer loop
      vertex -765.0139716760416 -562 369.3628602604691
      vertex -765.0139716760416 -542 369.3628602604691
      vertex -777.0584042684529 -562 392.5
    endloop
  endfacet
  facet normal 0.8870108331782194 -1.783323220161976e-17 0.46174861323503846
    outer loop
      vertex -765.0139716760416 -542 369.3628602604691
      vertex -777.0584042684529 -542 392.5
      vertex -777.0584042684529 -562 392.5
    endloop
  endfacet
  facet normal 0.9238795325112874 0 0.3826834323650885
    outer loop
      vertex -755.0319063850134 -562 345.26402285437496
      vertex -755.0319063850134 -542 345.26402285437496
      vertex -765.0139716760416 -562 369.3628602604691
    endloop
  endfacet
  facet normal 0.8433914458128875 0 0.5372996083468212
    outer loop
      vertex -777.0584042684529 -562 392.5
      vertex -777.0584042684529 -542 392.5
      vertex -791.0735387575915 -562 414.4993544689628
    endloop
  endfacet
  facet normal 0.8433914458128875 -1.6701927099817688e-17 0.5372996083468212
    outer loop
      vertex -777.0584042684529 -542 392.5
      vertex -791.0735387575915 -542 414.4993544689628
      vertex -791.0735387575915 -562 414.4993544689628
    endloop
  endfacet
  facet normal 0.7372773368101232 0 0.6755902076156611
    outer loop
      vertex -806.9527115074255 -562 435.1934952962753
      vertex -806.9527115074255 -542 435.1934952962753
      vertex -824.5750724252223 -562 454.4249275747777
    endloop
  endfacet
  facet normal 0.7933533402912358 6.567497966084557e-18 0.6087614290087199
    outer loop
      vertex -791.0735387575915 -542 414.4993544689628
      vertex -806.9527115074255 -542 435.1934952962753
      vertex -806.9527115074255 -562 435.1934952962753
    endloop
  endfacet
  facet normal 0.7933533402912358 0 0.6087614290087199
    outer loop
      vertex -791.0735387575915 -562 414.4993544689628
      vertex -791.0735387575915 -542 414.4993544689628
      vertex -806.9527115074255 -562 435.1934952962753
    endloop
  endfacet
  facet normal 0 -1 0
    outer loop
      vertex -1247.4249275747777 -562 454.4249275747777
      vertex -824.5750724252223 -562 454.4249275747777
      vertex -843.8065047037247 -562 472.04728849257447
    endloop
  endfacet
  facet normal 0 1 0
    outer loop
      vertex -806.9527115074255 -542 435.1934952962753
      vertex -1247.4249275747777 -542 454.4249275747777
      vertex -824.5750724252223 -542 454.4249275747777
    endloop
  endfacet
  facet normal 0 -1 0
    outer loop
      vertex -1228.1934952962752 -562 472.04728849257447
      vertex -843.8065047037247 -562 472.04728849257447
      vertex -864.5006455310372 -562 487.92646124240855
    endloop
  endfacet
  facet normal 0 1 0
    outer loop
      vertex -1228.1934952962752 -542 472.04728849257447
      vertex -843.8065047037247 -542 472.04728849257447
      vertex -824.5750724252223 -542 454.4249275747777
    endloop
  endfacet
  facet normal 0 1 0
    outer loop
      vertex -1207.4993544689628 -542 487.92646124240855
      vertex -864.5006455310372 -542 487.92646124240855
      vertex -843.8065047037247 -542 472.04728849257447
    endloop
  endfacet
  facet normal 0.6087614290087199 6.567497966084557e-18 0.7933533402912358
    outer loop
      vertex -843.8065047037247 -562 472.04728849257447
      vertex -864.5006455310372 -542 487.92646124240855
      vertex -864.5006455310372 -562 487.92646124240855
    endloop
  endfacet
  facet normal 0.6087614290087199 0 0.7933533402912358
    outer loop
      vertex -843.8065047037247 -562 472.04728849257447
      vertex -843.8065047037247 -542 472.04728849257447
      vertex -864.5006455310372 -542 487.92646124240855
    endloop
  endfacet
  facet normal 0 -1 0
    outer loop
      vertex -1207.4993544689628 -562 487.92646124240855
      vertex -864.5006455310372 -562 487.92646124240855
      vertex -886.5 -562 501.9415957315471
    endloop
  endfacet
  facet normal 0 -1 0
    outer loop
      vertex -1185.5 -562 501.9415957315471
      vertex -886.5 -562 501.9415957315471
      vertex -909.6371397395309 -562 513.9860283239584
    endloop
  endfacet
  facet normal 0 1 0
    outer loop
      vertex -1185.5 -542 501.9415957315471
      vertex -886.5 -542 501.9415957315471
      vertex -864.5006455310372 -542 487.92646124240855
    endloop
  endfacet
  facet normal 0 1 0
    outer loop
      vertex -1162.3628602604692 -542 513.9860283239584
      vertex -909.6371397395309 -542 513.9860283239584
      vertex -886.5 -542 501.9415957315471
    endloop
  endfacet
  facet normal 0 -1 0
    outer loop
      vertex -1162.3628602604692 -562 513.9860283239584
      vertex -909.6371397395309 -562 513.9860283239584
      vertex -933.735977145625 -562 523.9680936149866
    endloop
  endfacet
  facet normal 0 1 0
    outer loop
      vertex -1138.2640228543748 -542 523.9680936149866
      vertex -933.735977145625 -542 523.9680936149866
      vertex -909.6371397395309 -542 513.9860283239584
    endloop
  endfacet
  facet normal 0 1 0
    outer loop
      vertex -1113.3868944856538 -542 531.8118220604315
      vertex -958.6131055143463 -542 531.8118220604315
      vertex -933.735977145625 -542 523.9680936149866
    endloop
  endfacet
  facet normal 0.3826834323650885 -3.0161549050794077e-18 0.9238795325112874
    outer loop
      vertex -909.6371397395309 -562 513.9860283239584
      vertex -933.735977145625 -542 523.9680936149866
      vertex -933.735977145625 -562 523.9680936149866
    endloop
  endfacet
  facet normal 0.3007057995042746 -3.0182150309629907e-18 0.9537169507482265
    outer loop
      vertex -933.735977145625 -562 523.9680936149866
      vertex -958.6131055143463 -542 531.8118220604315
      vertex -958.6131055143463 -562 531.8118220604315
    endloop
  endfacet
  facet normal 0.3007057995042746 0 0.9537169507482265
    outer loop
      vertex -933.735977145625 -562 523.9680936149866
      vertex -933.735977145625 -542 523.9680936149866
      vertex -958.6131055143463 -542 531.8118220604315
    endloop
  endfacet
  facet normal 0.4617486132350368 -2.890405155555146e-18 0.8870108331782204
    outer loop
      vertex -886.5 -562 501.9415957315471
      vertex -909.6371397395309 -542 513.9860283239584
      vertex -909.6371397395309 -562 513.9860283239584
    endloop
  endfacet
  facet normal 0.4617486132350368 0 0.8870108331782204
    outer loop
      vertex -886.5 -562 501.9415957315471
      vertex -886.5 -542 501.9415957315471
      vertex -909.6371397395309 -542 513.9860283239584
    endloop
  endfacet
  facet normal 0.5372996083468227 -1.663158965660204e-17 0.8433914458128864
    outer loop
      vertex -864.5006455310372 -562 487.92646124240855
      vertex -886.5 -542 501.9415957315471
      vertex -886.5 -562 501.9415957315471
    endloop
  endfacet
  facet normal 0.5372996083468227 0 0.8433914458128864
    outer loop
      vertex -864.5006455310372 -562 487.92646124240855
      vertex -864.5006455310372 -542 487.92646124240855
      vertex -886.5 -542 501.9415957315471
    endloop
  endfacet
  facet normal 0.3826834323650885 0 0.9238795325112874
    outer loop
      vertex -909.6371397395309 -562 513.9860283239584
      vertex -909.6371397395309 -542 513.9860283239584
      vertex -933.735977145625 -542 523.9680936149866
    endloop
  endfacet
  facet normal 0.7372773368101232 -4.6067628120723416e-17 0.6755902076156611
    outer loop
      vertex -806.9527115074255 -542 435.1934952962753
      vertex -824.5750724252223 -542 454.4249275747777
      vertex -824.5750724252223 -562 454.4249275747777
    endloop
  endfacet
  facet normal 0.6755902076156611 -4.6067628120723416e-17 0.7372773368101232
    outer loop
      vertex -843.8065047037247 -542 472.04728849257447
      vertex -824.5750724252223 -562 454.4249275747777
      vertex -824.5750724252223 -542 454.4249275747777
    endloop
  endfacet
  facet normal 0.6755902076156611 0 0.7372773368101232
    outer loop
      vertex -843.8065047037247 -562 472.04728849257447
      vertex -824.5750724252223 -562 454.4249275747777
      vertex -843.8065047037247 -542 472.04728849257447
    endloop
  endfacet
  facet normal -0.216439613938101 0 0.9762960071199338
    outer loop
      vertex -1113.3868944856538 -562 531.8118220604315
      vertex -1087.9208051224123 -562 537.4575181506502
      vertex -1113.3868944856538 -542 531.8118220604315
    endloop
  endfacet
  facet normal -0.216439613938101 1.6672384671275636e-18 0.9762960071199338
    outer loop
      vertex -1113.3868944856538 -542 531.8118220604315
      vertex -1087.9208051224123 -562 537.4575181506502
      vertex -1087.9208051224123 -542 537.4575181506502
    endloop
  endfacet
  facet normal -0.13052619222005055 0 0.9914448613738105
    outer loop
      vertex -1087.9208051224123 -562 537.4575181506502
      vertex -1062.0595670815499 -562 540.8622147294319
      vertex -1087.9208051224123 -542 537.4575181506502
    endloop
  endfacet
  facet normal 0 -1 0
    outer loop
      vertex -1113.3868944856538 -562 531.8118220604315
      vertex -984.0791948775878 -562 537.4575181506502
      vertex -1087.9208051224123 -562 537.4575181506502
    endloop
  endfacet
  facet normal 0 -1 0
    outer loop
      vertex -1087.9208051224123 -562 537.4575181506502
      vertex -1009.9404329184503 -562 540.8622147294319
      vertex -1062.0595670815499 -562 540.8622147294319
    endloop
  endfacet
  facet normal -0.04361938736533597 0 0.9990482215818577
    outer loop
      vertex -1062.0595670815499 -562 540.8622147294319
      vertex -1036 -562 542
      vertex -1062.0595670815499 -542 540.8622147294319
    endloop
  endfacet
  facet normal -0.13052619222005055 0 0.9914448613738105
    outer loop
      vertex -1062.0595670815499 -562 540.8622147294319
      vertex -1062.0595670815499 -542 540.8622147294319
      vertex -1087.9208051224123 -542 537.4575181506502
    endloop
  endfacet
  facet normal 0 1 0
    outer loop
      vertex -1113.3868944856538 -542 531.8118220604315
      vertex -1087.9208051224123 -542 537.4575181506502
      vertex -958.6131055143463 -542 531.8118220604315
    endloop
  endfacet
  facet normal 0 -1 0
    outer loop
      vertex -1087.9208051224123 -562 537.4575181506502
      vertex -984.0791948775878 -562 537.4575181506502
      vertex -1009.9404329184503 -562 540.8622147294319
    endloop
  endfacet
  facet normal 0 -1 0
    outer loop
      vertex -1062.0595670815499 -562 540.8622147294319
      vertex -1009.9404329184503 -562 540.8622147294319
      vertex -1036 -562 542
    endloop
  endfacet
  facet normal 0.04361938736533617 0 0.9990482215818577
    outer loop
      vertex -1036 -562 542
      vertex -1009.9404329184503 -562 540.8622147294319
      vertex -1036 -542 542
    endloop
  endfacet
  facet normal 0 -1 0
    outer loop
      vertex -1113.3868944856538 -562 531.8118220604315
      vertex -958.6131055143463 -562 531.8118220604315
      vertex -984.0791948775878 -562 537.4575181506502
    endloop
  endfacet
  facet normal -0.04361938736533597 2.1793242476504484e-18 0.9990482215818577
    outer loop
      vertex -1062.0595670815499 -542 540.8622147294319
      vertex -1036 -562 542
      vertex -1036 -542 542
    endloop
  endfacet
  facet normal 0 1 0
    outer loop
      vertex -1087.9208051224123 -542 537.4575181506502
      vertex -1062.0595670815499 -542 540.8622147294319
      vertex -984.0791948775878 -542 537.4575181506502
    endloop
  endfacet
  facet normal 0 1 0
    outer loop
      vertex -1062.0595670815499 -542 540.8622147294319
      vertex -1036 -542 542
      vertex -1009.9404329184503 -542 540.8622147294319
    endloop
  endfacet
  facet normal 0.04361938736533617 0 0.9990482215818577
    outer loop
      vertex -1009.9404329184503 -562 540.8622147294319
      vertex -1009.9404329184503 -542 540.8622147294319
      vertex -1036 -542 542
    endloop
  endfacet
  facet normal 0 1 0
    outer loop
      vertex -1087.9208051224123 -542 537.4575181506502
      vertex -984.0791948775878 -542 537.4575181506502
      vertex -958.6131055143463 -542 531.8118220604315
    endloop
  endfacet
  facet normal 0 1 0
    outer loop
      vertex -1062.0595670815499 -542 540.8622147294319
      vertex -1009.9404329184503 -542 540.8622147294319
      vertex -984.0791948775878 -542 537.4575181506502
    endloop
  endfacet
  facet normal 0.13052619222005055 0 0.9914448613738105
    outer loop
      vertex -1009.9404329184503 -562 540.8622147294319
      vertex -984.0791948775878 -562 537.4575181506502
      vertex -1009.9404329184503 -542 540.8622147294319
    endloop
  endfacet
  facet normal 0.216439613938101 0 0.9762960071199338
    outer loop
      vertex -984.0791948775878 -562 537.4575181506502
      vertex -958.6131055143463 -562 531.8118220604315
      vertex -984.0791948775878 -542 537.4575181506502
    endloop
  endfacet
  facet normal 0.13052619222005055 1.0109427061023941e-17 0.9914448613738105
    outer loop
      vertex -1009.9404329184503 -542 540.8622147294319
      vertex -984.0791948775878 -562 537.4575181506502
      vertex -984.0791948775878 -542 537.4575181506502
    endloop
  endfacet
  facet normal 0.216439613938101 -1.6672384671275636e-18 0.9762960071199338
    outer loop
      vertex -984.0791948775878 -542 537.4575181506502
      vertex -958.6131055143463 -562 531.8118220604315
      vertex -958.6131055143463 -542 531.8118220604315
    endloop
  endfacet
  facet normal -0.9762960071199346 5.998942212742634e-18 -0.21643961393809794
    outer loop
      vertex -1326.2277624787646 542 172
      vertex -1330.4575181506502 542 191.07919487758784
      vertex -1330.4575181506502 562 191.07919487758784
    endloop
  endfacet
  facet normal -0.9762960071199346 0 -0.21643961393809794
    outer loop
      vertex -1326.2277624787646 542 172
      vertex -1330.4575181506502 562 191.07919487758784
      vertex -1326.2277624787646 562 172
    endloop
  endfacet
  facet normal -0.991444861373811 -3.2739124207299973e-18 -0.13052619222004655
    outer loop
      vertex -1330.4575181506502 542 191.07919487758784
      vertex -1333.8622147294318 542 216.9404329184502
      vertex -1333.8622147294318 562 216.9404329184502
    endloop
  endfacet
  facet normal -0.991444861373811 0 -0.13052619222004655
    outer loop
      vertex -1330.4575181506502 542 191.07919487758784
      vertex -1333.8622147294318 562 216.9404329184502
      vertex -1330.4575181506502 562 191.07919487758784
    endloop
  endfacet
  facet normal -0.9990482215818575 -1.4708855818137139e-19 -0.04361938736534042
    outer loop
      vertex -1333.8622147294318 542 216.9404329184502
      vertex -1335 542 243
      vertex -1335 562 243
    endloop
  endfacet
  facet normal -0.9990482215818575 0 -0.04361938736534042
    outer loop
      vertex -1333.8622147294318 542 216.9404329184502
      vertex -1335 562 243
      vertex -1333.8622147294318 562 216.9404329184502
    endloop
  endfacet
  facet normal -0.9990482215818575 1.4708855818137139e-19 0.04361938736534042
    outer loop
      vertex -1335 542 243
      vertex -1333.8622147294318 542 269.0595670815498
      vertex -1333.8622147294318 562 269.0595670815498
    endloop
  endfacet
  facet normal -0.9990482215818575 0 0.04361938736534042
    outer loop
      vertex -1335 542 243
      vertex -1333.8622147294318 562 269.0595670815498
      vertex -1335 562 243
    endloop
  endfacet
  facet normal 0 -1 0
    outer loop
      vertex -1326.2277624787646 542 172
      vertex -745.7722375212355 542 172
      vertex -1330.4575181506502 542 191.07919487758784
    endloop
  endfacet
  facet normal 0 1 0
    outer loop
      vertex -1326.2277624787646 562 172
      vertex -1330.4575181506502 562 191.07919487758784
      vertex -741.5424818493498 562 191.07919487758784
    endloop
  endfacet
  facet normal 0 -1 0
    outer loop
      vertex -1330.4575181506502 542 191.07919487758784
      vertex -738.1377852705681 542 216.9404329184502
      vertex -1333.8622147294318 542 216.9404329184502
    endloop
  endfacet
  facet normal 0 1 0
    outer loop
      vertex -1330.4575181506502 562 191.07919487758784
      vertex -1333.8622147294318 562 216.9404329184502
      vertex -741.5424818493498 562 191.07919487758784
    endloop
  endfacet
  facet normal 0 -1 0
    outer loop
      vertex -1333.8622147294318 542 216.9404329184502
      vertex -737 542 243
      vertex -1335 542 243
    endloop
  endfacet
  facet normal 0 1 0
    outer loop
      vertex -1333.8622147294318 562 216.9404329184502
      vertex -1335 562 243
      vertex -738.1377852705681 562 216.9404329184502
    endloop
  endfacet
  facet normal 0 -1 0
    outer loop
      vertex -1335 542 243
      vertex -738.1377852705681 542 269.0595670815498
      vertex -1333.8622147294318 542 269.0595670815498
    endloop
  endfacet
  facet normal 0 1 0
    outer loop
      vertex -1335 562 243
      vertex -1333.8622147294318 562 269.0595670815498
      vertex -737 562 243
    endloop
  endfacet
  facet normal -0.991444861373811 0 0.13052619222004655
    outer loop
      vertex -1333.8622147294318 542 269.0595670815498
      vertex -1330.4575181506502 562 294.92080512241216
      vertex -1333.8622147294318 562 269.0595670815498
    endloop
  endfacet
  facet normal -0.991444861373811 3.2739124207299973e-18 0.13052619222004655
    outer loop
      vertex -1333.8622147294318 542 269.0595670815498
      vertex -1330.4575181506502 542 294.92080512241216
      vertex -1330.4575181506502 562 294.92080512241216
    endloop
  endfacet
  facet normal -0.9762960071199338 0 0.216439613938101
    outer loop
      vertex -1330.4575181506502 542 294.92080512241216
      vertex -1324.8118220604315 562 320.38689448565367
      vertex -1330.4575181506502 562 294.92080512241216
    endloop
  endfacet
  facet normal -0.9762960071199338 1.6672384671275636e-18 0.216439613938101
    outer loop
      vertex -1330.4575181506502 542 294.92080512241216
      vertex -1324.8118220604315 542 320.38689448565367
      vertex -1324.8118220604315 562 320.38689448565367
    endloop
  endfacet
  facet normal -0.9537169507482265 0 0.3007057995042746
    outer loop
      vertex -1324.8118220604315 542 320.38689448565367
      vertex -1316.9680936149866 562 345.26402285437496
      vertex -1324.8118220604315 562 320.38689448565367
    endloop
  endfacet
  facet normal -0.9537169507482265 3.0182150309629907e-18 0.3007057995042746
    outer loop
      vertex -1324.8118220604315 542 320.38689448565367
      vertex -1316.9680936149866 542 345.26402285437496
      vertex -1316.9680936149866 562 345.26402285437496
    endloop
  endfacet
  facet normal 0 1 0
    outer loop
      vertex -1333.8622147294318 562 269.0595670815498
      vertex -1330.4575181506502 562 294.92080512241216
      vertex -738.1377852705681 562 269.0595670815498
    endloop
  endfacet
  facet normal 0 -1 0
    outer loop
      vertex -1333.8622147294318 542 269.0595670815498
      vertex -741.5424818493498 542 294.92080512241216
      vertex -1330.4575181506502 542 294.92080512241216
    endloop
  endfacet
  facet normal 0 1 0
    outer loop
      vertex -1330.4575181506502 562 294.92080512241216
      vertex -1324.8118220604315 562 320.38689448565367
      vertex -741.5424818493498 562 294.92080512241216
    endloop
  endfacet
  facet normal 0 -1 0
    outer loop
      vertex -1330.4575181506502 542 294.92080512241216
      vertex -747.1881779395685 542 320.38689448565367
      vertex -1324.8118220604315 542 320.38689448565367
    endloop
  endfacet
  facet normal 0 1 0
    outer loop
      vertex -1324.8118220604315 562 320.38689448565367
      vertex -1316.9680936149866 562 345.26402285437496
      vertex -747.1881779395685 562 320.38689448565367
    endloop
  endfacet
  facet normal 0 -1 0
    outer loop
      vertex -1324.8118220604315 542 320.38689448565367
      vertex -755.0319063850134 542 345.26402285437496
      vertex -1316.9680936149866 542 345.26402285437496
    endloop
  endfacet
  facet normal 0 -1 0
    outer loop
      vertex -1330.4575181506502 542 191.07919487758784
      vertex -745.7722375212355 542 172
      vertex -741.5424818493498 542 191.07919487758784
    endloop
  endfacet
  facet normal 0 1 0
    outer loop
      vertex -1326.2277624787646 562 172
      vertex -741.5424818493498 562 191.07919487758784
      vertex -745.7722375212355 562 172
    endloop
  endfacet
  facet normal 0 -1 0
    outer loop
      vertex -1330.4575181506502 542 191.07919487758784
      vertex -741.5424818493498 542 191.07919487758784
      vertex -738.1377852705681 542 216.9404329184502
    endloop
  endfacet
  facet normal 0 1 0
    outer loop
      vertex -1333.8622147294318 562 216.9404329184502
      vertex -738.1377852705681 562 216.9404329184502
      vertex -741.5424818493498 562 191.07919487758784
    endloop
  endfacet
  facet normal 0 -1 0
    outer loop
      vertex -1333.8622147294318 542 216.9404329184502
      vertex -738.1377852705681 542 216.9404329184502
      vertex -737 542 243
    endloop
  endfacet
  facet normal 0 1 0
    outer loop
      vertex -1335 562 243
      vertex -737 562 243
      vertex -738.1377852705681 562 216.9404329184502
    endloop
  endfacet
  facet normal 0 -1 0
    outer loop
      vertex -1335 542 243
      vertex -737 542 243
      vertex -738.1377852705681 542 269.0595670815498
    endloop
  endfacet
  facet normal 0 1 0
    outer loop
      vertex -737 562 243
      vertex -1333.8622147294318 562 269.0595670815498
      vertex -738.1377852705681 562 269.0595670815498
    endloop
  endfacet
  facet normal 0.9762960071199333 0 -0.2164396139381035
    outer loop
      vertex -745.7722375212355 542 172
      vertex -745.7722375212355 562 172
      vertex -741.5424818493498 542 191.07919487758784
    endloop
  endfacet
  facet normal 0.9762960071199333 1.7036616581507638e-17 -0.2164396139381035
    outer loop
      vertex -745.7722375212355 562 172
      vertex -741.5424818493498 562 191.07919487758784
      vertex -741.5424818493498 542 191.07919487758784
    endloop
  endfacet
  facet normal 0.9914448613738105 0 -0.13052619222005082
    outer loop
      vertex -741.5424818493498 542 191.07919487758784
      vertex -741.5424818493498 562 191.07919487758784
      vertex -738.1377852705681 542 216.9404329184502
    endloop
  endfacet
  facet normal 0.9914448613738105 2.748900233971388e-19 -0.13052619222005082
    outer loop
      vertex -741.5424818493498 562 191.07919487758784
      vertex -738.1377852705681 562 216.9404329184502
      vertex -738.1377852705681 542 216.9404329184502
    endloop
  endfacet
  facet normal 0.9990482215818577 0 -0.04361938736533607
    outer loop
      vertex -738.1377852705681 542 216.9404329184502
      vertex -738.1377852705681 562 216.9404329184502
      vertex -737 542 243
    endloop
  endfacet
  facet normal 0.9990482215818577 7.862336125828525e-19 -0.04361938736533607
    outer loop
      vertex -738.1377852705681 562 216.9404329184502
      vertex -737 562 243
      vertex -737 542 243
    endloop
  endfacet
  facet normal 0.9990482215818577 0 0.04361938736533607
    outer loop
      vertex -737 542 243
      vertex -737 562 243
      vertex -738.1377852705681 542 269.0595670815498
    endloop
  endfacet
  facet normal 0.9990482215818577 -7.862336125828525e-19 0.04361938736533607
    outer loop
      vertex -737 562 243
      vertex -738.1377852705681 562 269.0595670815498
      vertex -738.1377852705681 542 269.0595670815498
    endloop
  endfacet
  facet normal 0 -1 0
    outer loop
      vertex -1333.8622147294318 542 269.0595670815498
      vertex -738.1377852705681 542 269.0595670815498
      vertex -741.5424818493498 542 294.92080512241216
    endloop
  endfacet
  facet normal 0 -1 0
    outer loop
      vertex -1330.4575181506502 542 294.92080512241216
      vertex -741.5424818493498 542 294.92080512241216
      vertex -747.1881779395685 542 320.38689448565367
    endloop
  endfacet
  facet normal 0 1 0
    outer loop
      vertex -1330.4575181506502 562 294.92080512241216
      vertex -741.5424818493498 562 294.92080512241216
      vertex -738.1377852705681 562 269.0595670815498
    endloop
  endfacet
  facet normal 0 -1 0
    outer loop
      vertex -1324.8118220604315 542 320.38689448565367
      vertex -747.1881779395685 542 320.38689448565367
      vertex -755.0319063850134 542 345.26402285437496
    endloop
  endfacet
  facet normal 0 1 0
    outer loop
      vertex -1324.8118220604315 562 320.38689448565367
      vertex -747.1881779395685 562 320.38689448565367
      vertex -741.5424818493498 562 294.92080512241216
    endloop
  endfacet
  facet normal 0 1 0
    outer loop
      vertex -1316.9680936149866 562 345.26402285437496
      vertex -755.0319063850134 562 345.26402285437496
      vertex -747.1881779395685 562 320.38689448565367
    endloop
  endfacet
  facet normal 0.9914448613738105 0 0.13052619222005082
    outer loop
      vertex -738.1377852705681 542 269.0595670815498
      vertex -738.1377852705681 562 269.0595670815498
      vertex -741.5424818493498 542 294.92080512241216
    endloop
  endfacet
  facet normal 0.9762960071199338 0 0.216439613938101
    outer loop
      vertex -741.5424818493498 542 294.92080512241216
      vertex -741.5424818493498 562 294.92080512241216
      vertex -747.1881779395685 542 320.38689448565367
    endloop
  endfacet
  facet normal 0.9914448613738105 -2.748900233971388e-19 0.13052619222005082
    outer loop
      vertex -738.1377852705681 562 269.0595670815498
      vertex -741.5424818493498 562 294.92080512241216
      vertex -741.5424818493498 542 294.92080512241216
    endloop
  endfacet
  facet normal 0.9537169507482265 0 0.3007057995042746
    outer loop
      vertex -747.1881779395685 542 320.38689448565367
      vertex -747.1881779395685 562 320.38689448565367
      vertex -755.0319063850134 542 345.26402285437496
    endloop
  endfacet
  facet normal 0.9762960071199338 -1.6672384671275636e-18 0.216439613938101
    outer loop
      vertex -741.5424818493498 562 294.92080512241216
      vertex -747.1881779395685 562 320.38689448565367
      vertex -747.1881779395685 542 320.38689448565367
    endloop
  endfacet
  facet normal 0.9537169507482265 -3.0182150309629907e-18 0.3007057995042746
    outer loop
      vertex -747.1881779395685 562 320.38689448565367
      vertex -755.0319063850134 562 345.26402285437496
      vertex -755.0319063850134 542 345.26402285437496
    endloop
  endfacet
  facet normal -0.9238795325112874 3.0161549050794077e-18 0.3826834323650885
    outer loop
      vertex -1316.9680936149866 542 345.26402285437496
      vertex -1306.9860283239584 542 369.3628602604691
      vertex -1306.9860283239584 562 369.3628602604691
    endloop
  endfacet
  facet normal -0.9238795325112874 0 0.3826834323650885
    outer loop
      vertex -1316.9680936149866 542 345.26402285437496
      vertex -1306.9860283239584 562 369.3628602604691
      vertex -1316.9680936149866 562 345.26402285437496
    endloop
  endfacet
  facet normal -0.8870108331782194 1.783323220161976e-17 0.46174861323503846
    outer loop
      vertex -1306.9860283239584 542 369.3628602604691
      vertex -1294.941595731547 542 392.5
      vertex -1294.941595731547 562 392.5
    endloop
  endfacet
  facet normal -0.8870108331782194 0 0.46174861323503846
    outer loop
      vertex -1306.9860283239584 542 369.3628602604691
      vertex -1294.941595731547 562 392.5
      vertex -1306.9860283239584 562 369.3628602604691
    endloop
  endfacet
  facet normal -0.8433914458128875 1.6701927099817688e-17 0.5372996083468212
    outer loop
      vertex -1294.941595731547 542 392.5
      vertex -1280.9264612424085 542 414.4993544689628
      vertex -1280.9264612424085 562 414.4993544689628
    endloop
  endfacet
  facet normal -0.8433914458128875 0 0.5372996083468212
    outer loop
      vertex -1294.941595731547 542 392.5
      vertex -1280.9264612424085 562 414.4993544689628
      vertex -1294.941595731547 562 392.5
    endloop
  endfacet
  facet normal -0.7933533402912337 3.57399005317384e-17 0.6087614290087227
    outer loop
      vertex -1280.9264612424085 542 414.4993544689628
      vertex -1265.0472884925744 542 435.1934952962753
      vertex -1265.0472884925744 562 435.1934952962753
    endloop
  endfacet
  facet normal -0.7933533402912337 0 0.6087614290087227
    outer loop
      vertex -1280.9264612424085 542 414.4993544689628
      vertex -1265.0472884925744 562 435.1934952962753
      vertex -1280.9264612424085 562 414.4993544689628
    endloop
  endfacet
  facet normal -0.7372773368101254 0 0.6755902076156588
    outer loop
      vertex -1265.0472884925744 542 435.1934952962753
      vertex -1247.4249275747777 562 454.4249275747777
      vertex -1265.0472884925744 562 435.1934952962753
    endloop
  endfacet
  facet normal 0 -1 0
    outer loop
      vertex -1316.9680936149866 542 345.26402285437496
      vertex -765.0139716760416 542 369.3628602604691
      vertex -1306.9860283239584 542 369.3628602604691
    endloop
  endfacet
  facet normal 0 1 0
    outer loop
      vertex -1316.9680936149866 562 345.26402285437496
      vertex -1306.9860283239584 562 369.3628602604691
      vertex -755.0319063850134 562 345.26402285437496
    endloop
  endfacet
  facet normal 0 -1 0
    outer loop
      vertex -1306.9860283239584 542 369.3628602604691
      vertex -777.0584042684529 542 392.5
      vertex -1294.941595731547 542 392.5
    endloop
  endfacet
  facet normal 0 1 0
    outer loop
      vertex -1306.9860283239584 562 369.3628602604691
      vertex -1294.941595731547 562 392.5
      vertex -765.0139716760416 562 369.3628602604691
    endloop
  endfacet
  facet normal 0 -1 0
    outer loop
      vertex -1294.941595731547 542 392.5
      vertex -791.0735387575915 542 414.4993544689628
      vertex -1280.9264612424085 542 414.4993544689628
    endloop
  endfacet
  facet normal 0 1 0
    outer loop
      vertex -1294.941595731547 562 392.5
      vertex -1280.9264612424085 562 414.4993544689628
      vertex -777.0584042684529 562 392.5
    endloop
  endfacet
  facet normal 0 -1 0
    outer loop
      vertex -1280.9264612424085 542 414.4993544689628
      vertex -806.9527115074255 542 435.1934952962753
      vertex -1265.0472884925744 542 435.1934952962753
    endloop
  endfacet
  facet normal 0 1 0
    outer loop
      vertex -1280.9264612424085 562 414.4993544689628
      vertex -1265.0472884925744 562 435.1934952962753
      vertex -791.0735387575915 562 414.4993544689628
    endloop
  endfacet
  facet normal 0 1 0
    outer loop
      vertex -1265.0472884925744 562 435.1934952962753
      vertex -1247.4249275747777 562 454.4249275747777
      vertex -806.9527115074255 562 435.1934952962753
    endloop
  endfacet
  facet normal -0.7372773368101254 -4.366367486507533e-18 0.6755902076156588
    outer loop
      vertex -1265.0472884925744 542 435.1934952962753
      vertex -1247.4249275747777 542 454.4249275747777
      vertex -1247.4249275747777 562 454.4249275747777
    endloop
  endfacet
  facet normal -0.6755902076156589 0 0.7372773368101251
    outer loop
      vertex -1247.4249275747777 542 454.4249275747777
      vertex -1228.1934952962752 542 472.04728849257447
      vertex -1247.4249275747777 562 454.4249275747777
    endloop
  endfacet
  facet normal -0.608761429008722 0 0.7933533402912342
    outer loop
      vertex -1228.1934952962752 542 472.04728849257447
      vertex -1207.4993544689628 542 487.92646124240855
      vertex -1228.1934952962752 562 472.04728849257447
    endloop
  endfacet
  facet normal -0.6755902076156589 -3.62279269168012e-17 0.7372773368101251
    outer loop
      vertex -1247.4249275747777 562 454.4249275747777
      vertex -1228.1934952962752 542 472.04728849257447
      vertex -1228.1934952962752 562 472.04728849257447
    endloop
  endfacet
  facet normal -0.608761429008722 1.9763319167695002e-17 0.7933533402912342
    outer loop
      vertex -1228.1934952962752 562 472.04728849257447
      vertex -1207.4993544689628 542 487.92646124240855
      vertex -1207.4993544689628 562 487.92646124240855
    endloop
  endfacet
  facet normal -0.5372996083468227 0 0.8433914458128864
    outer loop
      vertex -1207.4993544689628 542 487.92646124240855
      vertex -1185.5 542 501.9415957315471
      vertex -1207.4993544689628 562 487.92646124240855
    endloop
  endfacet
  facet normal -0.4617486132350385 0 0.8870108331782193
    outer loop
      vertex -1185.5 542 501.9415957315471
      vertex -1162.3628602604692 542 513.9860283239584
      vertex -1185.5 562 501.9415957315471
    endloop
  endfacet
  facet normal -0.5372996083468227 1.663158965660204e-17 0.8433914458128864
    outer loop
      vertex -1207.4993544689628 562 487.92646124240855
      vertex -1185.5 542 501.9415957315471
      vertex -1185.5 562 501.9415957315471
    endloop
  endfacet
  facet normal 0 -1 0
    outer loop
      vertex -1265.0472884925744 542 435.1934952962753
      vertex -824.5750724252223 542 454.4249275747777
      vertex -1247.4249275747777 542 454.4249275747777
    endloop
  endfacet
  facet normal 0 1 0
    outer loop
      vertex -1247.4249275747777 562 454.4249275747777
      vertex -1228.1934952962752 562 472.04728849257447
      vertex -824.5750724252223 562 454.4249275747777
    endloop
  endfacet
  facet normal 0 -1 0
    outer loop
      vertex -1247.4249275747777 542 454.4249275747777
      vertex -843.8065047037247 542 472.04728849257447
      vertex -1228.1934952962752 542 472.04728849257447
    endloop
  endfacet
  facet normal 0 -1 0
    outer loop
      vertex -1228.1934952962752 542 472.04728849257447
      vertex -864.5006455310372 542 487.92646124240855
      vertex -1207.4993544689628 542 487.92646124240855
    endloop
  endfacet
  facet normal 0 1 0
    outer loop
      vertex -1228.1934952962752 562 472.04728849257447
      vertex -1207.4993544689628 562 487.92646124240855
      vertex -843.8065047037247 562 472.04728849257447
    endloop
  endfacet
  facet normal -0.4617486132350385 -6.792397887257771e-18 0.8870108331782193
    outer loop
      vertex -1185.5 562 501.9415957315471
      vertex -1162.3628602604692 542 513.9860283239584
      vertex -1162.3628602604692 562 513.9860283239584
    endloop
  endfacet
  facet normal 0 -1 0
    outer loop
      vertex -1207.4993544689628 542 487.92646124240855
      vertex -886.5 542 501.9415957315471
      vertex -1185.5 542 501.9415957315471
    endloop
  endfacet
  facet normal -0.38268343236508534 0 0.9238795325112885
    outer loop
      vertex -1162.3628602604692 542 513.9860283239584
      vertex -1138.2640228543748 542 523.9680936149866
      vertex -1162.3628602604692 562 513.9860283239584
    endloop
  endfacet
  facet normal -0.3007057995042771 0 0.9537169507482256
    outer loop
      vertex -1138.2640228543748 542 523.9680936149866
      vertex -1113.3868944856538 542 531.8118220604315
      vertex -1138.2640228543748 562 523.9680936149866
    endloop
  endfacet
  facet normal -0.38268343236508534 -4.800551038902846e-18 0.9238795325112885
    outer loop
      vertex -1162.3628602604692 562 513.9860283239584
      vertex -1138.2640228543748 542 523.9680936149866
      vertex -1138.2640228543748 562 523.9680936149866
    endloop
  endfacet
  facet normal -0.3007057995042771 1.6647683273425475e-17 0.9537169507482256
    outer loop
      vertex -1138.2640228543748 562 523.9680936149866
      vertex -1113.3868944856538 542 531.8118220604315
      vertex -1113.3868944856538 562 531.8118220604315
    endloop
  endfacet
  facet normal 0 -1 0
    outer loop
      vertex -1185.5 542 501.9415957315471
      vertex -909.6371397395309 542 513.9860283239584
      vertex -1162.3628602604692 542 513.9860283239584
    endloop
  endfacet
  facet normal 0 1 0
    outer loop
      vertex -1207.4993544689628 562 487.92646124240855
      vertex -1185.5 562 501.9415957315471
      vertex -864.5006455310372 562 487.92646124240855
    endloop
  endfacet
  facet normal 0 1 0
    outer loop
      vertex -1185.5 562 501.9415957315471
      vertex -1162.3628602604692 562 513.9860283239584
      vertex -886.5 562 501.9415957315471
    endloop
  endfacet
  facet normal 0 -1 0
    outer loop
      vertex -1162.3628602604692 542 513.9860283239584
      vertex -933.735977145625 542 523.9680936149866
      vertex -1138.2640228543748 542 523.9680936149866
    endloop
  endfacet
  facet normal 0 -1 0
    outer loop
      vertex -1138.2640228543748 542 523.9680936149866
      vertex -958.6131055143463 542 531.8118220604315
      vertex -1113.3868944856538 542 531.8118220604315
    endloop
  endfacet
  facet normal 0 1 0
    outer loop
      vertex -1162.3628602604692 562 513.9860283239584
      vertex -1138.2640228543748 562 523.9680936149866
      vertex -909.6371397395309 562 513.9860283239584
    endloop
  endfacet
  facet normal 0 1 0
    outer loop
      vertex -1138.2640228543748 562 523.9680936149866
      vertex -1113.3868944856538 562 531.8118220604315
      vertex -933.735977145625 562 523.9680936149866
    endloop
  endfacet
  facet normal 0 -1 0
    outer loop
      vertex -1138.2640228543748 542 523.9680936149866
      vertex -933.735977145625 542 523.9680936149866
      vertex -958.6131055143463 542 531.8118220604315
    endloop
  endfacet
  facet normal 0 -1 0
    outer loop
      vertex -1316.9680936149866 542 345.26402285437496
      vertex -755.0319063850134 542 345.26402285437496
      vertex -765.0139716760416 542 369.3628602604691
    endloop
  endfacet
  facet normal 0 1 0
    outer loop
      vertex -755.0319063850134 562 345.26402285437496
      vertex -1306.9860283239584 562 369.3628602604691
      vertex -765.0139716760416 562 369.3628602604691
    endloop
  endfacet
  facet normal 0 -1 0
    outer loop
      vertex -1306.9860283239584 542 369.3628602604691
      vertex -765.0139716760416 542 369.3628602604691
      vertex -777.0584042684529 542 392.5
    endloop
  endfacet
  facet normal 0 1 0
    outer loop
      vertex -1294.941595731547 562 392.5
      vertex -777.0584042684529 562 392.5
      vertex -765.0139716760416 562 369.3628602604691
    endloop
  endfacet
  facet normal 0 -1 0
    outer loop
      vertex -1294.941595731547 542 392.5
      vertex -777.0584042684529 542 392.5
      vertex -791.0735387575915 542 414.4993544689628
    endloop
  endfacet
  facet normal 0 1 0
    outer loop
      vertex -1280.9264612424085 562 414.4993544689628
      vertex -791.0735387575915 562 414.4993544689628
      vertex -777.0584042684529 562 392.5
    endloop
  endfacet
  facet normal 0 -1 0
    outer loop
      vertex -1265.0472884925744 542 435.1934952962753
      vertex -806.9527115074255 542 435.1934952962753
      vertex -824.5750724252223 542 454.4249275747777
    endloop
  endfacet
  facet normal 0 -1 0
    outer loop
      vertex -1280.9264612424085 542 414.4993544689628
      vertex -791.0735387575915 542 414.4993544689628
      vertex -806.9527115074255 542 435.1934952962753
    endloop
  endfacet
  facet normal 0 1 0
    outer loop
      vertex -1265.0472884925744 562 435.1934952962753
      vertex -806.9527115074255 562 435.1934952962753
      vertex -791.0735387575915 562 414.4993544689628
    endloop
  endfacet
  facet normal 0.9238795325112874 -3.0161549050794077e-18 0.3826834323650885
    outer loop
      vertex -755.0319063850134 562 345.26402285437496
      vertex -765.0139716760416 562 369.3628602604691
      vertex -765.0139716760416 542 369.3628602604691
    endloop
  endfacet
  facet normal 0.8870108331782194 0 0.46174861323503846
    outer loop
      vertex -765.0139716760416 542 369.3628602604691
      vertex -765.0139716760416 562 369.3628602604691
      vertex -777.0584042684529 542 392.5
    endloop
  endfacet
  facet normal 0.8870108331782194 -1.783323220161976e-17 0.46174861323503846
    outer loop
      vertex -765.0139716760416 562 369.3628602604691
      vertex -777.0584042684529 562 392.5
      vertex -777.0584042684529 542 392.5
    endloop
  endfacet
  facet normal 0.9238795325112874 0 0.3826834323650885
    outer loop
      vertex -755.0319063850134 542 345.26402285437496
      vertex -755.0319063850134 562 345.26402285437496
      vertex -765.0139716760416 542 369.3628602604691
    endloop
  endfacet
  facet normal 0.8433914458128875 0 0.5372996083468212
    outer loop
      vertex -777.0584042684529 542 392.5
      vertex -777.0584042684529 562 392.5
      vertex -791.0735387575915 542 414.4993544689628
    endloop
  endfacet
  facet normal 0.8433914458128875 -1.6701927099817688e-17 0.5372996083468212
    outer loop
      vertex -777.0584042684529 562 392.5
      vertex -791.0735387575915 562 414.4993544689628
      vertex -791.0735387575915 542 414.4993544689628
    endloop
  endfacet
  facet normal 0.7372773368101232 0 0.6755902076156611
    outer loop
      vertex -806.9527115074255 542 435.1934952962753
      vertex -806.9527115074255 562 435.1934952962753
      vertex -824.5750724252223 542 454.4249275747777
    endloop
  endfacet
  facet normal 0.7933533402912358 6.567497966084557e-18 0.6087614290087199
    outer loop
      vertex -791.0735387575915 562 414.4993544689628
      vertex -806.9527115074255 562 435.1934952962753
      vertex -806.9527115074255 542 435.1934952962753
    endloop
  endfacet
  facet normal 0.7933533402912358 0 0.6087614290087199
    outer loop
      vertex -791.0735387575915 542 414.4993544689628
      vertex -791.0735387575915 562 414.4993544689628
      vertex -806.9527115074255 542 435.1934952962753
    endloop
  endfacet
  facet normal 0 -1 0
    outer loop
      vertex -1247.4249275747777 542 454.4249275747777
      vertex -824.5750724252223 542 454.4249275747777
      vertex -843.8065047037247 542 472.04728849257447
    endloop
  endfacet
  facet normal 0 1 0
    outer loop
      vertex -806.9527115074255 562 435.1934952962753
      vertex -1247.4249275747777 562 454.4249275747777
      vertex -824.5750724252223 562 454.4249275747777
    endloop
  endfacet
  facet normal 0 -1 0
    outer loop
      vertex -1228.1934952962752 542 472.04728849257447
      vertex -843.8065047037247 542 472.04728849257447
      vertex -864.5006455310372 542 487.92646124240855
    endloop
  endfacet
  facet normal 0 1 0
    outer loop
      vertex -1228.1934952962752 562 472.04728849257447
      vertex -843.8065047037247 562 472.04728849257447
      vertex -824.5750724252223 562 454.4249275747777
    endloop
  endfacet
  facet normal 0 1 0
    outer loop
      vertex -1207.4993544689628 562 487.92646124240855
      vertex -864.5006455310372 562 487.92646124240855
      vertex -843.8065047037247 562 472.04728849257447
    endloop
  endfacet
  facet normal 0.6087614290087199 6.567497966084557e-18 0.7933533402912358
    outer loop
      vertex -843.8065047037247 542 472.04728849257447
      vertex -864.5006455310372 562 487.92646124240855
      vertex -864.5006455310372 542 487.92646124240855
    endloop
  endfacet
  facet normal 0.6087614290087199 0 0.7933533402912358
    outer loop
      vertex -843.8065047037247 542 472.04728849257447
      vertex -843.8065047037247 562 472.04728849257447
      vertex -864.5006455310372 562 487.92646124240855
    endloop
  endfacet
  facet normal 0 -1 0
    outer loop
      vertex -1207.4993544689628 542 487.92646124240855
      vertex -864.5006455310372 542 487.92646124240855
      vertex -886.5 542 501.9415957315471
    endloop
  endfacet
  facet normal 0 -1 0
    outer loop
      vertex -1185.5 542 501.9415957315471
      vertex -886.5 542 501.9415957315471
      vertex -909.6371397395309 542 513.9860283239584
    endloop
  endfacet
  facet normal 0 1 0
    outer loop
      vertex -1185.5 562 501.9415957315471
      vertex -886.5 562 501.9415957315471
      vertex -864.5006455310372 562 487.92646124240855
    endloop
  endfacet
  facet normal 0 1 0
    outer loop
      vertex -1162.3628602604692 562 513.9860283239584
      vertex -909.6371397395309 562 513.9860283239584
      vertex -886.5 562 501.9415957315471
    endloop
  endfacet
  facet normal 0 -1 0
    outer loop
      vertex -1162.3628602604692 542 513.9860283239584
      vertex -909.6371397395309 542 513.9860283239584
      vertex -933.735977145625 542 523.9680936149866
    endloop
  endfacet
  facet normal 0 1 0
    outer loop
      vertex -1138.2640228543748 562 523.9680936149866
      vertex -933.735977145625 562 523.9680936149866
      vertex -909.6371397395309 562 513.9860283239584
    endloop
  endfacet
  facet normal 0 1 0
    outer loop
      vertex -1113.3868944856538 562 531.8118220604315
      vertex -958.6131055143463 562 531.8118220604315
      vertex -933.735977145625 562 523.9680936149866
    endloop
  endfacet
  facet normal 0.3826834323650885 -3.0161549050794077e-18 0.9238795325112874
    outer loop
      vertex -909.6371397395309 542 513.9860283239584
      vertex -933.735977145625 562 523.9680936149866
      vertex -933.735977145625 542 523.9680936149866
    endloop
  endfacet
  facet normal 0.3007057995042746 -3.0182150309629907e-18 0.9537169507482265
    outer loop
      vertex -933.735977145625 542 523.9680936149866
      vertex -958.6131055143463 562 531.8118220604315
      vertex -958.6131055143463 542 531.8118220604315
    endloop
  endfacet
  facet normal 0.3007057995042746 0 0.9537169507482265
    outer loop
      vertex -933.735977145625 542 523.9680936149866
      vertex -933.735977145625 562 523.9680936149866
      vertex -958.6131055143463 562 531.8118220604315
    endloop
  endfacet
  facet normal 0.4617486132350368 -2.890405155555146e-18 0.8870108331782204
    outer loop
      vertex -886.5 542 501.9415957315471
      vertex -909.6371397395309 562 513.9860283239584
      vertex -909.6371397395309 542 513.9860283239584
    endloop
  endfacet
  facet normal 0.4617486132350368 0 0.8870108331782204
    outer loop
      vertex -886.5 542 501.9415957315471
      vertex -886.5 562 501.9415957315471
      vertex -909.6371397395309 562 513.9860283239584
    endloop
  endfacet
  facet normal 0.5372996083468227 -1.663158965660204e-17 0.8433914458128864
    outer loop
      vertex -864.5006455310372 542 487.92646124240855
      vertex -886.5 562 501.9415957315471
      vertex -886.5 542 501.9415957315471
    endloop
  endfacet
  facet normal 0.5372996083468227 0 0.8433914458128864
    outer loop
      vertex -864.5006455310372 542 487.92646124240855
      vertex -864.5006455310372 562 487.92646124240855
      vertex -886.5 562 501.9415957315471
    endloop
  endfacet
  facet normal 0.3826834323650885 0 0.9238795325112874
    outer loop
      vertex -909.6371397395309 542 513.9860283239584
      vertex -909.6371397395309 562 513.9860283239584
      vertex -933.735977145625 562 523.9680936149866
    endloop
  endfacet
  facet normal 0.7372773368101232 -4.6067628120723416e-17 0.6755902076156611
    outer loop
      vertex -806.9527115074255 562 435.1934952962753
      vertex -824.5750724252223 562 454.4249275747777
      vertex -824.5750724252223 542 454.4249275747777
    endloop
  endfacet
  facet normal 0.6755902076156611 -4.6067628120723416e-17 0.7372773368101232
    outer loop
      vertex -843.8065047037247 562 472.04728849257447
      vertex -824.5750724252223 542 454.4249275747777
      vertex -824.5750724252223 562 454.4249275747777
    endloop
  endfacet
  facet normal 0.6755902076156611 0 0.7372773368101232
    outer loop
      vertex -843.8065047037247 542 472.04728849257447
      vertex -824.5750724252223 542 454.4249275747777
      vertex -843.8065047037247 562 472.04728849257447
    endloop
  endfacet
  facet normal -0.216439613938101 0 0.9762960071199338
    outer loop
      vertex -1113.3868944856538 542 531.8118220604315
      vertex -1087.9208051224123 542 537.4575181506502
      vertex -1113.3868944856538 562 531.8118220604315
    endloop
  endfacet
  facet normal -0.216439613938101 1.6672384671275636e-18 0.9762960071199338
    outer loop
      vertex -1113.3868944856538 562 531.8118220604315
      vertex -1087.9208051224123 542 537.4575181506502
      vertex -1087.9208051224123 562 537.4575181506502
    endloop
  endfacet
  facet normal -0.13052619222005055 0 0.9914448613738105
    outer loop
      vertex -1087.9208051224123 542 537.4575181506502
      vertex -1062.0595670815499 542 540.8622147294319
      vertex -1087.9208051224123 562 537.4575181506502
    endloop
  endfacet
  facet normal 0 -1 0
    outer loop
      vertex -1113.3868944856538 542 531.8118220604315
      vertex -984.0791948775878 542 537.4575181506502
      vertex -1087.9208051224123 542 537.4575181506502
    endloop
  endfacet
  facet normal 0 -1 0
    outer loop
      vertex -1087.9208051224123 542 537.4575181506502
      vertex -1009.9404329184503 542 540.8622147294319
      vertex -1062.0595670815499 542 540.8622147294319
    endloop
  endfacet
  facet normal -0.04361938736533597 0 0.9990482215818577
    outer loop
      vertex -1062.0595670815499 542 540.8622147294319
      vertex -1036 542 542
      vertex -1062.0595670815499 562 540.8622147294319
    endloop
  endfacet
  facet normal -0.13052619222005055 0 0.9914448613738105
    outer loop
      vertex -1062.0595670815499 542 540.8622147294319
      vertex -1062.0595670815499 562 540.8622147294319
      vertex -1087.9208051224123 562 537.4575181506502
    endloop
  endfacet
  facet normal 0 1 0
    outer loop
      vertex -1113.3868944856538 562 531.8118220604315
      vertex -1087.9208051224123 562 537.4575181506502
      vertex -958.6131055143463 562 531.8118220604315
    endloop
  endfacet
  facet normal 0 -1 0
    outer loop
      vertex -1087.9208051224123 542 537.4575181506502
      vertex -984.0791948775878 542 537.4575181506502
      vertex -1009.9404329184503 542 540.8622147294319
    endloop
  endfacet
  facet normal 0 -1 0
    outer loop
      vertex -1062.0595670815499 542 540.8622147294319
      vertex -1009.9404329184503 542 540.8622147294319
      vertex -1036 542 542
    endloop
  endfacet
  facet normal 0.04361938736533617 0 0.9990482215818577
    outer loop
      vertex -1036 542 542
      vertex -1009.9404329184503 542 540.8622147294319
      vertex -1036 562 542
    endloop
  endfacet
  facet normal 0 -1 0
    outer loop
      vertex -1113.3868944856538 542 531.8118220604315
      vertex -958.6131055143463 542 531.8118220604315
      vertex -984.0791948775878 542 537.4575181506502
    endloop
  endfacet
  facet normal 0 1 0
    outer loop
      vertex -1087.9208051224123 562 537.4575181506502
      vertex -1062.0595670815499 562 540.8622147294319
      vertex -984.0791948775878 562 537.4575181506502
    endloop
  endfacet
  facet normal -0.04361938736533597 2.1793242476504484e-18 0.9990482215818577
    outer loop
      vertex -1062.0595670815499 562 540.8622147294319
      vertex -1036 542 542
      vertex -1036 562 542
    endloop
  endfacet
  facet normal 0 1 0
    outer loop
      vertex -1062.0595670815499 562 540.8622147294319
      vertex -1036 562 542
      vertex -1009.9404329184503 562 540.8622147294319
    endloop
  endfacet
  facet normal 0 1 0
    outer loop
      vertex -1087.9208051224123 562 537.4575181506502
      vertex -984.0791948775878 562 537.4575181506502
      vertex -958.6131055143463 562 531.8118220604315
    endloop
  endfacet
  facet normal 0.04361938736533617 0 0.9990482215818577
    outer loop
      vertex -1009.9404329184503 542 540.8622147294319
      vertex -1009.9404329184503 562 540.8622147294319
      vertex -1036 562 542
    endloop
  endfacet
  facet normal 0 1 0
    outer loop
      vertex -1062.0595670815499 562 540.8622147294319
      vertex -1009.9404329184503 562 540.8622147294319
      vertex -984.0791948775878 562 537.4575181506502
    endloop
  endfacet
  facet normal 0.13052619222005055 0 0.9914448613738105
    outer loop
      vertex -1009.9404329184503 542 540.8622147294319
      vertex -984.0791948775878 542 537.4575181506502
      vertex -1009.9404329184503 562 540.8622147294319
    endloop
  endfacet
  facet normal 0.216439613938101 0 0.9762960071199338
    outer loop
      vertex -984.0791948775878 542 537.4575181506502
      vertex -958.6131055143463 542 531.8118220604315
      vertex -984.0791948775878 562 537.4575181506502
    endloop
  endfacet
  facet normal 0.13052619222005055 1.0109427061023941e-17 0.9914448613738105
    outer loop
      vertex -1009.9404329184503 562 540.8622147294319
      vertex -984.0791948775878 542 537.4575181506502
      vertex -984.0791948775878 562 537.4575181506502
    endloop
  endfacet
  facet normal 0.216439613938101 -1.6672384671275636e-18 0.9762960071199338
    outer loop
      vertex -984.0791948775878 562 537.4575181506502
      vertex -958.6131055143463 542 531.8118220604315
      vertex -958.6131055143463 562 531.8118220604315
    endloop
  endfacet
  facet normal 0 0 -1
    outer loop
      vertex -1326.2277624787646 -562 172
      vertex -1326.2277624787646 -542 172
      vertex -745.7722375212355 -562 172
    endloop
  endfacet
  facet normal 0 0 -1
    outer loop
      vertex -1326.2277624787646 -542 172
      vertex -745.7722375212355 -542 172
      vertex -745.7722375212355 -562 172
    endloop
  endfacet
  facet normal 0 0 -1
    outer loop
      vertex -1326.2277624787646 542 172
      vertex -1326.2277624787646 562 172
      vertex -745.7722375212355 542 172
    endloop
  endfacet
  facet normal 0 0 -1
    outer loop
      vertex -1326.2277624787646 562 172
      vertex -745.7722375212355 562 172
      vertex -745.7722375212355 542 172
    endloop
  endfacet
  facet normal 0 0 -1
    outer loop
      vertex 709.7722375212355 -562 172
      vertex 709.7722375212355 -542 172
      vertex 1290.2277624787646 -562 172
    endloop
  endfacet
  facet normal 0 0 -1
    outer loop
      vertex 709.7722375212355 -542 172
      vertex 1290.2277624787646 -542 172
      vertex 1290.2277624787646 -562 172
    endloop
  endfacet
  facet normal 0 0 -1
    outer loop
      vertex 709.7722375212355 542 172
      vertex 709.7722375212355 562 172
      vertex 1290.2277624787646 542 172
    endloop
  endfacet
  facet normal 0 0 -1
    outer loop
      vertex 709.7722375212355 562 172
      vertex 1290.2277624787646 562 172
      vertex 1290.2277624787646 542 172
    endloop
  endfacet
endsolid OpenSCAD_Model
