solid OpenSCAD_Model
  facet normal 0 -1 0
    outer loop
      vertex 672.7353400333213 -720 203
      vertex 704.9807470510352 -720 203
      vertex 703.1339799686598 -720 217.02758866119785
    endloop
  endfacet
  facet normal -0.9914448613738106 0 -0.13052619222005105
    outer loop
      vertex 671.255749629724 -670 214.2386048932728
      vertex 672.7353400333213 -720 203
      vertex 671.255749629724 -720 214.2386048932728
    endloop
  endfacet
  facet normal -0.9914448613738106 -2.264009992202906e-18 -0.13052619222005105
    outer loop
      vertex 671.255749629724 -670 214.2386048932728
      vertex 672.7353400333213 -670 203
      vertex 672.7353400333213 -720 203
    endloop
  endfacet
  facet normal -0.9990482215818576 0 -0.04361938736533862
    outer loop
      vertex 671.255749629724 -670 214.2386048932728
      vertex 671.255749629724 -720 214.2386048932728
      vertex 670 -720 243
    endloop
  endfacet
  facet normal 0 -1 0
    outer loop
      vertex 672.7353400333213 -720 203
      vertex 703.1339799686598 -720 217.02758866119785
      vertex 702 -720 243
    endloop
  endfacet
  facet normal 0 1 0
    outer loop
      vertex 672.7353400333213 -670 203
      vertex 703.1339799686598 -670 217.02758866119785
      vertex 704.9807470510352 -670 203
    endloop
  endfacet
  facet normal 0 1 0
    outer loop
      vertex 672.7353400333213 -670 203
      vertex 702 -670 243
      vertex 703.1339799686598 -670 217.02758866119785
    endloop
  endfacet
  facet normal 0 -1 0
    outer loop
      vertex 671.255749629724 -720 214.2386048932728
      vertex 672.7353400333213 -720 203
      vertex 671.255749629724 -720 271.7613951067272
    endloop
  endfacet
  facet normal -0.9990482215818576 -2.0803721943913287e-18 -0.04361938736533862
    outer loop
      vertex 671.255749629724 -670 214.2386048932728
      vertex 670 -720 243
      vertex 670 -670 243
    endloop
  endfacet
  facet normal 0 -1 0
    outer loop
      vertex 671.255749629724 -720 214.2386048932728
      vertex 671.255749629724 -720 271.7613951067272
      vertex 670 -720 243
    endloop
  endfacet
  facet normal 0 1 0
    outer loop
      vertex 671.255749629724 -670 214.2386048932728
      vertex 675.0134415059713 -670 300.303898630087
      vertex 672.7353400333213 -670 203
    endloop
  endfacet
  facet normal 0 1 0
    outer loop
      vertex 671.255749629724 -670 214.2386048932728
      vertex 670 -670 243
      vertex 671.255749629724 -670 271.7613951067272
    endloop
  endfacet
  facet normal -0.9990482215818576 0 0.04361938736533862
    outer loop
      vertex 670 -670 243
      vertex 670 -720 243
      vertex 671.255749629724 -720 271.7613951067272
    endloop
  endfacet
  facet normal 0 -1 0
    outer loop
      vertex 671.255749629724 -720 271.7613951067272
      vertex 672.7353400333213 -720 203
      vertex 675.0134415059713 -720 300.303898630087
    endloop
  endfacet
  facet normal -0.9990482215818576 2.0803721943913287e-18 0.04361938736533862
    outer loop
      vertex 670 -670 243
      vertex 671.255749629724 -720 271.7613951067272
      vertex 671.255749629724 -670 271.7613951067272
    endloop
  endfacet
  facet normal 0 1 0
    outer loop
      vertex 671.255749629724 -670 214.2386048932728
      vertex 671.255749629724 -670 271.7613951067272
      vertex 675.0134415059713 -670 300.303898630087
    endloop
  endfacet
  facet normal 0 -1 0
    outer loop
      vertex 675.0134415059713 -720 300.303898630087
      vertex 672.7353400333213 -720 203
      vertex 681.2444773246075 -720 328.4102848838319
    endloop
  endfacet
  facet normal 0 -1 0
    outer loop
      vertex 700.9184302779056 -720 382.4640263744308
      vertex 672.7353400333213 -720 203
      vertex 702 -720 243
    endloop
  endfacet
  facet normal -0.991444861373811 0 0.1305261922200472
    outer loop
      vertex 671.255749629724 -670 271.7613951067272
      vertex 671.255749629724 -720 271.7613951067272
      vertex 675.0134415059713 -720 300.303898630087
    endloop
  endfacet
  facet normal -0.991444861373811 2.809527856051213e-20 0.1305261922200472
    outer loop
      vertex 671.255749629724 -670 271.7613951067272
      vertex 675.0134415059713 -720 300.303898630087
      vertex 675.0134415059713 -670 300.303898630087
    endloop
  endfacet
  facet normal 0 1 0
    outer loop
      vertex 675.0134415059713 -670 300.303898630087
      vertex 681.2444773246075 -670 328.4102848838319
      vertex 672.7353400333213 -670 203
    endloop
  endfacet
  facet normal 0 1 0
    outer loop
      vertex 700.9184302779056 -670 382.4640263744308
      vertex 702 -670 243
      vertex 672.7353400333213 -670 203
    endloop
  endfacet
  facet normal 0 -1 0
    outer loop
      vertex 1327.2646599666787 -720 203
      vertex 1296.8660200313402 -720 217.02758866119785
      vertex 1295.0192529489648 -720 203
    endloop
  endfacet
  facet normal 0.9914448613738106 2.264009992202906e-18 -0.13052619222005105
    outer loop
      vertex 1328.744250370276 -720 214.2386048932728
      vertex 1327.2646599666787 -720 203
      vertex 1327.2646599666787 -670 203
    endloop
  endfacet
  facet normal 0.9914448613738106 0 -0.13052619222005105
    outer loop
      vertex 1328.744250370276 -670 214.2386048932728
      vertex 1328.744250370276 -720 214.2386048932728
      vertex 1327.2646599666787 -670 203
    endloop
  endfacet
  facet normal 0 -1 0
    outer loop
      vertex 1327.2646599666787 -720 203
      vertex 1298 -720 243
      vertex 1296.8660200313402 -720 217.02758866119785
    endloop
  endfacet
  facet normal 0.9990482215818576 0 -0.04361938736533862
    outer loop
      vertex 1328.744250370276 -670 214.2386048932728
      vertex 1330 -670 243
      vertex 1328.744250370276 -720 214.2386048932728
    endloop
  endfacet
  facet normal 0 1 0
    outer loop
      vertex 1327.2646599666787 -670 203
      vertex 1295.0192529489648 -670 203
      vertex 1296.8660200313402 -670 217.02758866119785
    endloop
  endfacet
  facet normal 0 1 0
    outer loop
      vertex 1327.2646599666787 -670 203
      vertex 1296.8660200313402 -670 217.02758866119785
      vertex 1298 -670 243
    endloop
  endfacet
  facet normal 0.9990482215818576 2.0803721943913287e-18 -0.04361938736533862
    outer loop
      vertex 1328.744250370276 -720 214.2386048932728
      vertex 1330 -670 243
      vertex 1330 -720 243
    endloop
  endfacet
  facet normal 0 -1 0
    outer loop
      vertex 1328.744250370276 -720 214.2386048932728
      vertex 1324.9865584940287 -720 300.303898630087
      vertex 1327.2646599666787 -720 203
    endloop
  endfacet
  facet normal 0 -1 0
    outer loop
      vertex 1328.744250370276 -720 214.2386048932728
      vertex 1330 -720 243
      vertex 1328.744250370276 -720 271.7613951067272
    endloop
  endfacet
  facet normal 0 1 0
    outer loop
      vertex 1328.744250370276 -670 214.2386048932728
      vertex 1327.2646599666787 -670 203
      vertex 1328.744250370276 -670 271.7613951067272
    endloop
  endfacet
  facet normal 0 1 0
    outer loop
      vertex 1328.744250370276 -670 214.2386048932728
      vertex 1328.744250370276 -670 271.7613951067272
      vertex 1330 -670 243
    endloop
  endfacet
  facet normal 0.9990482215818576 0 0.04361938736533862
    outer loop
      vertex 1330 -670 243
      vertex 1328.744250370276 -670 271.7613951067272
      vertex 1330 -720 243
    endloop
  endfacet
  facet normal 0 -1 0
    outer loop
      vertex 1328.744250370276 -720 214.2386048932728
      vertex 1328.744250370276 -720 271.7613951067272
      vertex 1324.9865584940287 -720 300.303898630087
    endloop
  endfacet
  facet normal 0.9990482215818576 0 0.04361938736533862
    outer loop
      vertex 1328.744250370276 -670 271.7613951067272
      vertex 1328.744250370276 -720 271.7613951067272
      vertex 1330 -720 243
    endloop
  endfacet
  facet normal 0 1 0
    outer loop
      vertex 1328.744250370276 -670 271.7613951067272
      vertex 1327.2646599666787 -670 203
      vertex 1324.9865584940287 -670 300.303898630087
    endloop
  endfacet
  facet normal 0 -1 0
    outer loop
      vertex 1299.0815697220944 -720 382.4640263744308
      vertex 1298 -720 243
      vertex 1327.2646599666787 -720 203
    endloop
  endfacet
  facet normal 0 -1 0
    outer loop
      vertex 1324.9865584940287 -720 300.303898630087
      vertex 1318.7555226753925 -720 328.4102848838319
      vertex 1327.2646599666787 -720 203
    endloop
  endfacet
  facet normal 0.991444861373811 0 0.1305261922200472
    outer loop
      vertex 1328.744250370276 -670 271.7613951067272
      vertex 1324.9865584940287 -670 300.303898630087
      vertex 1328.744250370276 -720 271.7613951067272
    endloop
  endfacet
  facet normal 0.991444861373811 0 0.1305261922200472
    outer loop
      vertex 1324.9865584940287 -670 300.303898630087
      vertex 1324.9865584940287 -720 300.303898630087
      vertex 1328.744250370276 -720 271.7613951067272
    endloop
  endfacet
  facet normal 0 1 0
    outer loop
      vertex 1299.0815697220944 -670 382.4640263744308
      vertex 1327.2646599666787 -670 203
      vertex 1298 -670 243
    endloop
  endfacet
  facet normal 0 1 0
    outer loop
      vertex 1324.9865584940287 -670 300.303898630087
      vertex 1327.2646599666787 -670 203
      vertex 1318.7555226753925 -670 328.4102848838319
    endloop
  endfacet
  facet normal 0 -1 0
    outer loop
      vertex 681.2444773246075 -720 328.4102848838319
      vertex 672.7353400333213 -720 203
      vertex 689.9014351406502 -720 355.86664729747065
    endloop
  endfacet
  facet normal 0 -1 0
    outer loop
      vertex 700.9184302779056 -720 382.4640263744308
      vertex 702 -720 243
      vertex 703.1339799686598 -720 268.97241133880215
    endloop
  endfacet
  facet normal -0.9762960071199328 0 0.21643961393810524
    outer loop
      vertex 675.0134415059713 -670 300.303898630087
      vertex 675.0134415059713 -720 300.303898630087
      vertex 681.2444773246075 -720 328.4102848838319
    endloop
  endfacet
  facet normal 0 -1 0
    outer loop
      vertex 689.9014351406502 -720 355.86664729747065
      vertex 672.7353400333213 -720 203
      vertex 700.9184302779056 -720 382.4640263744308
    endloop
  endfacet
  facet normal 0 -1 0
    outer loop
      vertex 700.9184302779056 -720 382.4640263744308
      vertex 703.1339799686598 -720 268.97241133880215
      vertex 706.5272896023621 -720 294.74715694474526
    endloop
  endfacet
  facet normal 0 1 0
    outer loop
      vertex 681.2444773246075 -670 328.4102848838319
      vertex 689.9014351406502 -670 355.86664729747065
      vertex 672.7353400333213 -670 203
    endloop
  endfacet
  facet normal 0 1 0
    outer loop
      vertex 700.9184302779056 -670 382.4640263744308
      vertex 703.1339799686598 -670 268.97241133880215
      vertex 702 -670 243
    endloop
  endfacet
  facet normal 0 1 0
    outer loop
      vertex 689.9014351406502 -670 355.86664729747065
      vertex 700.9184302779056 -670 382.4640263744308
      vertex 672.7353400333213 -670 203
    endloop
  endfacet
  facet normal 0 1 0
    outer loop
      vertex 700.9184302779056 -670 382.4640263744308
      vertex 706.5272896023621 -670 294.74715694474526
      vertex 703.1339799686598 -670 268.97241133880215
    endloop
  endfacet
  facet normal -0.9762960071199328 7.613173245540173e-18 0.21643961393810524
    outer loop
      vertex 675.0134415059713 -670 300.303898630087
      vertex 681.2444773246075 -720 328.4102848838319
      vertex 681.2444773246075 -670 328.4102848838319
    endloop
  endfacet
  facet normal -0.9537169507482277 0 0.30070579950427084
    outer loop
      vertex 681.2444773246075 -670 328.4102848838319
      vertex 681.2444773246075 -720 328.4102848838319
      vertex 689.9014351406502 -720 355.86664729747065
    endloop
  endfacet
  facet normal 0 -1 0
    outer loop
      vertex 700.9184302779056 -720 382.4640263744308
      vertex 706.5272896023621 -720 294.74715694474526
      vertex 712.1541037658576 -720 320.1280754405512
    endloop
  endfacet
  facet normal 0 1 0
    outer loop
      vertex 714.2116167511352 -670 408
      vertex 712.1541037658576 -670 320.1280754405512
      vertex 706.5272896023621 -670 294.74715694474526
    endloop
  endfacet
  facet normal -0.9537169507482277 2.8398438900701496e-18 0.30070579950427084
    outer loop
      vertex 681.2444773246075 -670 328.4102848838319
      vertex 689.9014351406502 -720 355.86664729747065
      vertex 689.9014351406502 -670 355.86664729747065
    endloop
  endfacet
  facet normal 0 -1 0
    outer loop
      vertex 700.9184302779056 -720 382.4640263744308
      vertex 712.1541037658576 -720 320.1280754405512
      vertex 719.9715990057994 -720 344.9220027110493
    endloop
  endfacet
  facet normal -0.9238795325112847 0 0.3826834323650945
    outer loop
      vertex 689.9014351406502 -670 355.86664729747065
      vertex 689.9014351406502 -720 355.86664729747065
      vertex 700.9184302779056 -720 382.4640263744308
    endloop
  endfacet
  facet normal 0 1 0
    outer loop
      vertex 714.2116167511352 -670 408
      vertex 719.9715990057994 -670 344.9220027110493
      vertex 712.1541037658576 -670 320.1280754405512
    endloop
  endfacet
  facet normal 0 1 0
    outer loop
      vertex 700.9184302779056 -670 382.4640263744308
      vertex 714.2116167511352 -670 408
      vertex 706.5272896023621 -670 294.74715694474526
    endloop
  endfacet
  facet normal -0.9238795325112847 -9.794246991839041e-18 0.3826834323650945
    outer loop
      vertex 689.9014351406502 -670 355.86664729747065
      vertex 700.9184302779056 -720 382.4640263744308
      vertex 700.9184302779056 -670 382.4640263744308
    endloop
  endfacet
  facet normal 0 -1 0
    outer loop
      vertex 714.2116167511352 -720 408
      vertex 719.9715990057994 -720 344.9220027110493
      vertex 729.9202794630783 -720 368.9402419987284
    endloop
  endfacet
  facet normal 0 -1 0
    outer loop
      vertex 700.9184302779056 -720 382.4640263744308
      vertex 719.9715990057994 -720 344.9220027110493
      vertex 714.2116167511352 -720 408
    endloop
  endfacet
  facet normal 0 1 0
    outer loop
      vertex 729.6798253846327 -670 432.2802239958452
      vertex 729.9202794630783 -670 368.9402419987284
      vertex 719.9715990057994 -670 344.9220027110493
    endloop
  endfacet
  facet normal 0 -1 0
    outer loop
      vertex 1299.0815697220944 -720 382.4640263744308
      vertex 1296.8660200313402 -720 268.97241133880215
      vertex 1298 -720 243
    endloop
  endfacet
  facet normal 0 -1 0
    outer loop
      vertex 1318.7555226753925 -720 328.4102848838319
      vertex 1310.0985648593498 -720 355.86664729747065
      vertex 1327.2646599666787 -720 203
    endloop
  endfacet
  facet normal 0 -1 0
    outer loop
      vertex 1299.0815697220944 -720 382.4640263744308
      vertex 1293.472710397638 -720 294.74715694474526
      vertex 1296.8660200313402 -720 268.97241133880215
    endloop
  endfacet
  facet normal 0 -1 0
    outer loop
      vertex 1310.0985648593498 -720 355.86664729747065
      vertex 1299.0815697220944 -720 382.4640263744308
      vertex 1327.2646599666787 -720 203
    endloop
  endfacet
  facet normal 0.9762960071199328 0 0.21643961393810524
    outer loop
      vertex 1324.9865584940287 -670 300.303898630087
      vertex 1318.7555226753925 -670 328.4102848838319
      vertex 1324.9865584940287 -720 300.303898630087
    endloop
  endfacet
  facet normal 0 1 0
    outer loop
      vertex 1299.0815697220944 -670 382.4640263744308
      vertex 1298 -670 243
      vertex 1296.8660200313402 -670 268.97241133880215
    endloop
  endfacet
  facet normal 0 1 0
    outer loop
      vertex 1318.7555226753925 -670 328.4102848838319
      vertex 1327.2646599666787 -670 203
      vertex 1310.0985648593498 -670 355.86664729747065
    endloop
  endfacet
  facet normal 0 1 0
    outer loop
      vertex 1299.0815697220944 -670 382.4640263744308
      vertex 1296.8660200313402 -670 268.97241133880215
      vertex 1293.472710397638 -670 294.74715694474526
    endloop
  endfacet
  facet normal 0 1 0
    outer loop
      vertex 1310.0985648593498 -670 355.86664729747065
      vertex 1327.2646599666787 -670 203
      vertex 1299.0815697220944 -670 382.4640263744308
    endloop
  endfacet
  facet normal 0.9762960071199328 0 0.21643961393810524
    outer loop
      vertex 1318.7555226753925 -670 328.4102848838319
      vertex 1318.7555226753925 -720 328.4102848838319
      vertex 1324.9865584940287 -720 300.303898630087
    endloop
  endfacet
  facet normal 0 -1 0
    outer loop
      vertex 1285.7883832488646 -720 408
      vertex 1287.8458962341424 -720 320.1280754405512
      vertex 1293.472710397638 -720 294.74715694474526
    endloop
  endfacet
  facet normal 0.9537169507482277 0 0.30070579950427084
    outer loop
      vertex 1318.7555226753925 -670 328.4102848838319
      vertex 1310.0985648593498 -670 355.86664729747065
      vertex 1318.7555226753925 -720 328.4102848838319
    endloop
  endfacet
  facet normal 0 1 0
    outer loop
      vertex 1299.0815697220944 -670 382.4640263744308
      vertex 1293.472710397638 -670 294.74715694474526
      vertex 1287.8458962341424 -670 320.1280754405512
    endloop
  endfacet
  facet normal 0.9537169507482277 0 0.30070579950427084
    outer loop
      vertex 1310.0985648593498 -670 355.86664729747065
      vertex 1310.0985648593498 -720 355.86664729747065
      vertex 1318.7555226753925 -720 328.4102848838319
    endloop
  endfacet
  facet normal 0 -1 0
    outer loop
      vertex 1285.7883832488646 -720 408
      vertex 1280.0284009942006 -720 344.9220027110493
      vertex 1287.8458962341424 -720 320.1280754405512
    endloop
  endfacet
  facet normal 0 -1 0
    outer loop
      vertex 1299.0815697220944 -720 382.4640263744308
      vertex 1285.7883832488646 -720 408
      vertex 1293.472710397638 -720 294.74715694474526
    endloop
  endfacet
  facet normal 0.9238795325112847 0 0.3826834323650945
    outer loop
      vertex 1310.0985648593498 -670 355.86664729747065
      vertex 1299.0815697220944 -670 382.4640263744308
      vertex 1310.0985648593498 -720 355.86664729747065
    endloop
  endfacet
  facet normal 0 1 0
    outer loop
      vertex 1299.0815697220944 -670 382.4640263744308
      vertex 1287.8458962341424 -670 320.1280754405512
      vertex 1280.0284009942006 -670 344.9220027110493
    endloop
  endfacet
  facet normal 0.9238795325112847 0 0.3826834323650945
    outer loop
      vertex 1299.0815697220944 -670 382.4640263744308
      vertex 1299.0815697220944 -720 382.4640263744308
      vertex 1310.0985648593498 -720 355.86664729747065
    endloop
  endfacet
  facet normal 0 -1 0
    outer loop
      vertex 1270.3201746153673 -720 432.2802239958452
      vertex 1270.0797205369217 -720 368.9402419987284
      vertex 1280.0284009942006 -720 344.9220027110493
    endloop
  endfacet
  facet normal 0 1 0
    outer loop
      vertex 1285.7883832488646 -670 408
      vertex 1280.0284009942006 -670 344.9220027110493
      vertex 1270.0797205369217 -670 368.9402419987284
    endloop
  endfacet
  facet normal 0 1 0
    outer loop
      vertex 1299.0815697220944 -670 382.4640263744308
      vertex 1280.0284009942006 -670 344.9220027110493
      vertex 1285.7883832488646 -670 408
    endloop
  endfacet
  facet normal -0.8870108331782233 0 0.46174861323503075
    outer loop
      vertex 700.9184302779056 -670 382.4640263744308
      vertex 700.9184302779056 -720 382.4640263744308
      vertex 714.2116167511352 -720 408
    endloop
  endfacet
  facet normal 0 -1 0
    outer loop
      vertex 729.6798253846327 -720 432.2802239958452
      vertex 729.9202794630783 -720 368.9402419987284
      vertex 741.9244296722372 -720 392
    endloop
  endfacet
  facet normal -0.8870108331782233 8.490669061776092e-18 0.46174861323503075
    outer loop
      vertex 700.9184302779056 -670 382.4640263744308
      vertex 714.2116167511352 -720 408
      vertex 714.2116167511352 -670 408
    endloop
  endfacet
  facet normal 0 -1 0
    outer loop
      vertex 714.2116167511352 -720 408
      vertex 729.9202794630783 -720 368.9402419987284
      vertex 729.6798253846327 -720 432.2802239958452
    endloop
  endfacet
  facet normal 0 1 0
    outer loop
      vertex 714.2116167511352 -670 408
      vertex 729.6798253846327 -670 432.2802239958452
      vertex 719.9715990057994 -670 344.9220027110493
    endloop
  endfacet
  facet normal 0 1 0
    outer loop
      vertex 729.6798253846327 -670 432.2802239958452
      vertex 741.9244296722372 -670 392
      vertex 729.9202794630783 -670 368.9402419987284
    endloop
  endfacet
  facet normal -0.8433914458128845 0 0.5372996083468256
    outer loop
      vertex 714.2116167511352 -670 408
      vertex 714.2116167511352 -720 408
      vertex 729.6798253846327 -720 432.2802239958452
    endloop
  endfacet
  facet normal -0.8433914458128845 -1.4778219146227167e-17 0.5372996083468256
    outer loop
      vertex 714.2116167511352 -670 408
      vertex 729.6798253846327 -720 432.2802239958452
      vertex 729.6798253846327 -670 432.2802239958452
    endloop
  endfacet
  facet normal 0 1 0
    outer loop
      vertex 729.6798253846327 -670 432.2802239958452
      vertex 747.2053337707373 -670 455.11991119655795
      vertex 741.9244296722372 -670 392
    endloop
  endfacet
  facet normal 0 -1 0
    outer loop
      vertex 729.6798253846327 -720 432.2802239958452
      vertex 741.9244296722372 -720 392
      vertex 755.8926908018805 -720 413.92577803261173
    endloop
  endfacet
  facet normal 0 -1 0
    outer loop
      vertex 729.6798253846327 -720 432.2802239958452
      vertex 755.8926908018805 -720 413.92577803261173
      vertex 747.2053337707373 -720 455.11991119655795
    endloop
  endfacet
  facet normal 0 1 0
    outer loop
      vertex 747.2053337707373 -670 455.11991119655795
      vertex 755.8926908018805 -670 413.92577803261173
      vertex 741.9244296722372 -670 392
    endloop
  endfacet
  facet normal -0.7933533402912352 0 0.6087614290087207
    outer loop
      vertex 729.6798253846327 -670 432.2802239958452
      vertex 729.6798253846327 -720 432.2802239958452
      vertex 747.2053337707373 -720 455.11991119655795
    endloop
  endfacet
  facet normal 0 -1 0
    outer loop
      vertex 747.2053337707373 -720 455.11991119655795
      vertex 755.8926908018805 -720 413.92577803261173
      vertex 771.7187559505446 -720 434.5507076865887
    endloop
  endfacet
  facet normal 0 -1 0
    outer loop
      vertex 747.2053337707373 -720 455.11991119655795
      vertex 771.7187559505446 -720 434.5507076865887
      vertex 766.6547622084393 -720 476.3452377915607
    endloop
  endfacet
  facet normal 0 -1 0
    outer loop
      vertex 766.6547622084393 -720 476.3452377915607
      vertex 771.7187559505446 -720 434.5507076865887
      vertex 789.2821792064088 -720 453.71782079359116
    endloop
  endfacet
  facet normal -0.7933533402912352 -1.2038432367463448e-17 0.6087614290087207
    outer loop
      vertex 729.6798253846327 -670 432.2802239958452
      vertex 747.2053337707373 -720 455.11991119655795
      vertex 747.2053337707373 -670 455.11991119655795
    endloop
  endfacet
  facet normal 0 1 0
    outer loop
      vertex 766.6547622084393 -670 476.3452377915607
      vertex 771.7187559505446 -670 434.5507076865887
      vertex 755.8926908018805 -670 413.92577803261173
    endloop
  endfacet
  facet normal 0 1 0
    outer loop
      vertex 747.2053337707373 -670 455.11991119655795
      vertex 766.6547622084393 -670 476.3452377915607
      vertex 755.8926908018805 -670 413.92577803261173
    endloop
  endfacet
  facet normal -0.7372773368101266 0 0.6755902076156574
    outer loop
      vertex 747.2053337707373 -670 455.11991119655795
      vertex 747.2053337707373 -720 455.11991119655795
      vertex 766.6547622084393 -720 476.3452377915607
    endloop
  endfacet
  facet normal 0 -1 0
    outer loop
      vertex 766.6547622084393 -720 476.3452377915607
      vertex 789.2821792064088 -720 453.71782079359116
      vertex 787.880088803442 -720 495.7946662292627
    endloop
  endfacet
  facet normal -0.7372773368101266 -5.096060572585091e-19 0.6755902076156574
    outer loop
      vertex 747.2053337707373 -670 455.11991119655795
      vertex 766.6547622084393 -720 476.3452377915607
      vertex 766.6547622084393 -670 476.3452377915607
    endloop
  endfacet
  facet normal 0 -1 0
    outer loop
      vertex 787.880088803442 -720 495.7946662292627
      vertex 789.2821792064088 -720 453.71782079359116
      vertex 808.4492923134113 -720 471.28124404945544
    endloop
  endfacet
  facet normal 0 1 0
    outer loop
      vertex 766.6547622084393 -670 476.3452377915607
      vertex 787.880088803442 -670 495.7946662292627
      vertex 771.7187559505446 -670 434.5507076865887
    endloop
  endfacet
  facet normal 0 1 0
    outer loop
      vertex 787.880088803442 -670 495.7946662292627
      vertex 789.2821792064088 -670 453.71782079359116
      vertex 771.7187559505446 -670 434.5507076865887
    endloop
  endfacet
  facet normal 0 1 0
    outer loop
      vertex 787.880088803442 -670 495.7946662292627
      vertex 808.4492923134113 -670 471.28124404945544
      vertex 789.2821792064088 -670 453.71782079359116
    endloop
  endfacet
  facet normal 0 -1 0
    outer loop
      vertex 1270.3201746153673 -720 432.2802239958452
      vertex 1258.0755703277628 -720 392
      vertex 1270.0797205369217 -720 368.9402419987284
    endloop
  endfacet
  facet normal 0 -1 0
    outer loop
      vertex 1285.7883832488646 -720 408
      vertex 1270.3201746153673 -720 432.2802239958452
      vertex 1280.0284009942006 -720 344.9220027110493
    endloop
  endfacet
  facet normal 0.8870108331782218 0 0.46174861323503386
    outer loop
      vertex 1285.7883832488646 -670 408
      vertex 1285.7883832488646 -720 408
      vertex 1299.0815697220944 -720 382.4640263744308
    endloop
  endfacet
  facet normal 0.8870108331782218 0 0.46174861323503386
    outer loop
      vertex 1299.0815697220944 -670 382.4640263744308
      vertex 1285.7883832488646 -670 408
      vertex 1299.0815697220944 -720 382.4640263744308
    endloop
  endfacet
  facet normal 0 1 0
    outer loop
      vertex 1270.3201746153673 -670 432.2802239958452
      vertex 1270.0797205369217 -670 368.9402419987284
      vertex 1258.0755703277628 -670 392
    endloop
  endfacet
  facet normal 0 1 0
    outer loop
      vertex 1285.7883832488646 -670 408
      vertex 1270.0797205369217 -670 368.9402419987284
      vertex 1270.3201746153673 -670 432.2802239958452
    endloop
  endfacet
  facet normal 0 -1 0
    outer loop
      vertex 1252.7946662292627 -720 455.11991119655795
      vertex 1244.1073091981195 -720 413.92577803261173
      vertex 1258.0755703277628 -720 392
    endloop
  endfacet
  facet normal 0.8433914458128864 0 0.5372996083468228
    outer loop
      vertex 1285.7883832488646 -670 408
      vertex 1270.3201746153673 -670 432.2802239958452
      vertex 1285.7883832488646 -720 408
    endloop
  endfacet
  facet normal 0 -1 0
    outer loop
      vertex 1270.3201746153673 -720 432.2802239958452
      vertex 1252.7946662292627 -720 455.11991119655795
      vertex 1258.0755703277628 -720 392
    endloop
  endfacet
  facet normal 0.8433914458128864 0 0.5372996083468228
    outer loop
      vertex 1270.3201746153673 -670 432.2802239958452
      vertex 1270.3201746153673 -720 432.2802239958452
      vertex 1285.7883832488646 -720 408
    endloop
  endfacet
  facet normal 0 1 0
    outer loop
      vertex 1270.3201746153673 -670 432.2802239958452
      vertex 1258.0755703277628 -670 392
      vertex 1244.1073091981195 -670 413.92577803261173
    endloop
  endfacet
  facet normal 0 1 0
    outer loop
      vertex 1270.3201746153673 -670 432.2802239958452
      vertex 1244.1073091981195 -670 413.92577803261173
      vertex 1252.7946662292627 -670 455.11991119655795
    endloop
  endfacet
  facet normal 0 -1 0
    outer loop
      vertex 1233.3452377915607 -720 476.3452377915607
      vertex 1228.2812440494554 -720 434.5507076865887
      vertex 1244.1073091981195 -720 413.92577803261173
    endloop
  endfacet
  facet normal 0 -1 0
    outer loop
      vertex 1233.3452377915607 -720 476.3452377915607
      vertex 1244.1073091981195 -720 413.92577803261173
      vertex 1252.7946662292627 -720 455.11991119655795
    endloop
  endfacet
  facet normal 0 1 0
    outer loop
      vertex 1252.7946662292627 -670 455.11991119655795
      vertex 1244.1073091981195 -670 413.92577803261173
      vertex 1228.2812440494554 -670 434.5507076865887
    endloop
  endfacet
  facet normal 0 1 0
    outer loop
      vertex 1233.3452377915607 -670 476.3452377915607
      vertex 1228.2812440494554 -670 434.5507076865887
      vertex 1210.7178207935913 -670 453.71782079359116
    endloop
  endfacet
  facet normal 0 1 0
    outer loop
      vertex 1233.3452377915607 -670 476.3452377915607
      vertex 1252.7946662292627 -670 455.11991119655795
      vertex 1228.2812440494554 -670 434.5507076865887
    endloop
  endfacet
  facet normal 0.7933533402912352 0 0.6087614290087207
    outer loop
      vertex 1270.3201746153673 -670 432.2802239958452
      vertex 1252.7946662292627 -670 455.11991119655795
      vertex 1270.3201746153673 -720 432.2802239958452
    endloop
  endfacet
  facet normal 0.7933533402912352 0 0.6087614290087207
    outer loop
      vertex 1252.7946662292627 -670 455.11991119655795
      vertex 1252.7946662292627 -720 455.11991119655795
      vertex 1270.3201746153673 -720 432.2802239958452
    endloop
  endfacet
  facet normal 0 -1 0
    outer loop
      vertex 1212.119911196558 -720 495.7946662292627
      vertex 1210.7178207935913 -720 453.71782079359116
      vertex 1228.2812440494554 -720 434.5507076865887
    endloop
  endfacet
  facet normal 0 -1 0
    outer loop
      vertex 1233.3452377915607 -720 476.3452377915607
      vertex 1212.119911196558 -720 495.7946662292627
      vertex 1228.2812440494554 -720 434.5507076865887
    endloop
  endfacet
  facet normal 0 -1 0
    outer loop
      vertex 1212.119911196558 -720 495.7946662292627
      vertex 1191.5507076865888 -720 471.28124404945544
      vertex 1210.7178207935913 -720 453.71782079359116
    endloop
  endfacet
  facet normal 0.7372773368101266 0 0.6755902076156574
    outer loop
      vertex 1233.3452377915607 -670 476.3452377915607
      vertex 1233.3452377915607 -720 476.3452377915607
      vertex 1252.7946662292627 -720 455.11991119655795
    endloop
  endfacet
  facet normal 0 1 0
    outer loop
      vertex 1212.119911196558 -670 495.7946662292627
      vertex 1210.7178207935913 -670 453.71782079359116
      vertex 1191.5507076865888 -670 471.28124404945544
    endloop
  endfacet
  facet normal 0 1 0
    outer loop
      vertex 1233.3452377915607 -670 476.3452377915607
      vertex 1210.7178207935913 -670 453.71782079359116
      vertex 1212.119911196558 -670 495.7946662292627
    endloop
  endfacet
  facet normal 0.7372773368101266 5.096060572585091e-19 0.6755902076156574
    outer loop
      vertex 1233.3452377915607 -670 476.3452377915607
      vertex 1252.7946662292627 -720 455.11991119655795
      vertex 1252.7946662292627 -670 455.11991119655795
    endloop
  endfacet
  facet normal -0.6755902076156576 0 0.7372773368101265
    outer loop
      vertex 787.880088803442 -670 495.7946662292627
      vertex 766.6547622084393 -720 476.3452377915607
      vertex 787.880088803442 -720 495.7946662292627
    endloop
  endfacet
  facet normal -0.6755902076156576 0 0.7372773368101265
    outer loop
      vertex 766.6547622084393 -670 476.3452377915607
      vertex 766.6547622084393 -720 476.3452377915607
      vertex 787.880088803442 -670 495.7946662292627
    endloop
  endfacet
  facet normal 0 -1 0
    outer loop
      vertex 787.880088803442 -720 495.7946662292627
      vertex 808.4492923134113 -720 471.28124404945544
      vertex 829.0742219673882 -720 487.10730919811954
    endloop
  endfacet
  facet normal 0 -1 0
    outer loop
      vertex 787.880088803442 -720 495.7946662292627
      vertex 829.0742219673882 -720 487.10730919811954
      vertex 810.7197760041548 -720 513.3201746153673
    endloop
  endfacet
  facet normal -0.6087614290087207 0 0.7933533402912352
    outer loop
      vertex 787.880088803442 -670 495.7946662292627
      vertex 787.880088803442 -720 495.7946662292627
      vertex 810.7197760041548 -670 513.3201746153673
    endloop
  endfacet
  facet normal 0 1 0
    outer loop
      vertex 810.7197760041548 -670 513.3201746153673
      vertex 829.0742219673882 -670 487.10730919811954
      vertex 808.4492923134113 -670 471.28124404945544
    endloop
  endfacet
  facet normal 0 1 0
    outer loop
      vertex 787.880088803442 -670 495.7946662292627
      vertex 810.7197760041548 -670 513.3201746153673
      vertex 808.4492923134113 -670 471.28124404945544
    endloop
  endfacet
  facet normal -0.6087614290087207 0 0.7933533402912352
    outer loop
      vertex 810.7197760041548 -670 513.3201746153673
      vertex 787.880088803442 -720 495.7946662292627
      vertex 810.7197760041548 -720 513.3201746153673
    endloop
  endfacet
  facet normal -0.5372996083468256 0 0.8433914458128845
    outer loop
      vertex 810.7197760041548 -670 513.3201746153673
      vertex 810.7197760041548 -720 513.3201746153673
      vertex 835 -670 528.7883832488648
    endloop
  endfacet
  facet normal 0 -1 0
    outer loop
      vertex 810.7197760041548 -720 513.3201746153673
      vertex 829.0742219673882 -720 487.10730919811954
      vertex 851 -720 501.0755703277627
    endloop
  endfacet
  facet normal 0 -1 0
    outer loop
      vertex 810.7197760041548 -720 513.3201746153673
      vertex 851 -720 501.0755703277627
      vertex 835 -720 528.7883832488648
    endloop
  endfacet
  facet normal 0 -1 0
    outer loop
      vertex 835 -720 528.7883832488648
      vertex 851 -720 501.0755703277627
      vertex 874.0597580012716 -720 513.0797205369217
    endloop
  endfacet
  facet normal -0.5372996083468256 0 0.8433914458128845
    outer loop
      vertex 835 -670 528.7883832488648
      vertex 810.7197760041548 -720 513.3201746153673
      vertex 835 -720 528.7883832488648
    endloop
  endfacet
  facet normal 0 -1 0
    outer loop
      vertex 860.5359736255692 -720 542.0815697220944
      vertex 874.0597580012716 -720 513.0797205369217
      vertex 898.0779972889508 -720 523.0284009942006
    endloop
  endfacet
  facet normal 0 1 0
    outer loop
      vertex 835 -670 528.7883832488648
      vertex 851 -670 501.0755703277627
      vertex 829.0742219673882 -670 487.10730919811954
    endloop
  endfacet
  facet normal 0 1 0
    outer loop
      vertex 810.7197760041548 -670 513.3201746153673
      vertex 835 -670 528.7883832488648
      vertex 829.0742219673882 -670 487.10730919811954
    endloop
  endfacet
  facet normal 0 1 0
    outer loop
      vertex 860.5359736255692 -670 542.0815697220944
      vertex 874.0597580012716 -670 513.0797205369217
      vertex 851 -670 501.0755703277627
    endloop
  endfacet
  facet normal 0 1 0
    outer loop
      vertex 835 -670 528.7883832488648
      vertex 860.5359736255692 -670 542.0815697220944
      vertex 851 -670 501.0755703277627
    endloop
  endfacet
  facet normal 0 -1 0
    outer loop
      vertex 835 -720 528.7883832488648
      vertex 874.0597580012716 -720 513.0797205369217
      vertex 860.5359736255692 -720 542.0815697220944
    endloop
  endfacet
  facet normal -0.46174861323503075 0 0.8870108331782233
    outer loop
      vertex 860.5359736255692 -670 542.0815697220944
      vertex 835 -720 528.7883832488648
      vertex 860.5359736255692 -720 542.0815697220944
    endloop
  endfacet
  facet normal -0.46174861323503075 0 0.8870108331782233
    outer loop
      vertex 835 -670 528.7883832488648
      vertex 835 -720 528.7883832488648
      vertex 860.5359736255692 -670 542.0815697220944
    endloop
  endfacet
  facet normal 0 -1 0
    outer loop
      vertex 887.1333527025294 -720 553.0985648593498
      vertex 898.0779972889508 -720 523.0284009942006
      vertex 922.8719245594489 -720 530.8458962341424
    endloop
  endfacet
  facet normal 0 -1 0
    outer loop
      vertex 860.5359736255692 -720 542.0815697220944
      vertex 898.0779972889508 -720 523.0284009942006
      vertex 887.1333527025294 -720 553.0985648593498
    endloop
  endfacet
  facet normal -0.3826834323650945 0 0.9238795325112847
    outer loop
      vertex 887.1333527025294 -670 553.0985648593498
      vertex 860.5359736255692 -720 542.0815697220944
      vertex 887.1333527025294 -720 553.0985648593498
    endloop
  endfacet
  facet normal 0 -1 0
    outer loop
      vertex 887.1333527025294 -720 553.0985648593498
      vertex 922.8719245594489 -720 530.8458962341424
      vertex 914.5897151161681 -720 561.7555226753925
    endloop
  endfacet
  facet normal -0.3826834323650945 0 0.9238795325112847
    outer loop
      vertex 860.5359736255692 -670 542.0815697220944
      vertex 860.5359736255692 -720 542.0815697220944
      vertex 887.1333527025294 -670 553.0985648593498
    endloop
  endfacet
  facet normal 0 1 0
    outer loop
      vertex 887.1333527025294 -670 553.0985648593498
      vertex 898.0779972889508 -670 523.0284009942006
      vertex 874.0597580012716 -670 513.0797205369217
    endloop
  endfacet
  facet normal 0 1 0
    outer loop
      vertex 860.5359736255692 -670 542.0815697220944
      vertex 887.1333527025294 -670 553.0985648593498
      vertex 874.0597580012716 -670 513.0797205369217
    endloop
  endfacet
  facet normal 0 1 0
    outer loop
      vertex 887.1333527025294 -670 553.0985648593498
      vertex 914.5897151161681 -670 561.7555226753925
      vertex 898.0779972889508 -670 523.0284009942006
    endloop
  endfacet
  facet normal 0 -1 0
    outer loop
      vertex 914.5897151161681 -720 561.7555226753925
      vertex 922.8719245594489 -720 530.8458962341424
      vertex 948.2528430552547 -720 536.4727103976379
    endloop
  endfacet
  facet normal 0 -1 0
    outer loop
      vertex 942.696101369913 -720 567.9865584940287
      vertex 948.2528430552547 -720 536.4727103976379
      vertex 974.0275886611979 -720 539.8660200313402
    endloop
  endfacet
  facet normal 0 1 0
    outer loop
      vertex 914.5897151161681 -670 561.7555226753925
      vertex 922.8719245594489 -670 530.8458962341424
      vertex 898.0779972889508 -670 523.0284009942006
    endloop
  endfacet
  facet normal 0 1 0
    outer loop
      vertex 942.696101369913 -670 567.9865584940287
      vertex 948.2528430552547 -670 536.4727103976379
      vertex 922.8719245594489 -670 530.8458962341424
    endloop
  endfacet
  facet normal 0 1 0
    outer loop
      vertex 971.2386048932728 -670 571.744250370276
      vertex 974.0275886611979 -670 539.8660200313402
      vertex 948.2528430552547 -670 536.4727103976379
    endloop
  endfacet
  facet normal -0.30070579950427084 0 0.9537169507482277
    outer loop
      vertex 914.5897151161681 -670 561.7555226753925
      vertex 887.1333527025294 -720 553.0985648593498
      vertex 914.5897151161681 -720 561.7555226753925
    endloop
  endfacet
  facet normal -0.30070579950427084 0 0.9537169507482277
    outer loop
      vertex 887.1333527025294 -670 553.0985648593498
      vertex 887.1333527025294 -720 553.0985648593498
      vertex 914.5897151161681 -670 561.7555226753925
    endloop
  endfacet
  facet normal 0 -1 0
    outer loop
      vertex 914.5897151161681 -720 561.7555226753925
      vertex 948.2528430552547 -720 536.4727103976379
      vertex 942.696101369913 -720 567.9865584940287
    endloop
  endfacet
  facet normal 0 -1 0
    outer loop
      vertex 971.2386048932728 -720 571.744250370276
      vertex 974.0275886611979 -720 539.8660200313402
      vertex 1000 -720 541
    endloop
  endfacet
  facet normal 0 -1 0
    outer loop
      vertex 942.696101369913 -720 567.9865584940287
      vertex 974.0275886611979 -720 539.8660200313402
      vertex 971.2386048932728 -720 571.744250370276
    endloop
  endfacet
  facet normal -0.21643961393810524 0 0.9762960071199328
    outer loop
      vertex 942.696101369913 -670 567.9865584940287
      vertex 914.5897151161681 -720 561.7555226753925
      vertex 942.696101369913 -720 567.9865584940287
    endloop
  endfacet
  facet normal -0.21643961393810524 0 0.9762960071199328
    outer loop
      vertex 914.5897151161681 -670 561.7555226753925
      vertex 914.5897151161681 -720 561.7555226753925
      vertex 942.696101369913 -670 567.9865584940287
    endloop
  endfacet
  facet normal 0 -1 0
    outer loop
      vertex 971.2386048932728 -720 571.744250370276
      vertex 1000 -720 541
      vertex 1000 -720 573
    endloop
  endfacet
  facet normal -0.1305261922200469 0 0.991444861373811
    outer loop
      vertex 971.2386048932728 -670 571.744250370276
      vertex 942.696101369913 -720 567.9865584940287
      vertex 971.2386048932728 -720 571.744250370276
    endloop
  endfacet
  facet normal -0.043619387365338706 1.8533195489483532e-18 0.9990482215818576
    outer loop
      vertex 971.2386048932728 -720 571.744250370276
      vertex 1000 -720 573
      vertex 1000 -670 573
    endloop
  endfacet
  facet normal -0.1305261922200469 0 0.991444861373811
    outer loop
      vertex 942.696101369913 -670 567.9865584940287
      vertex 942.696101369913 -720 567.9865584940287
      vertex 971.2386048932728 -670 571.744250370276
    endloop
  endfacet
  facet normal -0.043619387365338706 0 0.9990482215818576
    outer loop
      vertex 971.2386048932728 -670 571.744250370276
      vertex 971.2386048932728 -720 571.744250370276
      vertex 1000 -670 573
    endloop
  endfacet
  facet normal 0 1 0
    outer loop
      vertex 914.5897151161681 -670 561.7555226753925
      vertex 942.696101369913 -670 567.9865584940287
      vertex 922.8719245594489 -670 530.8458962341424
    endloop
  endfacet
  facet normal 0 1 0
    outer loop
      vertex 1000 -670 573
      vertex 1000 -670 541
      vertex 974.0275886611979 -670 539.8660200313402
    endloop
  endfacet
  facet normal 0 1 0
    outer loop
      vertex 942.696101369913 -670 567.9865584940287
      vertex 971.2386048932728 -670 571.744250370276
      vertex 948.2528430552547 -670 536.4727103976379
    endloop
  endfacet
  facet normal 0 1 0
    outer loop
      vertex 971.2386048932728 -670 571.744250370276
      vertex 1000 -670 573
      vertex 974.0275886611979 -670 539.8660200313402
    endloop
  endfacet
  facet normal 0 -1 0
    outer loop
      vertex 1139.464026374431 -720 542.0815697220944
      vertex 1125.9402419987284 -720 513.0797205369217
      vertex 1149 -720 501.0755703277627
    endloop
  endfacet
  facet normal 0 -1 0
    outer loop
      vertex 1139.464026374431 -720 542.0815697220944
      vertex 1149 -720 501.0755703277627
      vertex 1165 -720 528.7883832488648
    endloop
  endfacet
  facet normal 0 1 0
    outer loop
      vertex 1165 -670 528.7883832488648
      vertex 1149 -670 501.0755703277627
      vertex 1125.9402419987284 -670 513.0797205369217
    endloop
  endfacet
  facet normal 0 1 0
    outer loop
      vertex 1139.464026374431 -670 542.0815697220944
      vertex 1125.9402419987284 -670 513.0797205369217
      vertex 1101.9220027110493 -670 523.0284009942006
    endloop
  endfacet
  facet normal 0 -1 0
    outer loop
      vertex 1189.2802239958453 -720 513.3201746153673
      vertex 1170.9257780326118 -720 487.10730919811954
      vertex 1191.5507076865888 -720 471.28124404945544
    endloop
  endfacet
  facet normal 0.6755902076156576 0 0.7372773368101265
    outer loop
      vertex 1233.3452377915607 -670 476.3452377915607
      vertex 1212.119911196558 -720 495.7946662292627
      vertex 1233.3452377915607 -720 476.3452377915607
    endloop
  endfacet
  facet normal 0.6755902076156576 1.3353516671623664e-17 0.7372773368101265
    outer loop
      vertex 1233.3452377915607 -670 476.3452377915607
      vertex 1212.119911196558 -670 495.7946662292627
      vertex 1212.119911196558 -720 495.7946662292627
    endloop
  endfacet
  facet normal 0 -1 0
    outer loop
      vertex 1189.2802239958453 -720 513.3201746153673
      vertex 1191.5507076865888 -720 471.28124404945544
      vertex 1212.119911196558 -720 495.7946662292627
    endloop
  endfacet
  facet normal 0.6087614290087227 0 0.7933533402912337
    outer loop
      vertex 1212.119911196558 -670 495.7946662292627
      vertex 1189.2802239958453 -720 513.3201746153673
      vertex 1212.119911196558 -720 495.7946662292627
    endloop
  endfacet
  facet normal 0 1 0
    outer loop
      vertex 1212.119911196558 -670 495.7946662292627
      vertex 1191.5507076865888 -670 471.28124404945544
      vertex 1170.9257780326118 -670 487.10730919811954
    endloop
  endfacet
  facet normal 0 1 0
    outer loop
      vertex 1189.2802239958453 -670 513.3201746153673
      vertex 1170.9257780326118 -670 487.10730919811954
      vertex 1149 -670 501.0755703277627
    endloop
  endfacet
  facet normal 0 1 0
    outer loop
      vertex 1189.2802239958453 -670 513.3201746153673
      vertex 1212.119911196558 -670 495.7946662292627
      vertex 1170.9257780326118 -670 487.10730919811954
    endloop
  endfacet
  facet normal 0 -1 0
    outer loop
      vertex 1165 -720 528.7883832488648
      vertex 1149 -720 501.0755703277627
      vertex 1170.9257780326118 -720 487.10730919811954
    endloop
  endfacet
  facet normal 0 -1 0
    outer loop
      vertex 1165 -720 528.7883832488648
      vertex 1170.9257780326118 -720 487.10730919811954
      vertex 1189.2802239958453 -720 513.3201746153673
    endloop
  endfacet
  facet normal 0.6087614290087227 0 0.7933533402912337
    outer loop
      vertex 1189.2802239958453 -670 513.3201746153673
      vertex 1189.2802239958453 -720 513.3201746153673
      vertex 1212.119911196558 -670 495.7946662292627
    endloop
  endfacet
  facet normal 0.5372996083468238 0 0.8433914458128857
    outer loop
      vertex 1189.2802239958453 -670 513.3201746153673
      vertex 1165 -720 528.7883832488648
      vertex 1189.2802239958453 -720 513.3201746153673
    endloop
  endfacet
  facet normal 0.5372996083468238 0 0.8433914458128857
    outer loop
      vertex 1165 -670 528.7883832488648
      vertex 1165 -720 528.7883832488648
      vertex 1189.2802239958453 -670 513.3201746153673
    endloop
  endfacet
  facet normal 0 1 0
    outer loop
      vertex 1165 -670 528.7883832488648
      vertex 1189.2802239958453 -670 513.3201746153673
      vertex 1149 -670 501.0755703277627
    endloop
  endfacet
  facet normal 0 -1 0
    outer loop
      vertex 1028.7613951067272 -720 571.744250370276
      vertex 1025.9724113388022 -720 539.8660200313402
      vertex 1051.7471569447453 -720 536.4727103976379
    endloop
  endfacet
  facet normal 0 -1 0
    outer loop
      vertex 1057.303898630087 -720 567.9865584940287
      vertex 1051.7471569447453 -720 536.4727103976379
      vertex 1077.1280754405511 -720 530.8458962341424
    endloop
  endfacet
  facet normal 0 1 0
    outer loop
      vertex 1085.4102848838318 -670 561.7555226753925
      vertex 1077.1280754405511 -670 530.8458962341424
      vertex 1051.7471569447453 -670 536.4727103976379
    endloop
  endfacet
  facet normal 0 1 0
    outer loop
      vertex 1057.303898630087 -670 567.9865584940287
      vertex 1051.7471569447453 -670 536.4727103976379
      vertex 1025.9724113388022 -670 539.8660200313402
    endloop
  endfacet
  facet normal 0 -1 0
    outer loop
      vertex 1112.8666472974708 -720 553.0985648593498
      vertex 1101.9220027110493 -720 523.0284009942006
      vertex 1125.9402419987284 -720 513.0797205369217
    endloop
  endfacet
  facet normal 0 -1 0
    outer loop
      vertex 1112.8666472974708 -720 553.0985648593498
      vertex 1125.9402419987284 -720 513.0797205369217
      vertex 1139.464026374431 -720 542.0815697220944
    endloop
  endfacet
  facet normal 0.4617486132350323 0 0.8870108331782225
    outer loop
      vertex 1165 -670 528.7883832488648
      vertex 1139.464026374431 -720 542.0815697220944
      vertex 1165 -720 528.7883832488648
    endloop
  endfacet
  facet normal 0.4617486132350323 0 0.8870108331782225
    outer loop
      vertex 1139.464026374431 -670 542.0815697220944
      vertex 1139.464026374431 -720 542.0815697220944
      vertex 1165 -670 528.7883832488648
    endloop
  endfacet
  facet normal 0 -1 0
    outer loop
      vertex 1085.4102848838318 -720 561.7555226753925
      vertex 1077.1280754405511 -720 530.8458962341424
      vertex 1101.9220027110493 -720 523.0284009942006
    endloop
  endfacet
  facet normal 0 -1 0
    outer loop
      vertex 1085.4102848838318 -720 561.7555226753925
      vertex 1101.9220027110493 -720 523.0284009942006
      vertex 1112.8666472974708 -720 553.0985648593498
    endloop
  endfacet
  facet normal 0.3826834323650945 0 0.9238795325112847
    outer loop
      vertex 1139.464026374431 -670 542.0815697220944
      vertex 1112.8666472974708 -720 553.0985648593498
      vertex 1139.464026374431 -720 542.0815697220944
    endloop
  endfacet
  facet normal 0.3826834323650945 0 0.9238795325112847
    outer loop
      vertex 1112.8666472974708 -670 553.0985648593498
      vertex 1112.8666472974708 -720 553.0985648593498
      vertex 1139.464026374431 -670 542.0815697220944
    endloop
  endfacet
  facet normal 0 1 0
    outer loop
      vertex 1112.8666472974708 -670 553.0985648593498
      vertex 1101.9220027110493 -670 523.0284009942006
      vertex 1077.1280754405511 -670 530.8458962341424
    endloop
  endfacet
  facet normal 0 1 0
    outer loop
      vertex 1139.464026374431 -670 542.0815697220944
      vertex 1165 -670 528.7883832488648
      vertex 1125.9402419987284 -670 513.0797205369217
    endloop
  endfacet
  facet normal 0 1 0
    outer loop
      vertex 1112.8666472974708 -670 553.0985648593498
      vertex 1139.464026374431 -670 542.0815697220944
      vertex 1101.9220027110493 -670 523.0284009942006
    endloop
  endfacet
  facet normal 0 1 0
    outer loop
      vertex 1085.4102848838318 -670 561.7555226753925
      vertex 1112.8666472974708 -670 553.0985648593498
      vertex 1077.1280754405511 -670 530.8458962341424
    endloop
  endfacet
  facet normal 0 -1 0
    outer loop
      vertex 1000 -720 573
      vertex 1000 -720 541
      vertex 1025.9724113388022 -720 539.8660200313402
    endloop
  endfacet
  facet normal 0 -1 0
    outer loop
      vertex 1057.303898630087 -720 567.9865584940287
      vertex 1077.1280754405511 -720 530.8458962341424
      vertex 1085.4102848838318 -720 561.7555226753925
    endloop
  endfacet
  facet normal 0 -1 0
    outer loop
      vertex 1028.7613951067272 -720 571.744250370276
      vertex 1051.7471569447453 -720 536.4727103976379
      vertex 1057.303898630087 -720 567.9865584940287
    endloop
  endfacet
  facet normal 0 -1 0
    outer loop
      vertex 1000 -720 573
      vertex 1025.9724113388022 -720 539.8660200313402
      vertex 1028.7613951067272 -720 571.744250370276
    endloop
  endfacet
  facet normal 0.043619387365338706 0 0.9990482215818576
    outer loop
      vertex 1028.7613951067272 -670 571.744250370276
      vertex 1000 -720 573
      vertex 1028.7613951067272 -720 571.744250370276
    endloop
  endfacet
  facet normal 0.043619387365338706 0 0.9990482215818576
    outer loop
      vertex 1000 -670 573
      vertex 1000 -720 573
      vertex 1028.7613951067272 -670 571.744250370276
    endloop
  endfacet
  facet normal 0.21643961393810524 0 0.9762960071199328
    outer loop
      vertex 1085.4102848838318 -670 561.7555226753925
      vertex 1057.303898630087 -720 567.9865584940287
      vertex 1085.4102848838318 -720 561.7555226753925
    endloop
  endfacet
  facet normal 0.13052619222004744 0 0.9914448613738109
    outer loop
      vertex 1057.303898630087 -670 567.9865584940287
      vertex 1028.7613951067272 -720 571.744250370276
      vertex 1057.303898630087 -720 567.9865584940287
    endloop
  endfacet
  facet normal 0.21643961393810524 0 0.9762960071199328
    outer loop
      vertex 1057.303898630087 -670 567.9865584940287
      vertex 1057.303898630087 -720 567.9865584940287
      vertex 1085.4102848838318 -670 561.7555226753925
    endloop
  endfacet
  facet normal 0.13052619222004744 0 0.9914448613738109
    outer loop
      vertex 1028.7613951067272 -670 571.744250370276
      vertex 1028.7613951067272 -720 571.744250370276
      vertex 1057.303898630087 -670 567.9865584940287
    endloop
  endfacet
  facet normal 0 1 0
    outer loop
      vertex 1028.7613951067272 -670 571.744250370276
      vertex 1025.9724113388022 -670 539.8660200313402
      vertex 1000 -670 541
    endloop
  endfacet
  facet normal 0 1 0
    outer loop
      vertex 1057.303898630087 -670 567.9865584940287
      vertex 1085.4102848838318 -670 561.7555226753925
      vertex 1051.7471569447453 -670 536.4727103976379
    endloop
  endfacet
  facet normal 0 1 0
    outer loop
      vertex 1028.7613951067272 -670 571.744250370276
      vertex 1057.303898630087 -670 567.9865584940287
      vertex 1025.9724113388022 -670 539.8660200313402
    endloop
  endfacet
  facet normal 0 1 0
    outer loop
      vertex 1000 -670 573
      vertex 1028.7613951067272 -670 571.744250370276
      vertex 1000 -670 541
    endloop
  endfacet
  facet normal 0.30070579950426857 0 0.9537169507482284
    outer loop
      vertex 1112.8666472974708 -670 553.0985648593498
      vertex 1085.4102848838318 -720 561.7555226753925
      vertex 1112.8666472974708 -720 553.0985648593498
    endloop
  endfacet
  facet normal 0.30070579950426857 0 0.9537169507482284
    outer loop
      vertex 1085.4102848838318 -670 561.7555226753925
      vertex 1085.4102848838318 -720 561.7555226753925
      vertex 1112.8666472974708 -670 553.0985648593498
    endloop
  endfacet
  facet normal 0 -1 0
    outer loop
      vertex 672.7353400333213 670 203
      vertex 704.9807470510352 670 203
      vertex 703.1339799686598 670 217.02758866119785
    endloop
  endfacet
  facet normal 0 -1 0
    outer loop
      vertex 672.7353400333213 670 203
      vertex 703.1339799686598 670 217.02758866119785
      vertex 702 670 243
    endloop
  endfacet
  facet normal -0.9914448613738106 0 -0.13052619222005105
    outer loop
      vertex 671.255749629724 720 214.2386048932728
      vertex 672.7353400333213 670 203
      vertex 671.255749629724 670 214.2386048932728
    endloop
  endfacet
  facet normal -0.9914448613738106 -2.264009992202906e-18 -0.13052619222005105
    outer loop
      vertex 671.255749629724 720 214.2386048932728
      vertex 672.7353400333213 720 203
      vertex 672.7353400333213 670 203
    endloop
  endfacet
  facet normal 0 1 0
    outer loop
      vertex 672.7353400333213 720 203
      vertex 703.1339799686598 720 217.02758866119785
      vertex 704.9807470510352 720 203
    endloop
  endfacet
  facet normal -0.9990482215818576 0 -0.04361938736533862
    outer loop
      vertex 671.255749629724 720 214.2386048932728
      vertex 671.255749629724 670 214.2386048932728
      vertex 670 670 243
    endloop
  endfacet
  facet normal 0 1 0
    outer loop
      vertex 672.7353400333213 720 203
      vertex 702 720 243
      vertex 703.1339799686598 720 217.02758866119785
    endloop
  endfacet
  facet normal 0 -1 0
    outer loop
      vertex 671.255749629724 670 214.2386048932728
      vertex 672.7353400333213 670 203
      vertex 671.255749629724 670 271.7613951067272
    endloop
  endfacet
  facet normal 0 -1 0
    outer loop
      vertex 671.255749629724 670 214.2386048932728
      vertex 671.255749629724 670 271.7613951067272
      vertex 670 670 243
    endloop
  endfacet
  facet normal -0.9990482215818576 -2.0803721943913287e-18 -0.04361938736533862
    outer loop
      vertex 671.255749629724 720 214.2386048932728
      vertex 670 670 243
      vertex 670 720 243
    endloop
  endfacet
  facet normal 0 1 0
    outer loop
      vertex 671.255749629724 720 214.2386048932728
      vertex 675.0134415059713 720 300.303898630087
      vertex 672.7353400333213 720 203
    endloop
  endfacet
  facet normal 0 1 0
    outer loop
      vertex 671.255749629724 720 214.2386048932728
      vertex 670 720 243
      vertex 671.255749629724 720 271.7613951067272
    endloop
  endfacet
  facet normal 0 -1 0
    outer loop
      vertex 671.255749629724 670 271.7613951067272
      vertex 672.7353400333213 670 203
      vertex 675.0134415059713 670 300.303898630087
    endloop
  endfacet
  facet normal -0.9990482215818576 0 0.04361938736533862
    outer loop
      vertex 670 720 243
      vertex 670 670 243
      vertex 671.255749629724 670 271.7613951067272
    endloop
  endfacet
  facet normal -0.9990482215818576 2.0803721943913287e-18 0.04361938736533862
    outer loop
      vertex 670 720 243
      vertex 671.255749629724 670 271.7613951067272
      vertex 671.255749629724 720 271.7613951067272
    endloop
  endfacet
  facet normal 0 1 0
    outer loop
      vertex 671.255749629724 720 214.2386048932728
      vertex 671.255749629724 720 271.7613951067272
      vertex 675.0134415059713 720 300.303898630087
    endloop
  endfacet
  facet normal 0 -1 0
    outer loop
      vertex 675.0134415059713 670 300.303898630087
      vertex 672.7353400333213 670 203
      vertex 681.2444773246075 670 328.4102848838319
    endloop
  endfacet
  facet normal 0 -1 0
    outer loop
      vertex 700.9184302779056 670 382.4640263744308
      vertex 672.7353400333213 670 203
      vertex 702 670 243
    endloop
  endfacet
  facet normal -0.991444861373811 0 0.1305261922200472
    outer loop
      vertex 671.255749629724 720 271.7613951067272
      vertex 671.255749629724 670 271.7613951067272
      vertex 675.0134415059713 670 300.303898630087
    endloop
  endfacet
  facet normal 0 1 0
    outer loop
      vertex 675.0134415059713 720 300.303898630087
      vertex 681.2444773246075 720 328.4102848838319
      vertex 672.7353400333213 720 203
    endloop
  endfacet
  facet normal 0 1 0
    outer loop
      vertex 700.9184302779056 720 382.4640263744308
      vertex 702 720 243
      vertex 672.7353400333213 720 203
    endloop
  endfacet
  facet normal -0.991444861373811 2.809527856051213e-20 0.1305261922200472
    outer loop
      vertex 671.255749629724 720 271.7613951067272
      vertex 675.0134415059713 670 300.303898630087
      vertex 675.0134415059713 720 300.303898630087
    endloop
  endfacet
  facet normal 0 -1 0
    outer loop
      vertex 1327.2646599666787 670 203
      vertex 1296.8660200313402 670 217.02758866119785
      vertex 1295.0192529489648 670 203
    endloop
  endfacet
  facet normal 0 -1 0
    outer loop
      vertex 1327.2646599666787 670 203
      vertex 1298 670 243
      vertex 1296.8660200313402 670 217.02758866119785
    endloop
  endfacet
  facet normal 0.9914448613738106 2.264009992202906e-18 -0.13052619222005105
    outer loop
      vertex 1328.744250370276 670 214.2386048932728
      vertex 1327.2646599666787 670 203
      vertex 1327.2646599666787 720 203
    endloop
  endfacet
  facet normal 0 1 0
    outer loop
      vertex 1327.2646599666787 720 203
      vertex 1295.0192529489648 720 203
      vertex 1296.8660200313402 720 217.02758866119785
    endloop
  endfacet
  facet normal 0.9914448613738106 0 -0.13052619222005105
    outer loop
      vertex 1328.744250370276 720 214.2386048932728
      vertex 1328.744250370276 670 214.2386048932728
      vertex 1327.2646599666787 720 203
    endloop
  endfacet
  facet normal 0 1 0
    outer loop
      vertex 1327.2646599666787 720 203
      vertex 1296.8660200313402 720 217.02758866119785
      vertex 1298 720 243
    endloop
  endfacet
  facet normal 0.9990482215818576 0 -0.04361938736533862
    outer loop
      vertex 1328.744250370276 720 214.2386048932728
      vertex 1330 720 243
      vertex 1328.744250370276 670 214.2386048932728
    endloop
  endfacet
  facet normal 0 -1 0
    outer loop
      vertex 1328.744250370276 670 214.2386048932728
      vertex 1324.9865584940287 670 300.303898630087
      vertex 1327.2646599666787 670 203
    endloop
  endfacet
  facet normal 0 -1 0
    outer loop
      vertex 1328.744250370276 670 214.2386048932728
      vertex 1330 670 243
      vertex 1328.744250370276 670 271.7613951067272
    endloop
  endfacet
  facet normal 0.9990482215818576 2.0803721943913287e-18 -0.04361938736533862
    outer loop
      vertex 1328.744250370276 670 214.2386048932728
      vertex 1330 720 243
      vertex 1330 670 243
    endloop
  endfacet
  facet normal 0 1 0
    outer loop
      vertex 1328.744250370276 720 214.2386048932728
      vertex 1327.2646599666787 720 203
      vertex 1328.744250370276 720 271.7613951067272
    endloop
  endfacet
  facet normal 0 1 0
    outer loop
      vertex 1328.744250370276 720 214.2386048932728
      vertex 1328.744250370276 720 271.7613951067272
      vertex 1330 720 243
    endloop
  endfacet
  facet normal 0 -1 0
    outer loop
      vertex 1328.744250370276 670 214.2386048932728
      vertex 1328.744250370276 670 271.7613951067272
      vertex 1324.9865584940287 670 300.303898630087
    endloop
  endfacet
  facet normal 0.9990482215818576 0 0.04361938736533862
    outer loop
      vertex 1330 720 243
      vertex 1328.744250370276 720 271.7613951067272
      vertex 1330 670 243
    endloop
  endfacet
  facet normal 0 1 0
    outer loop
      vertex 1328.744250370276 720 271.7613951067272
      vertex 1327.2646599666787 720 203
      vertex 1324.9865584940287 720 300.303898630087
    endloop
  endfacet
  facet normal 0.9990482215818576 0 0.04361938736533862
    outer loop
      vertex 1328.744250370276 720 271.7613951067272
      vertex 1328.744250370276 670 271.7613951067272
      vertex 1330 670 243
    endloop
  endfacet
  facet normal 0 -1 0
    outer loop
      vertex 1299.0815697220944 670 382.4640263744308
      vertex 1298 670 243
      vertex 1327.2646599666787 670 203
    endloop
  endfacet
  facet normal 0 -1 0
    outer loop
      vertex 1324.9865584940287 670 300.303898630087
      vertex 1318.7555226753925 670 328.4102848838319
      vertex 1327.2646599666787 670 203
    endloop
  endfacet
  facet normal 0 1 0
    outer loop
      vertex 1299.0815697220944 720 382.4640263744308
      vertex 1327.2646599666787 720 203
      vertex 1298 720 243
    endloop
  endfacet
  facet normal 0 1 0
    outer loop
      vertex 1324.9865584940287 720 300.303898630087
      vertex 1327.2646599666787 720 203
      vertex 1318.7555226753925 720 328.4102848838319
    endloop
  endfacet
  facet normal 0.991444861373811 0 0.1305261922200472
    outer loop
      vertex 1328.744250370276 720 271.7613951067272
      vertex 1324.9865584940287 720 300.303898630087
      vertex 1328.744250370276 670 271.7613951067272
    endloop
  endfacet
  facet normal 0.991444861373811 0 0.1305261922200472
    outer loop
      vertex 1324.9865584940287 720 300.303898630087
      vertex 1324.9865584940287 670 300.303898630087
      vertex 1328.744250370276 670 271.7613951067272
    endloop
  endfacet
  facet normal 0 -1 0
    outer loop
      vertex 681.2444773246075 670 328.4102848838319
      vertex 672.7353400333213 670 203
      vertex 689.9014351406502 670 355.86664729747065
    endloop
  endfacet
  facet normal 0 -1 0
    outer loop
      vertex 700.9184302779056 670 382.4640263744308
      vertex 702 670 243
      vertex 703.1339799686598 670 268.97241133880215
    endloop
  endfacet
  facet normal 0 -1 0
    outer loop
      vertex 689.9014351406502 670 355.86664729747065
      vertex 672.7353400333213 670 203
      vertex 700.9184302779056 670 382.4640263744308
    endloop
  endfacet
  facet normal 0 -1 0
    outer loop
      vertex 700.9184302779056 670 382.4640263744308
      vertex 703.1339799686598 670 268.97241133880215
      vertex 706.5272896023621 670 294.74715694474526
    endloop
  endfacet
  facet normal 0 1 0
    outer loop
      vertex 681.2444773246075 720 328.4102848838319
      vertex 689.9014351406502 720 355.86664729747065
      vertex 672.7353400333213 720 203
    endloop
  endfacet
  facet normal 0 1 0
    outer loop
      vertex 700.9184302779056 720 382.4640263744308
      vertex 703.1339799686598 720 268.97241133880215
      vertex 702 720 243
    endloop
  endfacet
  facet normal -0.9762960071199328 0 0.21643961393810524
    outer loop
      vertex 675.0134415059713 720 300.303898630087
      vertex 675.0134415059713 670 300.303898630087
      vertex 681.2444773246075 670 328.4102848838319
    endloop
  endfacet
  facet normal 0 1 0
    outer loop
      vertex 689.9014351406502 720 355.86664729747065
      vertex 700.9184302779056 720 382.4640263744308
      vertex 672.7353400333213 720 203
    endloop
  endfacet
  facet normal 0 1 0
    outer loop
      vertex 700.9184302779056 720 382.4640263744308
      vertex 706.5272896023621 720 294.74715694474526
      vertex 703.1339799686598 720 268.97241133880215
    endloop
  endfacet
  facet normal 0 -1 0
    outer loop
      vertex 700.9184302779056 670 382.4640263744308
      vertex 706.5272896023621 670 294.74715694474526
      vertex 712.1541037658576 670 320.1280754405512
    endloop
  endfacet
  facet normal -0.9762960071199328 7.613173245540173e-18 0.21643961393810524
    outer loop
      vertex 675.0134415059713 720 300.303898630087
      vertex 681.2444773246075 670 328.4102848838319
      vertex 681.2444773246075 720 328.4102848838319
    endloop
  endfacet
  facet normal -0.9537169507482277 0 0.30070579950427084
    outer loop
      vertex 681.2444773246075 720 328.4102848838319
      vertex 681.2444773246075 670 328.4102848838319
      vertex 689.9014351406502 670 355.86664729747065
    endloop
  endfacet
  facet normal 0 1 0
    outer loop
      vertex 714.2116167511352 720 408
      vertex 712.1541037658576 720 320.1280754405512
      vertex 706.5272896023621 720 294.74715694474526
    endloop
  endfacet
  facet normal 0 -1 0
    outer loop
      vertex 700.9184302779056 670 382.4640263744308
      vertex 712.1541037658576 670 320.1280754405512
      vertex 719.9715990057994 670 344.9220027110493
    endloop
  endfacet
  facet normal -0.9537169507482277 2.8398438900701496e-18 0.30070579950427084
    outer loop
      vertex 681.2444773246075 720 328.4102848838319
      vertex 689.9014351406502 670 355.86664729747065
      vertex 689.9014351406502 720 355.86664729747065
    endloop
  endfacet
  facet normal -0.9238795325112847 0 0.3826834323650945
    outer loop
      vertex 689.9014351406502 720 355.86664729747065
      vertex 689.9014351406502 670 355.86664729747065
      vertex 700.9184302779056 670 382.4640263744308
    endloop
  endfacet
  facet normal 0 1 0
    outer loop
      vertex 714.2116167511352 720 408
      vertex 719.9715990057994 720 344.9220027110493
      vertex 712.1541037658576 720 320.1280754405512
    endloop
  endfacet
  facet normal 0 1 0
    outer loop
      vertex 700.9184302779056 720 382.4640263744308
      vertex 714.2116167511352 720 408
      vertex 706.5272896023621 720 294.74715694474526
    endloop
  endfacet
  facet normal 0 -1 0
    outer loop
      vertex 714.2116167511352 670 408
      vertex 719.9715990057994 670 344.9220027110493
      vertex 729.9202794630783 670 368.9402419987284
    endloop
  endfacet
  facet normal 0 -1 0
    outer loop
      vertex 700.9184302779056 670 382.4640263744308
      vertex 719.9715990057994 670 344.9220027110493
      vertex 714.2116167511352 670 408
    endloop
  endfacet
  facet normal -0.9238795325112847 -9.794246991839041e-18 0.3826834323650945
    outer loop
      vertex 689.9014351406502 720 355.86664729747065
      vertex 700.9184302779056 670 382.4640263744308
      vertex 700.9184302779056 720 382.4640263744308
    endloop
  endfacet
  facet normal 0 1 0
    outer loop
      vertex 729.6798253846327 720 432.2802239958452
      vertex 729.9202794630783 720 368.9402419987284
      vertex 719.9715990057994 720 344.9220027110493
    endloop
  endfacet
  facet normal 0 -1 0
    outer loop
      vertex 1299.0815697220944 670 382.4640263744308
      vertex 1296.8660200313402 670 268.97241133880215
      vertex 1298 670 243
    endloop
  endfacet
  facet normal 0 -1 0
    outer loop
      vertex 1318.7555226753925 670 328.4102848838319
      vertex 1310.0985648593498 670 355.86664729747065
      vertex 1327.2646599666787 670 203
    endloop
  endfacet
  facet normal 0 -1 0
    outer loop
      vertex 1299.0815697220944 670 382.4640263744308
      vertex 1293.472710397638 670 294.74715694474526
      vertex 1296.8660200313402 670 268.97241133880215
    endloop
  endfacet
  facet normal 0 -1 0
    outer loop
      vertex 1310.0985648593498 670 355.86664729747065
      vertex 1299.0815697220944 670 382.4640263744308
      vertex 1327.2646599666787 670 203
    endloop
  endfacet
  facet normal 0 1 0
    outer loop
      vertex 1299.0815697220944 720 382.4640263744308
      vertex 1298 720 243
      vertex 1296.8660200313402 720 268.97241133880215
    endloop
  endfacet
  facet normal 0 1 0
    outer loop
      vertex 1318.7555226753925 720 328.4102848838319
      vertex 1327.2646599666787 720 203
      vertex 1310.0985648593498 720 355.86664729747065
    endloop
  endfacet
  facet normal 0.9762960071199328 0 0.21643961393810524
    outer loop
      vertex 1324.9865584940287 720 300.303898630087
      vertex 1318.7555226753925 720 328.4102848838319
      vertex 1324.9865584940287 670 300.303898630087
    endloop
  endfacet
  facet normal 0 1 0
    outer loop
      vertex 1299.0815697220944 720 382.4640263744308
      vertex 1296.8660200313402 720 268.97241133880215
      vertex 1293.472710397638 720 294.74715694474526
    endloop
  endfacet
  facet normal 0 1 0
    outer loop
      vertex 1310.0985648593498 720 355.86664729747065
      vertex 1327.2646599666787 720 203
      vertex 1299.0815697220944 720 382.4640263744308
    endloop
  endfacet
  facet normal 0 -1 0
    outer loop
      vertex 1285.7883832488646 670 408
      vertex 1287.8458962341424 670 320.1280754405512
      vertex 1293.472710397638 670 294.74715694474526
    endloop
  endfacet
  facet normal 0.9762960071199328 0 0.21643961393810524
    outer loop
      vertex 1318.7555226753925 720 328.4102848838319
      vertex 1318.7555226753925 670 328.4102848838319
      vertex 1324.9865584940287 670 300.303898630087
    endloop
  endfacet
  facet normal 0 1 0
    outer loop
      vertex 1299.0815697220944 720 382.4640263744308
      vertex 1293.472710397638 720 294.74715694474526
      vertex 1287.8458962341424 720 320.1280754405512
    endloop
  endfacet
  facet normal 0.9537169507482277 0 0.30070579950427084
    outer loop
      vertex 1318.7555226753925 720 328.4102848838319
      vertex 1310.0985648593498 720 355.86664729747065
      vertex 1318.7555226753925 670 328.4102848838319
    endloop
  endfacet
  facet normal 0 -1 0
    outer loop
      vertex 1285.7883832488646 670 408
      vertex 1280.0284009942006 670 344.9220027110493
      vertex 1287.8458962341424 670 320.1280754405512
    endloop
  endfacet
  facet normal 0 -1 0
    outer loop
      vertex 1299.0815697220944 670 382.4640263744308
      vertex 1285.7883832488646 670 408
      vertex 1293.472710397638 670 294.74715694474526
    endloop
  endfacet
  facet normal 0.9537169507482277 0 0.30070579950427084
    outer loop
      vertex 1310.0985648593498 720 355.86664729747065
      vertex 1310.0985648593498 670 355.86664729747065
      vertex 1318.7555226753925 670 328.4102848838319
    endloop
  endfacet
  facet normal 0 1 0
    outer loop
      vertex 1299.0815697220944 720 382.4640263744308
      vertex 1287.8458962341424 720 320.1280754405512
      vertex 1280.0284009942006 720 344.9220027110493
    endloop
  endfacet
  facet normal 0.9238795325112847 0 0.3826834323650945
    outer loop
      vertex 1310.0985648593498 720 355.86664729747065
      vertex 1299.0815697220944 720 382.4640263744308
      vertex 1310.0985648593498 670 355.86664729747065
    endloop
  endfacet
  facet normal 0 -1 0
    outer loop
      vertex 1270.3201746153673 670 432.2802239958452
      vertex 1270.0797205369217 670 368.9402419987284
      vertex 1280.0284009942006 670 344.9220027110493
    endloop
  endfacet
  facet normal 0 1 0
    outer loop
      vertex 1285.7883832488646 720 408
      vertex 1280.0284009942006 720 344.9220027110493
      vertex 1270.0797205369217 720 368.9402419987284
    endloop
  endfacet
  facet normal 0.9238795325112847 0 0.3826834323650945
    outer loop
      vertex 1299.0815697220944 720 382.4640263744308
      vertex 1299.0815697220944 670 382.4640263744308
      vertex 1310.0985648593498 670 355.86664729747065
    endloop
  endfacet
  facet normal 0 1 0
    outer loop
      vertex 1299.0815697220944 720 382.4640263744308
      vertex 1280.0284009942006 720 344.9220027110493
      vertex 1285.7883832488646 720 408
    endloop
  endfacet
  facet normal 0 -1 0
    outer loop
      vertex 729.6798253846327 670 432.2802239958452
      vertex 729.9202794630783 670 368.9402419987284
      vertex 741.9244296722372 670 392
    endloop
  endfacet
  facet normal 0 -1 0
    outer loop
      vertex 714.2116167511352 670 408
      vertex 729.9202794630783 670 368.9402419987284
      vertex 729.6798253846327 670 432.2802239958452
    endloop
  endfacet
  facet normal -0.8870108331782233 0 0.46174861323503075
    outer loop
      vertex 700.9184302779056 720 382.4640263744308
      vertex 700.9184302779056 670 382.4640263744308
      vertex 714.2116167511352 670 408
    endloop
  endfacet
  facet normal -0.8870108331782233 8.490669061776092e-18 0.46174861323503075
    outer loop
      vertex 700.9184302779056 720 382.4640263744308
      vertex 714.2116167511352 670 408
      vertex 714.2116167511352 720 408
    endloop
  endfacet
  facet normal 0 1 0
    outer loop
      vertex 714.2116167511352 720 408
      vertex 729.6798253846327 720 432.2802239958452
      vertex 719.9715990057994 720 344.9220027110493
    endloop
  endfacet
  facet normal 0 1 0
    outer loop
      vertex 729.6798253846327 720 432.2802239958452
      vertex 741.9244296722372 720 392
      vertex 729.9202794630783 720 368.9402419987284
    endloop
  endfacet
  facet normal -0.8433914458128845 0 0.5372996083468256
    outer loop
      vertex 714.2116167511352 720 408
      vertex 714.2116167511352 670 408
      vertex 729.6798253846327 670 432.2802239958452
    endloop
  endfacet
  facet normal -0.8433914458128845 -1.4778219146227167e-17 0.5372996083468256
    outer loop
      vertex 714.2116167511352 720 408
      vertex 729.6798253846327 670 432.2802239958452
      vertex 729.6798253846327 720 432.2802239958452
    endloop
  endfacet
  facet normal 0 1 0
    outer loop
      vertex 729.6798253846327 720 432.2802239958452
      vertex 747.2053337707373 720 455.11991119655795
      vertex 741.9244296722372 720 392
    endloop
  endfacet
  facet normal 0 -1 0
    outer loop
      vertex 729.6798253846327 670 432.2802239958452
      vertex 741.9244296722372 670 392
      vertex 755.8926908018805 670 413.92577803261173
    endloop
  endfacet
  facet normal 0 -1 0
    outer loop
      vertex 729.6798253846327 670 432.2802239958452
      vertex 755.8926908018805 670 413.92577803261173
      vertex 747.2053337707373 670 455.11991119655795
    endloop
  endfacet
  facet normal 0 1 0
    outer loop
      vertex 747.2053337707373 720 455.11991119655795
      vertex 755.8926908018805 720 413.92577803261173
      vertex 741.9244296722372 720 392
    endloop
  endfacet
  facet normal -0.7933533402912352 0 0.6087614290087207
    outer loop
      vertex 729.6798253846327 720 432.2802239958452
      vertex 729.6798253846327 670 432.2802239958452
      vertex 747.2053337707373 670 455.11991119655795
    endloop
  endfacet
  facet normal 0 -1 0
    outer loop
      vertex 747.2053337707373 670 455.11991119655795
      vertex 755.8926908018805 670 413.92577803261173
      vertex 771.7187559505446 670 434.5507076865887
    endloop
  endfacet
  facet normal 0 -1 0
    outer loop
      vertex 747.2053337707373 670 455.11991119655795
      vertex 771.7187559505446 670 434.5507076865887
      vertex 766.6547622084393 670 476.3452377915607
    endloop
  endfacet
  facet normal 0 -1 0
    outer loop
      vertex 766.6547622084393 670 476.3452377915607
      vertex 771.7187559505446 670 434.5507076865887
      vertex 789.2821792064088 670 453.71782079359116
    endloop
  endfacet
  facet normal 0 1 0
    outer loop
      vertex 766.6547622084393 720 476.3452377915607
      vertex 771.7187559505446 720 434.5507076865887
      vertex 755.8926908018805 720 413.92577803261173
    endloop
  endfacet
  facet normal -0.7933533402912352 -1.2038432367463448e-17 0.6087614290087207
    outer loop
      vertex 729.6798253846327 720 432.2802239958452
      vertex 747.2053337707373 670 455.11991119655795
      vertex 747.2053337707373 720 455.11991119655795
    endloop
  endfacet
  facet normal 0 1 0
    outer loop
      vertex 747.2053337707373 720 455.11991119655795
      vertex 766.6547622084393 720 476.3452377915607
      vertex 755.8926908018805 720 413.92577803261173
    endloop
  endfacet
  facet normal 0 -1 0
    outer loop
      vertex 766.6547622084393 670 476.3452377915607
      vertex 789.2821792064088 670 453.71782079359116
      vertex 787.880088803442 670 495.7946662292627
    endloop
  endfacet
  facet normal 0 -1 0
    outer loop
      vertex 787.880088803442 670 495.7946662292627
      vertex 789.2821792064088 670 453.71782079359116
      vertex 808.4492923134113 670 471.28124404945544
    endloop
  endfacet
  facet normal -0.7372773368101266 0 0.6755902076156574
    outer loop
      vertex 747.2053337707373 720 455.11991119655795
      vertex 747.2053337707373 670 455.11991119655795
      vertex 766.6547622084393 670 476.3452377915607
    endloop
  endfacet
  facet normal 0 1 0
    outer loop
      vertex 766.6547622084393 720 476.3452377915607
      vertex 787.880088803442 720 495.7946662292627
      vertex 771.7187559505446 720 434.5507076865887
    endloop
  endfacet
  facet normal 0 1 0
    outer loop
      vertex 787.880088803442 720 495.7946662292627
      vertex 789.2821792064088 720 453.71782079359116
      vertex 771.7187559505446 720 434.5507076865887
    endloop
  endfacet
  facet normal -0.7372773368101266 -5.096060572585091e-19 0.6755902076156574
    outer loop
      vertex 747.2053337707373 720 455.11991119655795
      vertex 766.6547622084393 670 476.3452377915607
      vertex 766.6547622084393 720 476.3452377915607
    endloop
  endfacet
  facet normal 0 1 0
    outer loop
      vertex 787.880088803442 720 495.7946662292627
      vertex 808.4492923134113 720 471.28124404945544
      vertex 789.2821792064088 720 453.71782079359116
    endloop
  endfacet
  facet normal 0 -1 0
    outer loop
      vertex 1270.3201746153673 670 432.2802239958452
      vertex 1258.0755703277628 670 392
      vertex 1270.0797205369217 670 368.9402419987284
    endloop
  endfacet
  facet normal 0 -1 0
    outer loop
      vertex 1285.7883832488646 670 408
      vertex 1270.3201746153673 670 432.2802239958452
      vertex 1280.0284009942006 670 344.9220027110493
    endloop
  endfacet
  facet normal 0 1 0
    outer loop
      vertex 1270.3201746153673 720 432.2802239958452
      vertex 1270.0797205369217 720 368.9402419987284
      vertex 1258.0755703277628 720 392
    endloop
  endfacet
  facet normal 0.8870108331782218 0 0.46174861323503386
    outer loop
      vertex 1285.7883832488646 720 408
      vertex 1285.7883832488646 670 408
      vertex 1299.0815697220944 670 382.4640263744308
    endloop
  endfacet
  facet normal 0.8870108331782218 0 0.46174861323503386
    outer loop
      vertex 1299.0815697220944 720 382.4640263744308
      vertex 1285.7883832488646 720 408
      vertex 1299.0815697220944 670 382.4640263744308
    endloop
  endfacet
  facet normal 0 1 0
    outer loop
      vertex 1285.7883832488646 720 408
      vertex 1270.0797205369217 720 368.9402419987284
      vertex 1270.3201746153673 720 432.2802239958452
    endloop
  endfacet
  facet normal 0 -1 0
    outer loop
      vertex 1252.7946662292627 670 455.11991119655795
      vertex 1244.1073091981195 670 413.92577803261173
      vertex 1258.0755703277628 670 392
    endloop
  endfacet
  facet normal 0 -1 0
    outer loop
      vertex 1270.3201746153673 670 432.2802239958452
      vertex 1252.7946662292627 670 455.11991119655795
      vertex 1258.0755703277628 670 392
    endloop
  endfacet
  facet normal 0 1 0
    outer loop
      vertex 1270.3201746153673 720 432.2802239958452
      vertex 1258.0755703277628 720 392
      vertex 1244.1073091981195 720 413.92577803261173
    endloop
  endfacet
  facet normal 0.8433914458128864 0 0.5372996083468228
    outer loop
      vertex 1285.7883832488646 720 408
      vertex 1270.3201746153673 720 432.2802239958452
      vertex 1285.7883832488646 670 408
    endloop
  endfacet
  facet normal 0.8433914458128864 0 0.5372996083468228
    outer loop
      vertex 1270.3201746153673 720 432.2802239958452
      vertex 1270.3201746153673 670 432.2802239958452
      vertex 1285.7883832488646 670 408
    endloop
  endfacet
  facet normal 0 1 0
    outer loop
      vertex 1270.3201746153673 720 432.2802239958452
      vertex 1244.1073091981195 720 413.92577803261173
      vertex 1252.7946662292627 720 455.11991119655795
    endloop
  endfacet
  facet normal 0 -1 0
    outer loop
      vertex 1233.3452377915607 670 476.3452377915607
      vertex 1228.2812440494554 670 434.5507076865887
      vertex 1244.1073091981195 670 413.92577803261173
    endloop
  endfacet
  facet normal 0 -1 0
    outer loop
      vertex 1233.3452377915607 670 476.3452377915607
      vertex 1244.1073091981195 670 413.92577803261173
      vertex 1252.7946662292627 670 455.11991119655795
    endloop
  endfacet
  facet normal 0 1 0
    outer loop
      vertex 1252.7946662292627 720 455.11991119655795
      vertex 1244.1073091981195 720 413.92577803261173
      vertex 1228.2812440494554 720 434.5507076865887
    endloop
  endfacet
  facet normal 0 1 0
    outer loop
      vertex 1233.3452377915607 720 476.3452377915607
      vertex 1228.2812440494554 720 434.5507076865887
      vertex 1210.7178207935913 720 453.71782079359116
    endloop
  endfacet
  facet normal 0 1 0
    outer loop
      vertex 1233.3452377915607 720 476.3452377915607
      vertex 1252.7946662292627 720 455.11991119655795
      vertex 1228.2812440494554 720 434.5507076865887
    endloop
  endfacet
  facet normal 0.7933533402912352 0 0.6087614290087207
    outer loop
      vertex 1270.3201746153673 720 432.2802239958452
      vertex 1252.7946662292627 720 455.11991119655795
      vertex 1270.3201746153673 670 432.2802239958452
    endloop
  endfacet
  facet normal 0.7933533402912352 0 0.6087614290087207
    outer loop
      vertex 1252.7946662292627 720 455.11991119655795
      vertex 1252.7946662292627 670 455.11991119655795
      vertex 1270.3201746153673 670 432.2802239958452
    endloop
  endfacet
  facet normal 0 -1 0
    outer loop
      vertex 1212.119911196558 670 495.7946662292627
      vertex 1210.7178207935913 670 453.71782079359116
      vertex 1228.2812440494554 670 434.5507076865887
    endloop
  endfacet
  facet normal 0 -1 0
    outer loop
      vertex 1233.3452377915607 670 476.3452377915607
      vertex 1212.119911196558 670 495.7946662292627
      vertex 1228.2812440494554 670 434.5507076865887
    endloop
  endfacet
  facet normal 0 -1 0
    outer loop
      vertex 1212.119911196558 670 495.7946662292627
      vertex 1191.5507076865888 670 471.28124404945544
      vertex 1210.7178207935913 670 453.71782079359116
    endloop
  endfacet
  facet normal 0.7372773368101266 0 0.6755902076156574
    outer loop
      vertex 1233.3452377915607 720 476.3452377915607
      vertex 1233.3452377915607 670 476.3452377915607
      vertex 1252.7946662292627 670 455.11991119655795
    endloop
  endfacet
  facet normal 0 1 0
    outer loop
      vertex 1212.119911196558 720 495.7946662292627
      vertex 1210.7178207935913 720 453.71782079359116
      vertex 1191.5507076865888 720 471.28124404945544
    endloop
  endfacet
  facet normal 0 1 0
    outer loop
      vertex 1233.3452377915607 720 476.3452377915607
      vertex 1210.7178207935913 720 453.71782079359116
      vertex 1212.119911196558 720 495.7946662292627
    endloop
  endfacet
  facet normal 0.7372773368101266 5.096060572585091e-19 0.6755902076156574
    outer loop
      vertex 1233.3452377915607 720 476.3452377915607
      vertex 1252.7946662292627 670 455.11991119655795
      vertex 1252.7946662292627 720 455.11991119655795
    endloop
  endfacet
  facet normal 0 -1 0
    outer loop
      vertex 787.880088803442 670 495.7946662292627
      vertex 808.4492923134113 670 471.28124404945544
      vertex 829.0742219673882 670 487.10730919811954
    endloop
  endfacet
  facet normal 0 -1 0
    outer loop
      vertex 787.880088803442 670 495.7946662292627
      vertex 829.0742219673882 670 487.10730919811954
      vertex 810.7197760041548 670 513.3201746153673
    endloop
  endfacet
  facet normal -0.6755902076156576 0 0.7372773368101265
    outer loop
      vertex 787.880088803442 720 495.7946662292627
      vertex 766.6547622084393 670 476.3452377915607
      vertex 787.880088803442 670 495.7946662292627
    endloop
  endfacet
  facet normal -0.6755902076156576 0 0.7372773368101265
    outer loop
      vertex 766.6547622084393 720 476.3452377915607
      vertex 766.6547622084393 670 476.3452377915607
      vertex 787.880088803442 720 495.7946662292627
    endloop
  endfacet
  facet normal 0 1 0
    outer loop
      vertex 810.7197760041548 720 513.3201746153673
      vertex 829.0742219673882 720 487.10730919811954
      vertex 808.4492923134113 720 471.28124404945544
    endloop
  endfacet
  facet normal 0 1 0
    outer loop
      vertex 787.880088803442 720 495.7946662292627
      vertex 810.7197760041548 720 513.3201746153673
      vertex 808.4492923134113 720 471.28124404945544
    endloop
  endfacet
  facet normal -0.6087614290087207 0 0.7933533402912352
    outer loop
      vertex 787.880088803442 720 495.7946662292627
      vertex 787.880088803442 670 495.7946662292627
      vertex 810.7197760041548 720 513.3201746153673
    endloop
  endfacet
  facet normal -0.6087614290087207 0 0.7933533402912352
    outer loop
      vertex 810.7197760041548 720 513.3201746153673
      vertex 787.880088803442 670 495.7946662292627
      vertex 810.7197760041548 670 513.3201746153673
    endloop
  endfacet
  facet normal -0.5372996083468256 0 0.8433914458128845
    outer loop
      vertex 810.7197760041548 720 513.3201746153673
      vertex 810.7197760041548 670 513.3201746153673
      vertex 835 720 528.7883832488648
    endloop
  endfacet
  facet normal 0 -1 0
    outer loop
      vertex 810.7197760041548 670 513.3201746153673
      vertex 829.0742219673882 670 487.10730919811954
      vertex 851 670 501.0755703277627
    endloop
  endfacet
  facet normal 0 -1 0
    outer loop
      vertex 810.7197760041548 670 513.3201746153673
      vertex 851 670 501.0755703277627
      vertex 835 670 528.7883832488648
    endloop
  endfacet
  facet normal 0 -1 0
    outer loop
      vertex 835 670 528.7883832488648
      vertex 851 670 501.0755703277627
      vertex 874.0597580012716 670 513.0797205369217
    endloop
  endfacet
  facet normal 0 -1 0
    outer loop
      vertex 860.5359736255692 670 542.0815697220944
      vertex 874.0597580012716 670 513.0797205369217
      vertex 898.0779972889508 670 523.0284009942006
    endloop
  endfacet
  facet normal 0 1 0
    outer loop
      vertex 835 720 528.7883832488648
      vertex 851 720 501.0755703277627
      vertex 829.0742219673882 720 487.10730919811954
    endloop
  endfacet
  facet normal 0 1 0
    outer loop
      vertex 810.7197760041548 720 513.3201746153673
      vertex 835 720 528.7883832488648
      vertex 829.0742219673882 720 487.10730919811954
    endloop
  endfacet
  facet normal -0.5372996083468256 0 0.8433914458128845
    outer loop
      vertex 835 720 528.7883832488648
      vertex 810.7197760041548 670 513.3201746153673
      vertex 835 670 528.7883832488648
    endloop
  endfacet
  facet normal 0 1 0
    outer loop
      vertex 860.5359736255692 720 542.0815697220944
      vertex 874.0597580012716 720 513.0797205369217
      vertex 851 720 501.0755703277627
    endloop
  endfacet
  facet normal 0 1 0
    outer loop
      vertex 835 720 528.7883832488648
      vertex 860.5359736255692 720 542.0815697220944
      vertex 851 720 501.0755703277627
    endloop
  endfacet
  facet normal 0 -1 0
    outer loop
      vertex 835 670 528.7883832488648
      vertex 874.0597580012716 670 513.0797205369217
      vertex 860.5359736255692 670 542.0815697220944
    endloop
  endfacet
  facet normal 0 -1 0
    outer loop
      vertex 887.1333527025294 670 553.0985648593498
      vertex 898.0779972889508 670 523.0284009942006
      vertex 922.8719245594489 670 530.8458962341424
    endloop
  endfacet
  facet normal 0 -1 0
    outer loop
      vertex 860.5359736255692 670 542.0815697220944
      vertex 898.0779972889508 670 523.0284009942006
      vertex 887.1333527025294 670 553.0985648593498
    endloop
  endfacet
  facet normal 0 -1 0
    outer loop
      vertex 887.1333527025294 670 553.0985648593498
      vertex 922.8719245594489 670 530.8458962341424
      vertex 914.5897151161681 670 561.7555226753925
    endloop
  endfacet
  facet normal -0.46174861323503075 0 0.8870108331782233
    outer loop
      vertex 860.5359736255692 720 542.0815697220944
      vertex 835 670 528.7883832488648
      vertex 860.5359736255692 670 542.0815697220944
    endloop
  endfacet
  facet normal -0.46174861323503075 0 0.8870108331782233
    outer loop
      vertex 835 720 528.7883832488648
      vertex 835 670 528.7883832488648
      vertex 860.5359736255692 720 542.0815697220944
    endloop
  endfacet
  facet normal 0 1 0
    outer loop
      vertex 887.1333527025294 720 553.0985648593498
      vertex 898.0779972889508 720 523.0284009942006
      vertex 874.0597580012716 720 513.0797205369217
    endloop
  endfacet
  facet normal 0 1 0
    outer loop
      vertex 860.5359736255692 720 542.0815697220944
      vertex 887.1333527025294 720 553.0985648593498
      vertex 874.0597580012716 720 513.0797205369217
    endloop
  endfacet
  facet normal -0.3826834323650945 0 0.9238795325112847
    outer loop
      vertex 887.1333527025294 720 553.0985648593498
      vertex 860.5359736255692 670 542.0815697220944
      vertex 887.1333527025294 670 553.0985648593498
    endloop
  endfacet
  facet normal -0.3826834323650945 0 0.9238795325112847
    outer loop
      vertex 860.5359736255692 720 542.0815697220944
      vertex 860.5359736255692 670 542.0815697220944
      vertex 887.1333527025294 720 553.0985648593498
    endloop
  endfacet
  facet normal 0 1 0
    outer loop
      vertex 887.1333527025294 720 553.0985648593498
      vertex 914.5897151161681 720 561.7555226753925
      vertex 898.0779972889508 720 523.0284009942006
    endloop
  endfacet
  facet normal 0 -1 0
    outer loop
      vertex 914.5897151161681 670 561.7555226753925
      vertex 922.8719245594489 670 530.8458962341424
      vertex 948.2528430552547 670 536.4727103976379
    endloop
  endfacet
  facet normal 0 -1 0
    outer loop
      vertex 942.696101369913 670 567.9865584940287
      vertex 948.2528430552547 670 536.4727103976379
      vertex 974.0275886611979 670 539.8660200313402
    endloop
  endfacet
  facet normal 0 1 0
    outer loop
      vertex 914.5897151161681 720 561.7555226753925
      vertex 922.8719245594489 720 530.8458962341424
      vertex 898.0779972889508 720 523.0284009942006
    endloop
  endfacet
  facet normal 0 1 0
    outer loop
      vertex 942.696101369913 720 567.9865584940287
      vertex 948.2528430552547 720 536.4727103976379
      vertex 922.8719245594489 720 530.8458962341424
    endloop
  endfacet
  facet normal 0 1 0
    outer loop
      vertex 971.2386048932728 720 571.744250370276
      vertex 974.0275886611979 720 539.8660200313402
      vertex 948.2528430552547 720 536.4727103976379
    endloop
  endfacet
  facet normal -0.30070579950427084 0 0.9537169507482277
    outer loop
      vertex 914.5897151161681 720 561.7555226753925
      vertex 887.1333527025294 670 553.0985648593498
      vertex 914.5897151161681 670 561.7555226753925
    endloop
  endfacet
  facet normal -0.30070579950427084 0 0.9537169507482277
    outer loop
      vertex 887.1333527025294 720 553.0985648593498
      vertex 887.1333527025294 670 553.0985648593498
      vertex 914.5897151161681 720 561.7555226753925
    endloop
  endfacet
  facet normal 0 -1 0
    outer loop
      vertex 914.5897151161681 670 561.7555226753925
      vertex 948.2528430552547 670 536.4727103976379
      vertex 942.696101369913 670 567.9865584940287
    endloop
  endfacet
  facet normal 0 -1 0
    outer loop
      vertex 971.2386048932728 670 571.744250370276
      vertex 974.0275886611979 670 539.8660200313402
      vertex 1000 670 541
    endloop
  endfacet
  facet normal 0 -1 0
    outer loop
      vertex 942.696101369913 670 567.9865584940287
      vertex 974.0275886611979 670 539.8660200313402
      vertex 971.2386048932728 670 571.744250370276
    endloop
  endfacet
  facet normal 0 -1 0
    outer loop
      vertex 971.2386048932728 670 571.744250370276
      vertex 1000 670 541
      vertex 1000 670 573
    endloop
  endfacet
  facet normal 0 1 0
    outer loop
      vertex 914.5897151161681 720 561.7555226753925
      vertex 942.696101369913 720 567.9865584940287
      vertex 922.8719245594489 720 530.8458962341424
    endloop
  endfacet
  facet normal 0 1 0
    outer loop
      vertex 1000 720 573
      vertex 1000 720 541
      vertex 974.0275886611979 720 539.8660200313402
    endloop
  endfacet
  facet normal 0 1 0
    outer loop
      vertex 942.696101369913 720 567.9865584940287
      vertex 971.2386048932728 720 571.744250370276
      vertex 948.2528430552547 720 536.4727103976379
    endloop
  endfacet
  facet normal -0.21643961393810524 0 0.9762960071199328
    outer loop
      vertex 942.696101369913 720 567.9865584940287
      vertex 914.5897151161681 670 561.7555226753925
      vertex 942.696101369913 670 567.9865584940287
    endloop
  endfacet
  facet normal -0.21643961393810524 0 0.9762960071199328
    outer loop
      vertex 914.5897151161681 720 561.7555226753925
      vertex 914.5897151161681 670 561.7555226753925
      vertex 942.696101369913 720 567.9865584940287
    endloop
  endfacet
  facet normal -0.1305261922200469 0 0.991444861373811
    outer loop
      vertex 971.2386048932728 720 571.744250370276
      vertex 942.696101369913 670 567.9865584940287
      vertex 971.2386048932728 670 571.744250370276
    endloop
  endfacet
  facet normal -0.043619387365338706 1.8533195489483532e-18 0.9990482215818576
    outer loop
      vertex 971.2386048932728 670 571.744250370276
      vertex 1000 670 573
      vertex 1000 720 573
    endloop
  endfacet
  facet normal 0 1 0
    outer loop
      vertex 971.2386048932728 720 571.744250370276
      vertex 1000 720 573
      vertex 974.0275886611979 720 539.8660200313402
    endloop
  endfacet
  facet normal -0.1305261922200469 0 0.991444861373811
    outer loop
      vertex 942.696101369913 720 567.9865584940287
      vertex 942.696101369913 670 567.9865584940287
      vertex 971.2386048932728 720 571.744250370276
    endloop
  endfacet
  facet normal -0.043619387365338706 0 0.9990482215818576
    outer loop
      vertex 971.2386048932728 720 571.744250370276
      vertex 971.2386048932728 670 571.744250370276
      vertex 1000 720 573
    endloop
  endfacet
  facet normal 0 -1 0
    outer loop
      vertex 1139.464026374431 670 542.0815697220944
      vertex 1125.9402419987284 670 513.0797205369217
      vertex 1149 670 501.0755703277627
    endloop
  endfacet
  facet normal 0 -1 0
    outer loop
      vertex 1139.464026374431 670 542.0815697220944
      vertex 1149 670 501.0755703277627
      vertex 1165 670 528.7883832488648
    endloop
  endfacet
  facet normal 0 1 0
    outer loop
      vertex 1165 720 528.7883832488648
      vertex 1149 720 501.0755703277627
      vertex 1125.9402419987284 720 513.0797205369217
    endloop
  endfacet
  facet normal 0 1 0
    outer loop
      vertex 1139.464026374431 720 542.0815697220944
      vertex 1125.9402419987284 720 513.0797205369217
      vertex 1101.9220027110493 720 523.0284009942006
    endloop
  endfacet
  facet normal 0 -1 0
    outer loop
      vertex 1189.2802239958453 670 513.3201746153673
      vertex 1170.9257780326118 670 487.10730919811954
      vertex 1191.5507076865888 670 471.28124404945544
    endloop
  endfacet
  facet normal 0 -1 0
    outer loop
      vertex 1189.2802239958453 670 513.3201746153673
      vertex 1191.5507076865888 670 471.28124404945544
      vertex 1212.119911196558 670 495.7946662292627
    endloop
  endfacet
  facet normal 0 1 0
    outer loop
      vertex 1212.119911196558 720 495.7946662292627
      vertex 1191.5507076865888 720 471.28124404945544
      vertex 1170.9257780326118 720 487.10730919811954
    endloop
  endfacet
  facet normal 0.6755902076156576 0 0.7372773368101265
    outer loop
      vertex 1233.3452377915607 720 476.3452377915607
      vertex 1212.119911196558 670 495.7946662292627
      vertex 1233.3452377915607 670 476.3452377915607
    endloop
  endfacet
  facet normal 0.6755902076156576 1.3353516671623664e-17 0.7372773368101265
    outer loop
      vertex 1233.3452377915607 720 476.3452377915607
      vertex 1212.119911196558 720 495.7946662292627
      vertex 1212.119911196558 670 495.7946662292627
    endloop
  endfacet
  facet normal 0 1 0
    outer loop
      vertex 1189.2802239958453 720 513.3201746153673
      vertex 1170.9257780326118 720 487.10730919811954
      vertex 1149 720 501.0755703277627
    endloop
  endfacet
  facet normal 0 1 0
    outer loop
      vertex 1189.2802239958453 720 513.3201746153673
      vertex 1212.119911196558 720 495.7946662292627
      vertex 1170.9257780326118 720 487.10730919811954
    endloop
  endfacet
  facet normal 0.6087614290087227 0 0.7933533402912337
    outer loop
      vertex 1212.119911196558 720 495.7946662292627
      vertex 1189.2802239958453 670 513.3201746153673
      vertex 1212.119911196558 670 495.7946662292627
    endloop
  endfacet
  facet normal 0 -1 0
    outer loop
      vertex 1165 670 528.7883832488648
      vertex 1149 670 501.0755703277627
      vertex 1170.9257780326118 670 487.10730919811954
    endloop
  endfacet
  facet normal 0 -1 0
    outer loop
      vertex 1165 670 528.7883832488648
      vertex 1170.9257780326118 670 487.10730919811954
      vertex 1189.2802239958453 670 513.3201746153673
    endloop
  endfacet
  facet normal 0.6087614290087227 0 0.7933533402912337
    outer loop
      vertex 1189.2802239958453 720 513.3201746153673
      vertex 1189.2802239958453 670 513.3201746153673
      vertex 1212.119911196558 720 495.7946662292627
    endloop
  endfacet
  facet normal 0 1 0
    outer loop
      vertex 1165 720 528.7883832488648
      vertex 1189.2802239958453 720 513.3201746153673
      vertex 1149 720 501.0755703277627
    endloop
  endfacet
  facet normal 0.5372996083468238 0 0.8433914458128857
    outer loop
      vertex 1189.2802239958453 720 513.3201746153673
      vertex 1165 670 528.7883832488648
      vertex 1189.2802239958453 670 513.3201746153673
    endloop
  endfacet
  facet normal 0.5372996083468238 0 0.8433914458128857
    outer loop
      vertex 1165 720 528.7883832488648
      vertex 1165 670 528.7883832488648
      vertex 1189.2802239958453 720 513.3201746153673
    endloop
  endfacet
  facet normal 0 -1 0
    outer loop
      vertex 1028.7613951067272 670 571.744250370276
      vertex 1025.9724113388022 670 539.8660200313402
      vertex 1051.7471569447453 670 536.4727103976379
    endloop
  endfacet
  facet normal 0 -1 0
    outer loop
      vertex 1057.303898630087 670 567.9865584940287
      vertex 1051.7471569447453 670 536.4727103976379
      vertex 1077.1280754405511 670 530.8458962341424
    endloop
  endfacet
  facet normal 0 1 0
    outer loop
      vertex 1085.4102848838318 720 561.7555226753925
      vertex 1077.1280754405511 720 530.8458962341424
      vertex 1051.7471569447453 720 536.4727103976379
    endloop
  endfacet
  facet normal 0 1 0
    outer loop
      vertex 1057.303898630087 720 567.9865584940287
      vertex 1051.7471569447453 720 536.4727103976379
      vertex 1025.9724113388022 720 539.8660200313402
    endloop
  endfacet
  facet normal 0 -1 0
    outer loop
      vertex 1112.8666472974708 670 553.0985648593498
      vertex 1101.9220027110493 670 523.0284009942006
      vertex 1125.9402419987284 670 513.0797205369217
    endloop
  endfacet
  facet normal 0 -1 0
    outer loop
      vertex 1112.8666472974708 670 553.0985648593498
      vertex 1125.9402419987284 670 513.0797205369217
      vertex 1139.464026374431 670 542.0815697220944
    endloop
  endfacet
  facet normal 0 -1 0
    outer loop
      vertex 1085.4102848838318 670 561.7555226753925
      vertex 1077.1280754405511 670 530.8458962341424
      vertex 1101.9220027110493 670 523.0284009942006
    endloop
  endfacet
  facet normal 0 -1 0
    outer loop
      vertex 1085.4102848838318 670 561.7555226753925
      vertex 1101.9220027110493 670 523.0284009942006
      vertex 1112.8666472974708 670 553.0985648593498
    endloop
  endfacet
  facet normal 0 1 0
    outer loop
      vertex 1112.8666472974708 720 553.0985648593498
      vertex 1101.9220027110493 720 523.0284009942006
      vertex 1077.1280754405511 720 530.8458962341424
    endloop
  endfacet
  facet normal 0.4617486132350323 0 0.8870108331782225
    outer loop
      vertex 1165 720 528.7883832488648
      vertex 1139.464026374431 670 542.0815697220944
      vertex 1165 670 528.7883832488648
    endloop
  endfacet
  facet normal 0 1 0
    outer loop
      vertex 1139.464026374431 720 542.0815697220944
      vertex 1165 720 528.7883832488648
      vertex 1125.9402419987284 720 513.0797205369217
    endloop
  endfacet
  facet normal 0.4617486132350323 0 0.8870108331782225
    outer loop
      vertex 1139.464026374431 720 542.0815697220944
      vertex 1139.464026374431 670 542.0815697220944
      vertex 1165 720 528.7883832488648
    endloop
  endfacet
  facet normal 0 1 0
    outer loop
      vertex 1112.8666472974708 720 553.0985648593498
      vertex 1139.464026374431 720 542.0815697220944
      vertex 1101.9220027110493 720 523.0284009942006
    endloop
  endfacet
  facet normal 0 1 0
    outer loop
      vertex 1085.4102848838318 720 561.7555226753925
      vertex 1112.8666472974708 720 553.0985648593498
      vertex 1077.1280754405511 720 530.8458962341424
    endloop
  endfacet
  facet normal 0.3826834323650945 0 0.9238795325112847
    outer loop
      vertex 1139.464026374431 720 542.0815697220944
      vertex 1112.8666472974708 670 553.0985648593498
      vertex 1139.464026374431 670 542.0815697220944
    endloop
  endfacet
  facet normal 0.3826834323650945 0 0.9238795325112847
    outer loop
      vertex 1112.8666472974708 720 553.0985648593498
      vertex 1112.8666472974708 670 553.0985648593498
      vertex 1139.464026374431 720 542.0815697220944
    endloop
  endfacet
  facet normal 0 -1 0
    outer loop
      vertex 1000 670 573
      vertex 1000 670 541
      vertex 1025.9724113388022 670 539.8660200313402
    endloop
  endfacet
  facet normal 0 -1 0
    outer loop
      vertex 1057.303898630087 670 567.9865584940287
      vertex 1077.1280754405511 670 530.8458962341424
      vertex 1085.4102848838318 670 561.7555226753925
    endloop
  endfacet
  facet normal 0 -1 0
    outer loop
      vertex 1028.7613951067272 670 571.744250370276
      vertex 1051.7471569447453 670 536.4727103976379
      vertex 1057.303898630087 670 567.9865584940287
    endloop
  endfacet
  facet normal 0 -1 0
    outer loop
      vertex 1000 670 573
      vertex 1025.9724113388022 670 539.8660200313402
      vertex 1028.7613951067272 670 571.744250370276
    endloop
  endfacet
  facet normal 0 1 0
    outer loop
      vertex 1028.7613951067272 720 571.744250370276
      vertex 1025.9724113388022 720 539.8660200313402
      vertex 1000 720 541
    endloop
  endfacet
  facet normal 0 1 0
    outer loop
      vertex 1057.303898630087 720 567.9865584940287
      vertex 1085.4102848838318 720 561.7555226753925
      vertex 1051.7471569447453 720 536.4727103976379
    endloop
  endfacet
  facet normal 0 1 0
    outer loop
      vertex 1028.7613951067272 720 571.744250370276
      vertex 1057.303898630087 720 567.9865584940287
      vertex 1025.9724113388022 720 539.8660200313402
    endloop
  endfacet
  facet normal 0.043619387365338706 0 0.9990482215818576
    outer loop
      vertex 1028.7613951067272 720 571.744250370276
      vertex 1000 670 573
      vertex 1028.7613951067272 670 571.744250370276
    endloop
  endfacet
  facet normal 0 1 0
    outer loop
      vertex 1000 720 573
      vertex 1028.7613951067272 720 571.744250370276
      vertex 1000 720 541
    endloop
  endfacet
  facet normal 0.043619387365338706 0 0.9990482215818576
    outer loop
      vertex 1000 720 573
      vertex 1000 670 573
      vertex 1028.7613951067272 720 571.744250370276
    endloop
  endfacet
  facet normal 0.21643961393810524 0 0.9762960071199328
    outer loop
      vertex 1085.4102848838318 720 561.7555226753925
      vertex 1057.303898630087 670 567.9865584940287
      vertex 1085.4102848838318 670 561.7555226753925
    endloop
  endfacet
  facet normal 0.13052619222004744 0 0.9914448613738109
    outer loop
      vertex 1057.303898630087 720 567.9865584940287
      vertex 1028.7613951067272 670 571.744250370276
      vertex 1057.303898630087 670 567.9865584940287
    endloop
  endfacet
  facet normal 0.21643961393810524 0 0.9762960071199328
    outer loop
      vertex 1057.303898630087 720 567.9865584940287
      vertex 1057.303898630087 670 567.9865584940287
      vertex 1085.4102848838318 720 561.7555226753925
    endloop
  endfacet
  facet normal 0.13052619222004744 0 0.9914448613738109
    outer loop
      vertex 1028.7613951067272 720 571.744250370276
      vertex 1028.7613951067272 670 571.744250370276
      vertex 1057.303898630087 720 567.9865584940287
    endloop
  endfacet
  facet normal 0.30070579950426857 0 0.9537169507482284
    outer loop
      vertex 1112.8666472974708 720 553.0985648593498
      vertex 1085.4102848838318 670 561.7555226753925
      vertex 1112.8666472974708 670 553.0985648593498
    endloop
  endfacet
  facet normal 0.30070579950426857 0 0.9537169507482284
    outer loop
      vertex 1085.4102848838318 720 561.7555226753925
      vertex 1085.4102848838318 670 561.7555226753925
      vertex 1112.8666472974708 720 553.0985648593498
    endloop
  endfacet
  facet normal 0 -1 0
    outer loop
      vertex -1363.2646599666787 -720 203
      vertex -1331.0192529489648 -720 203
      vertex -1332.8660200313402 -720 217.02758866119785
    endloop
  endfacet
  facet normal -0.9914448613738106 0 -0.13052619222005105
    outer loop
      vertex -1364.744250370276 -670 214.2386048932728
      vertex -1363.2646599666787 -720 203
      vertex -1364.744250370276 -720 214.2386048932728
    endloop
  endfacet
  facet normal -0.9914448613738106 -2.264009992202906e-18 -0.13052619222005105
    outer loop
      vertex -1364.744250370276 -670 214.2386048932728
      vertex -1363.2646599666787 -670 203
      vertex -1363.2646599666787 -720 203
    endloop
  endfacet
  facet normal -0.9990482215818576 0 -0.04361938736533862
    outer loop
      vertex -1364.744250370276 -670 214.2386048932728
      vertex -1364.744250370276 -720 214.2386048932728
      vertex -1366 -720 243
    endloop
  endfacet
  facet normal 0 -1 0
    outer loop
      vertex -1363.2646599666787 -720 203
      vertex -1332.8660200313402 -720 217.02758866119785
      vertex -1334 -720 243
    endloop
  endfacet
  facet normal 0 1 0
    outer loop
      vertex -1363.2646599666787 -670 203
      vertex -1332.8660200313402 -670 217.02758866119785
      vertex -1331.0192529489648 -670 203
    endloop
  endfacet
  facet normal 0 1 0
    outer loop
      vertex -1363.2646599666787 -670 203
      vertex -1334 -670 243
      vertex -1332.8660200313402 -670 217.02758866119785
    endloop
  endfacet
  facet normal 0 -1 0
    outer loop
      vertex -1364.744250370276 -720 214.2386048932728
      vertex -1363.2646599666787 -720 203
      vertex -1364.744250370276 -720 271.7613951067272
    endloop
  endfacet
  facet normal -0.9990482215818576 -2.0803721943913287e-18 -0.04361938736533862
    outer loop
      vertex -1364.744250370276 -670 214.2386048932728
      vertex -1366 -720 243
      vertex -1366 -670 243
    endloop
  endfacet
  facet normal 0 -1 0
    outer loop
      vertex -1364.744250370276 -720 214.2386048932728
      vertex -1364.744250370276 -720 271.7613951067272
      vertex -1366 -720 243
    endloop
  endfacet
  facet normal 0 1 0
    outer loop
      vertex -1364.744250370276 -670 214.2386048932728
      vertex -1360.9865584940287 -670 300.303898630087
      vertex -1363.2646599666787 -670 203
    endloop
  endfacet
  facet normal 0 1 0
    outer loop
      vertex -1364.744250370276 -670 214.2386048932728
      vertex -1366 -670 243
      vertex -1364.744250370276 -670 271.7613951067272
    endloop
  endfacet
  facet normal -0.9990482215818576 0 0.04361938736533862
    outer loop
      vertex -1366 -670 243
      vertex -1366 -720 243
      vertex -1364.744250370276 -720 271.7613951067272
    endloop
  endfacet
  facet normal 0 -1 0
    outer loop
      vertex -1364.744250370276 -720 271.7613951067272
      vertex -1363.2646599666787 -720 203
      vertex -1360.9865584940287 -720 300.303898630087
    endloop
  endfacet
  facet normal -0.9990482215818576 2.0803721943913287e-18 0.04361938736533862
    outer loop
      vertex -1366 -670 243
      vertex -1364.744250370276 -720 271.7613951067272
      vertex -1364.744250370276 -670 271.7613951067272
    endloop
  endfacet
  facet normal 0 1 0
    outer loop
      vertex -1364.744250370276 -670 214.2386048932728
      vertex -1364.744250370276 -670 271.7613951067272
      vertex -1360.9865584940287 -670 300.303898630087
    endloop
  endfacet
  facet normal 0 -1 0
    outer loop
      vertex -1360.9865584940287 -720 300.303898630087
      vertex -1363.2646599666787 -720 203
      vertex -1354.7555226753925 -720 328.4102848838319
    endloop
  endfacet
  facet normal 0 -1 0
    outer loop
      vertex -1335.0815697220944 -720 382.4640263744308
      vertex -1363.2646599666787 -720 203
      vertex -1334 -720 243
    endloop
  endfacet
  facet normal -0.991444861373811 0 0.1305261922200472
    outer loop
      vertex -1364.744250370276 -670 271.7613951067272
      vertex -1364.744250370276 -720 271.7613951067272
      vertex -1360.9865584940287 -720 300.303898630087
    endloop
  endfacet
  facet normal -0.991444861373811 2.809527856051213e-20 0.1305261922200472
    outer loop
      vertex -1364.744250370276 -670 271.7613951067272
      vertex -1360.9865584940287 -720 300.303898630087
      vertex -1360.9865584940287 -670 300.303898630087
    endloop
  endfacet
  facet normal 0 1 0
    outer loop
      vertex -1360.9865584940287 -670 300.303898630087
      vertex -1354.7555226753925 -670 328.4102848838319
      vertex -1363.2646599666787 -670 203
    endloop
  endfacet
  facet normal 0 1 0
    outer loop
      vertex -1335.0815697220944 -670 382.4640263744308
      vertex -1334 -670 243
      vertex -1363.2646599666787 -670 203
    endloop
  endfacet
  facet normal 0 -1 0
    outer loop
      vertex -708.7353400333213 -720 203
      vertex -739.1339799686598 -720 217.02758866119785
      vertex -740.9807470510352 -720 203
    endloop
  endfacet
  facet normal 0.9914448613738106 2.264009992202906e-18 -0.13052619222005105
    outer loop
      vertex -707.255749629724 -720 214.2386048932728
      vertex -708.7353400333213 -720 203
      vertex -708.7353400333213 -670 203
    endloop
  endfacet
  facet normal 0.9914448613738106 0 -0.13052619222005105
    outer loop
      vertex -707.255749629724 -670 214.2386048932728
      vertex -707.255749629724 -720 214.2386048932728
      vertex -708.7353400333213 -670 203
    endloop
  endfacet
  facet normal 0 -1 0
    outer loop
      vertex -708.7353400333213 -720 203
      vertex -738 -720 243
      vertex -739.1339799686598 -720 217.02758866119785
    endloop
  endfacet
  facet normal 0.9990482215818576 0 -0.04361938736533862
    outer loop
      vertex -707.255749629724 -670 214.2386048932728
      vertex -706 -670 243
      vertex -707.255749629724 -720 214.2386048932728
    endloop
  endfacet
  facet normal 0 1 0
    outer loop
      vertex -708.7353400333213 -670 203
      vertex -740.9807470510352 -670 203
      vertex -739.1339799686598 -670 217.02758866119785
    endloop
  endfacet
  facet normal 0 1 0
    outer loop
      vertex -708.7353400333213 -670 203
      vertex -739.1339799686598 -670 217.02758866119785
      vertex -738 -670 243
    endloop
  endfacet
  facet normal 0.9990482215818576 2.0803721943913287e-18 -0.04361938736533862
    outer loop
      vertex -707.255749629724 -720 214.2386048932728
      vertex -706 -670 243
      vertex -706 -720 243
    endloop
  endfacet
  facet normal 0 -1 0
    outer loop
      vertex -707.255749629724 -720 214.2386048932728
      vertex -711.0134415059713 -720 300.303898630087
      vertex -708.7353400333213 -720 203
    endloop
  endfacet
  facet normal 0 -1 0
    outer loop
      vertex -707.255749629724 -720 214.2386048932728
      vertex -706 -720 243
      vertex -707.255749629724 -720 271.7613951067272
    endloop
  endfacet
  facet normal 0 1 0
    outer loop
      vertex -707.255749629724 -670 214.2386048932728
      vertex -708.7353400333213 -670 203
      vertex -707.255749629724 -670 271.7613951067272
    endloop
  endfacet
  facet normal 0 1 0
    outer loop
      vertex -707.255749629724 -670 214.2386048932728
      vertex -707.255749629724 -670 271.7613951067272
      vertex -706 -670 243
    endloop
  endfacet
  facet normal 0.9990482215818576 0 0.04361938736533862
    outer loop
      vertex -706 -670 243
      vertex -707.255749629724 -670 271.7613951067272
      vertex -706 -720 243
    endloop
  endfacet
  facet normal 0 -1 0
    outer loop
      vertex -707.255749629724 -720 214.2386048932728
      vertex -707.255749629724 -720 271.7613951067272
      vertex -711.0134415059713 -720 300.303898630087
    endloop
  endfacet
  facet normal 0.9990482215818576 0 0.04361938736533862
    outer loop
      vertex -707.255749629724 -670 271.7613951067272
      vertex -707.255749629724 -720 271.7613951067272
      vertex -706 -720 243
    endloop
  endfacet
  facet normal 0 1 0
    outer loop
      vertex -707.255749629724 -670 271.7613951067272
      vertex -708.7353400333213 -670 203
      vertex -711.0134415059713 -670 300.303898630087
    endloop
  endfacet
  facet normal 0 -1 0
    outer loop
      vertex -736.9184302779056 -720 382.4640263744308
      vertex -738 -720 243
      vertex -708.7353400333213 -720 203
    endloop
  endfacet
  facet normal 0 -1 0
    outer loop
      vertex -711.0134415059713 -720 300.303898630087
      vertex -717.2444773246075 -720 328.4102848838319
      vertex -708.7353400333213 -720 203
    endloop
  endfacet
  facet normal 0.991444861373811 0 0.1305261922200472
    outer loop
      vertex -707.255749629724 -670 271.7613951067272
      vertex -711.0134415059713 -670 300.303898630087
      vertex -707.255749629724 -720 271.7613951067272
    endloop
  endfacet
  facet normal 0.991444861373811 0 0.1305261922200472
    outer loop
      vertex -711.0134415059713 -670 300.303898630087
      vertex -711.0134415059713 -720 300.303898630087
      vertex -707.255749629724 -720 271.7613951067272
    endloop
  endfacet
  facet normal 0 1 0
    outer loop
      vertex -736.9184302779056 -670 382.4640263744308
      vertex -708.7353400333213 -670 203
      vertex -738 -670 243
    endloop
  endfacet
  facet normal 0 1 0
    outer loop
      vertex -711.0134415059713 -670 300.303898630087
      vertex -708.7353400333213 -670 203
      vertex -717.2444773246075 -670 328.4102848838319
    endloop
  endfacet
  facet normal 0 -1 0
    outer loop
      vertex -1354.7555226753925 -720 328.4102848838319
      vertex -1363.2646599666787 -720 203
      vertex -1346.0985648593498 -720 355.86664729747065
    endloop
  endfacet
  facet normal 0 -1 0
    outer loop
      vertex -1335.0815697220944 -720 382.4640263744308
      vertex -1334 -720 243
      vertex -1332.8660200313402 -720 268.97241133880215
    endloop
  endfacet
  facet normal -0.9762960071199328 0 0.21643961393810524
    outer loop
      vertex -1360.9865584940287 -670 300.303898630087
      vertex -1360.9865584940287 -720 300.303898630087
      vertex -1354.7555226753925 -720 328.4102848838319
    endloop
  endfacet
  facet normal 0 -1 0
    outer loop
      vertex -1346.0985648593498 -720 355.86664729747065
      vertex -1363.2646599666787 -720 203
      vertex -1335.0815697220944 -720 382.4640263744308
    endloop
  endfacet
  facet normal 0 -1 0
    outer loop
      vertex -1335.0815697220944 -720 382.4640263744308
      vertex -1332.8660200313402 -720 268.97241133880215
      vertex -1329.472710397638 -720 294.74715694474526
    endloop
  endfacet
  facet normal 0 1 0
    outer loop
      vertex -1354.7555226753925 -670 328.4102848838319
      vertex -1346.0985648593498 -670 355.86664729747065
      vertex -1363.2646599666787 -670 203
    endloop
  endfacet
  facet normal 0 1 0
    outer loop
      vertex -1335.0815697220944 -670 382.4640263744308
      vertex -1332.8660200313402 -670 268.97241133880215
      vertex -1334 -670 243
    endloop
  endfacet
  facet normal 0 1 0
    outer loop
      vertex -1346.0985648593498 -670 355.86664729747065
      vertex -1335.0815697220944 -670 382.4640263744308
      vertex -1363.2646599666787 -670 203
    endloop
  endfacet
  facet normal 0 1 0
    outer loop
      vertex -1335.0815697220944 -670 382.4640263744308
      vertex -1329.472710397638 -670 294.74715694474526
      vertex -1332.8660200313402 -670 268.97241133880215
    endloop
  endfacet
  facet normal -0.9762960071199328 7.613173245540173e-18 0.21643961393810524
    outer loop
      vertex -1360.9865584940287 -670 300.303898630087
      vertex -1354.7555226753925 -720 328.4102848838319
      vertex -1354.7555226753925 -670 328.4102848838319
    endloop
  endfacet
  facet normal 0 -1 0
    outer loop
      vertex -1335.0815697220944 -720 382.4640263744308
      vertex -1329.472710397638 -720 294.74715694474526
      vertex -1323.8458962341424 -720 320.1280754405512
    endloop
  endfacet
  facet normal -0.9537169507482277 0 0.30070579950427084
    outer loop
      vertex -1354.7555226753925 -670 328.4102848838319
      vertex -1354.7555226753925 -720 328.4102848838319
      vertex -1346.0985648593498 -720 355.86664729747065
    endloop
  endfacet
  facet normal 0 1 0
    outer loop
      vertex -1321.7883832488646 -670 408
      vertex -1323.8458962341424 -670 320.1280754405512
      vertex -1329.472710397638 -670 294.74715694474526
    endloop
  endfacet
  facet normal 0 -1 0
    outer loop
      vertex -1335.0815697220944 -720 382.4640263744308
      vertex -1323.8458962341424 -720 320.1280754405512
      vertex -1316.0284009942006 -720 344.9220027110493
    endloop
  endfacet
  facet normal -0.9537169507482277 2.8398438900701496e-18 0.30070579950427084
    outer loop
      vertex -1354.7555226753925 -670 328.4102848838319
      vertex -1346.0985648593498 -720 355.86664729747065
      vertex -1346.0985648593498 -670 355.86664729747065
    endloop
  endfacet
  facet normal -0.9238795325112847 0 0.3826834323650945
    outer loop
      vertex -1346.0985648593498 -670 355.86664729747065
      vertex -1346.0985648593498 -720 355.86664729747065
      vertex -1335.0815697220944 -720 382.4640263744308
    endloop
  endfacet
  facet normal 0 1 0
    outer loop
      vertex -1335.0815697220944 -670 382.4640263744308
      vertex -1321.7883832488646 -670 408
      vertex -1329.472710397638 -670 294.74715694474526
    endloop
  endfacet
  facet normal 0 1 0
    outer loop
      vertex -1321.7883832488646 -670 408
      vertex -1316.0284009942006 -670 344.9220027110493
      vertex -1323.8458962341424 -670 320.1280754405512
    endloop
  endfacet
  facet normal -0.9238795325112847 -9.794246991839041e-18 0.3826834323650945
    outer loop
      vertex -1346.0985648593498 -670 355.86664729747065
      vertex -1335.0815697220944 -720 382.4640263744308
      vertex -1335.0815697220944 -670 382.4640263744308
    endloop
  endfacet
  facet normal 0 -1 0
    outer loop
      vertex -1321.7883832488646 -720 408
      vertex -1316.0284009942006 -720 344.9220027110493
      vertex -1306.0797205369217 -720 368.9402419987284
    endloop
  endfacet
  facet normal 0 -1 0
    outer loop
      vertex -1335.0815697220944 -720 382.4640263744308
      vertex -1316.0284009942006 -720 344.9220027110493
      vertex -1321.7883832488646 -720 408
    endloop
  endfacet
  facet normal 0 1 0
    outer loop
      vertex -1306.3201746153673 -670 432.2802239958452
      vertex -1306.0797205369217 -670 368.9402419987284
      vertex -1316.0284009942006 -670 344.9220027110493
    endloop
  endfacet
  facet normal 0 -1 0
    outer loop
      vertex -736.9184302779056 -720 382.4640263744308
      vertex -739.1339799686598 -720 268.97241133880215
      vertex -738 -720 243
    endloop
  endfacet
  facet normal 0 -1 0
    outer loop
      vertex -717.2444773246075 -720 328.4102848838319
      vertex -725.9014351406502 -720 355.86664729747065
      vertex -708.7353400333213 -720 203
    endloop
  endfacet
  facet normal 0 -1 0
    outer loop
      vertex -736.9184302779056 -720 382.4640263744308
      vertex -742.5272896023621 -720 294.74715694474526
      vertex -739.1339799686598 -720 268.97241133880215
    endloop
  endfacet
  facet normal 0 -1 0
    outer loop
      vertex -725.9014351406502 -720 355.86664729747065
      vertex -736.9184302779056 -720 382.4640263744308
      vertex -708.7353400333213 -720 203
    endloop
  endfacet
  facet normal 0.9762960071199328 0 0.21643961393810524
    outer loop
      vertex -711.0134415059713 -670 300.303898630087
      vertex -717.2444773246075 -670 328.4102848838319
      vertex -711.0134415059713 -720 300.303898630087
    endloop
  endfacet
  facet normal 0 1 0
    outer loop
      vertex -736.9184302779056 -670 382.4640263744308
      vertex -738 -670 243
      vertex -739.1339799686598 -670 268.97241133880215
    endloop
  endfacet
  facet normal 0 1 0
    outer loop
      vertex -717.2444773246075 -670 328.4102848838319
      vertex -708.7353400333213 -670 203
      vertex -725.9014351406502 -670 355.86664729747065
    endloop
  endfacet
  facet normal 0 1 0
    outer loop
      vertex -736.9184302779056 -670 382.4640263744308
      vertex -739.1339799686598 -670 268.97241133880215
      vertex -742.5272896023621 -670 294.74715694474526
    endloop
  endfacet
  facet normal 0 1 0
    outer loop
      vertex -725.9014351406502 -670 355.86664729747065
      vertex -708.7353400333213 -670 203
      vertex -736.9184302779056 -670 382.4640263744308
    endloop
  endfacet
  facet normal 0.9762960071199328 0 0.21643961393810524
    outer loop
      vertex -717.2444773246075 -670 328.4102848838319
      vertex -717.2444773246075 -720 328.4102848838319
      vertex -711.0134415059713 -720 300.303898630087
    endloop
  endfacet
  facet normal 0 -1 0
    outer loop
      vertex -750.2116167511352 -720 408
      vertex -748.1541037658576 -720 320.1280754405512
      vertex -742.5272896023621 -720 294.74715694474526
    endloop
  endfacet
  facet normal 0.9537169507482277 0 0.30070579950427084
    outer loop
      vertex -717.2444773246075 -670 328.4102848838319
      vertex -725.9014351406502 -670 355.86664729747065
      vertex -717.2444773246075 -720 328.4102848838319
    endloop
  endfacet
  facet normal 0 1 0
    outer loop
      vertex -736.9184302779056 -670 382.4640263744308
      vertex -742.5272896023621 -670 294.74715694474526
      vertex -748.1541037658576 -670 320.1280754405512
    endloop
  endfacet
  facet normal 0.9537169507482277 0 0.30070579950427084
    outer loop
      vertex -725.9014351406502 -670 355.86664729747065
      vertex -725.9014351406502 -720 355.86664729747065
      vertex -717.2444773246075 -720 328.4102848838319
    endloop
  endfacet
  facet normal 0 -1 0
    outer loop
      vertex -750.2116167511352 -720 408
      vertex -755.9715990057994 -720 344.9220027110493
      vertex -748.1541037658576 -720 320.1280754405512
    endloop
  endfacet
  facet normal 0 -1 0
    outer loop
      vertex -736.9184302779056 -720 382.4640263744308
      vertex -750.2116167511352 -720 408
      vertex -742.5272896023621 -720 294.74715694474526
    endloop
  endfacet
  facet normal 0.9238795325112847 0 0.3826834323650945
    outer loop
      vertex -725.9014351406502 -670 355.86664729747065
      vertex -736.9184302779056 -670 382.4640263744308
      vertex -725.9014351406502 -720 355.86664729747065
    endloop
  endfacet
  facet normal 0 1 0
    outer loop
      vertex -736.9184302779056 -670 382.4640263744308
      vertex -748.1541037658576 -670 320.1280754405512
      vertex -755.9715990057994 -670 344.9220027110493
    endloop
  endfacet
  facet normal 0.9238795325112847 0 0.3826834323650945
    outer loop
      vertex -736.9184302779056 -670 382.4640263744308
      vertex -736.9184302779056 -720 382.4640263744308
      vertex -725.9014351406502 -720 355.86664729747065
    endloop
  endfacet
  facet normal 0 -1 0
    outer loop
      vertex -765.6798253846327 -720 432.2802239958452
      vertex -765.9202794630783 -720 368.9402419987284
      vertex -755.9715990057994 -720 344.9220027110493
    endloop
  endfacet
  facet normal 0 1 0
    outer loop
      vertex -750.2116167511352 -670 408
      vertex -755.9715990057994 -670 344.9220027110493
      vertex -765.9202794630783 -670 368.9402419987284
    endloop
  endfacet
  facet normal 0 1 0
    outer loop
      vertex -736.9184302779056 -670 382.4640263744308
      vertex -755.9715990057994 -670 344.9220027110493
      vertex -750.2116167511352 -670 408
    endloop
  endfacet
  facet normal -0.8870108331782218 0 0.46174861323503386
    outer loop
      vertex -1335.0815697220944 -670 382.4640263744308
      vertex -1335.0815697220944 -720 382.4640263744308
      vertex -1321.7883832488646 -720 408
    endloop
  endfacet
  facet normal -0.8870108331782218 1.1331863101629505e-17 0.46174861323503386
    outer loop
      vertex -1335.0815697220944 -670 382.4640263744308
      vertex -1321.7883832488646 -720 408
      vertex -1321.7883832488646 -670 408
    endloop
  endfacet
  facet normal 0 -1 0
    outer loop
      vertex -1306.3201746153673 -720 432.2802239958452
      vertex -1306.0797205369217 -720 368.9402419987284
      vertex -1294.0755703277628 -720 392
    endloop
  endfacet
  facet normal 0 -1 0
    outer loop
      vertex -1321.7883832488646 -720 408
      vertex -1306.0797205369217 -720 368.9402419987284
      vertex -1306.3201746153673 -720 432.2802239958452
    endloop
  endfacet
  facet normal 0 1 0
    outer loop
      vertex -1321.7883832488646 -670 408
      vertex -1306.3201746153673 -670 432.2802239958452
      vertex -1316.0284009942006 -670 344.9220027110493
    endloop
  endfacet
  facet normal 0 1 0
    outer loop
      vertex -1306.3201746153673 -670 432.2802239958452
      vertex -1294.0755703277628 -670 392
      vertex -1306.0797205369217 -670 368.9402419987284
    endloop
  endfacet
  facet normal -0.8433914458128864 0 0.5372996083468228
    outer loop
      vertex -1321.7883832488646 -670 408
      vertex -1321.7883832488646 -720 408
      vertex -1306.3201746153673 -720 432.2802239958452
    endloop
  endfacet
  facet normal 0 -1 0
    outer loop
      vertex -1306.3201746153673 -720 432.2802239958452
      vertex -1294.0755703277628 -720 392
      vertex -1280.1073091981195 -720 413.92577803261173
    endloop
  endfacet
  facet normal 0 -1 0
    outer loop
      vertex -1306.3201746153673 -720 432.2802239958452
      vertex -1280.1073091981195 -720 413.92577803261173
      vertex -1288.7946662292627 -720 455.11991119655795
    endloop
  endfacet
  facet normal -0.8433914458128864 2.5796718983064254e-18 0.5372996083468228
    outer loop
      vertex -1321.7883832488646 -670 408
      vertex -1306.3201746153673 -720 432.2802239958452
      vertex -1306.3201746153673 -670 432.2802239958452
    endloop
  endfacet
  facet normal 0 1 0
    outer loop
      vertex -1288.7946662292627 -670 455.11991119655795
      vertex -1280.1073091981195 -670 413.92577803261173
      vertex -1294.0755703277628 -670 392
    endloop
  endfacet
  facet normal 0 1 0
    outer loop
      vertex -1306.3201746153673 -670 432.2802239958452
      vertex -1288.7946662292627 -670 455.11991119655795
      vertex -1294.0755703277628 -670 392
    endloop
  endfacet
  facet normal -0.7933533402912352 0 0.6087614290087207
    outer loop
      vertex -1306.3201746153673 -670 432.2802239958452
      vertex -1306.3201746153673 -720 432.2802239958452
      vertex -1288.7946662292627 -720 455.11991119655795
    endloop
  endfacet
  facet normal -0.7933533402912352 -1.2038432367463448e-17 0.6087614290087207
    outer loop
      vertex -1306.3201746153673 -670 432.2802239958452
      vertex -1288.7946662292627 -720 455.11991119655795
      vertex -1288.7946662292627 -670 455.11991119655795
    endloop
  endfacet
  facet normal 0 -1 0
    outer loop
      vertex -1288.7946662292627 -720 455.11991119655795
      vertex -1280.1073091981195 -720 413.92577803261173
      vertex -1264.2812440494554 -720 434.5507076865887
    endloop
  endfacet
  facet normal 0 -1 0
    outer loop
      vertex -1288.7946662292627 -720 455.11991119655795
      vertex -1264.2812440494554 -720 434.5507076865887
      vertex -1269.3452377915607 -720 476.3452377915607
    endloop
  endfacet
  facet normal 0 -1 0
    outer loop
      vertex -1269.3452377915607 -720 476.3452377915607
      vertex -1264.2812440494554 -720 434.5507076865887
      vertex -1246.7178207935913 -720 453.71782079359116
    endloop
  endfacet
  facet normal 0 1 0
    outer loop
      vertex -1269.3452377915607 -670 476.3452377915607
      vertex -1264.2812440494554 -670 434.5507076865887
      vertex -1280.1073091981195 -670 413.92577803261173
    endloop
  endfacet
  facet normal 0 1 0
    outer loop
      vertex -1288.7946662292627 -670 455.11991119655795
      vertex -1269.3452377915607 -670 476.3452377915607
      vertex -1280.1073091981195 -670 413.92577803261173
    endloop
  endfacet
  facet normal -0.7372773368101266 0 0.6755902076156574
    outer loop
      vertex -1288.7946662292627 -670 455.11991119655795
      vertex -1288.7946662292627 -720 455.11991119655795
      vertex -1269.3452377915607 -720 476.3452377915607
    endloop
  endfacet
  facet normal 0 -1 0
    outer loop
      vertex -1248.119911196558 -720 495.7946662292627
      vertex -1246.7178207935913 -720 453.71782079359116
      vertex -1227.5507076865888 -720 471.28124404945544
    endloop
  endfacet
  facet normal 0 -1 0
    outer loop
      vertex -1269.3452377915607 -720 476.3452377915607
      vertex -1246.7178207935913 -720 453.71782079359116
      vertex -1248.119911196558 -720 495.7946662292627
    endloop
  endfacet
  facet normal -0.7372773368101266 -5.096060572585091e-19 0.6755902076156574
    outer loop
      vertex -1288.7946662292627 -670 455.11991119655795
      vertex -1269.3452377915607 -720 476.3452377915607
      vertex -1269.3452377915607 -670 476.3452377915607
    endloop
  endfacet
  facet normal 0 1 0
    outer loop
      vertex -1248.119911196558 -670 495.7946662292627
      vertex -1246.7178207935913 -670 453.71782079359116
      vertex -1264.2812440494554 -670 434.5507076865887
    endloop
  endfacet
  facet normal 0 1 0
    outer loop
      vertex -1269.3452377915607 -670 476.3452377915607
      vertex -1248.119911196558 -670 495.7946662292627
      vertex -1264.2812440494554 -670 434.5507076865887
    endloop
  endfacet
  facet normal 0 1 0
    outer loop
      vertex -1248.119911196558 -670 495.7946662292627
      vertex -1227.5507076865888 -670 471.28124404945544
      vertex -1246.7178207935913 -670 453.71782079359116
    endloop
  endfacet
  facet normal 0 -1 0
    outer loop
      vertex -750.2116167511352 -720 408
      vertex -765.6798253846327 -720 432.2802239958452
      vertex -755.9715990057994 -720 344.9220027110493
    endloop
  endfacet
  facet normal 0 -1 0
    outer loop
      vertex -765.6798253846327 -720 432.2802239958452
      vertex -777.9244296722372 -720 392
      vertex -765.9202794630783 -720 368.9402419987284
    endloop
  endfacet
  facet normal 0.8870108331782233 0 0.46174861323503075
    outer loop
      vertex -750.2116167511352 -670 408
      vertex -750.2116167511352 -720 408
      vertex -736.9184302779056 -720 382.4640263744308
    endloop
  endfacet
  facet normal 0.8870108331782233 0 0.46174861323503075
    outer loop
      vertex -736.9184302779056 -670 382.4640263744308
      vertex -750.2116167511352 -670 408
      vertex -736.9184302779056 -720 382.4640263744308
    endloop
  endfacet
  facet normal 0 1 0
    outer loop
      vertex -765.6798253846327 -670 432.2802239958452
      vertex -765.9202794630783 -670 368.9402419987284
      vertex -777.9244296722372 -670 392
    endloop
  endfacet
  facet normal 0 1 0
    outer loop
      vertex -750.2116167511352 -670 408
      vertex -765.9202794630783 -670 368.9402419987284
      vertex -765.6798253846327 -670 432.2802239958452
    endloop
  endfacet
  facet normal 0 -1 0
    outer loop
      vertex -783.2053337707373 -720 455.11991119655795
      vertex -791.8926908018805 -720 413.92577803261173
      vertex -777.9244296722372 -720 392
    endloop
  endfacet
  facet normal 0 1 0
    outer loop
      vertex -765.6798253846327 -670 432.2802239958452
      vertex -777.9244296722372 -670 392
      vertex -791.8926908018805 -670 413.92577803261173
    endloop
  endfacet
  facet normal 0 1 0
    outer loop
      vertex -765.6798253846327 -670 432.2802239958452
      vertex -791.8926908018805 -670 413.92577803261173
      vertex -783.2053337707373 -670 455.11991119655795
    endloop
  endfacet
  facet normal 0.8433914458128845 0 0.5372996083468256
    outer loop
      vertex -750.2116167511352 -670 408
      vertex -765.6798253846327 -670 432.2802239958452
      vertex -750.2116167511352 -720 408
    endloop
  endfacet
  facet normal 0 -1 0
    outer loop
      vertex -765.6798253846327 -720 432.2802239958452
      vertex -783.2053337707373 -720 455.11991119655795
      vertex -777.9244296722372 -720 392
    endloop
  endfacet
  facet normal 0.8433914458128845 0 0.5372996083468256
    outer loop
      vertex -765.6798253846327 -670 432.2802239958452
      vertex -765.6798253846327 -720 432.2802239958452
      vertex -750.2116167511352 -720 408
    endloop
  endfacet
  facet normal 0 -1 0
    outer loop
      vertex -802.6547622084393 -720 476.3452377915607
      vertex -807.7187559505446 -720 434.5507076865887
      vertex -791.8926908018805 -720 413.92577803261173
    endloop
  endfacet
  facet normal 0 -1 0
    outer loop
      vertex -802.6547622084393 -720 476.3452377915607
      vertex -791.8926908018805 -720 413.92577803261173
      vertex -783.2053337707373 -720 455.11991119655795
    endloop
  endfacet
  facet normal 0.7933533402912352 0 0.6087614290087207
    outer loop
      vertex -783.2053337707373 -670 455.11991119655795
      vertex -783.2053337707373 -720 455.11991119655795
      vertex -765.6798253846327 -720 432.2802239958452
    endloop
  endfacet
  facet normal 0 1 0
    outer loop
      vertex -783.2053337707373 -670 455.11991119655795
      vertex -791.8926908018805 -670 413.92577803261173
      vertex -807.7187559505446 -670 434.5507076865887
    endloop
  endfacet
  facet normal 0 1 0
    outer loop
      vertex -802.6547622084393 -670 476.3452377915607
      vertex -807.7187559505446 -670 434.5507076865887
      vertex -825.2821792064088 -670 453.71782079359116
    endloop
  endfacet
  facet normal 0 1 0
    outer loop
      vertex -802.6547622084393 -670 476.3452377915607
      vertex -783.2053337707373 -670 455.11991119655795
      vertex -807.7187559505446 -670 434.5507076865887
    endloop
  endfacet
  facet normal 0.7933533402912352 0 0.6087614290087207
    outer loop
      vertex -765.6798253846327 -670 432.2802239958452
      vertex -783.2053337707373 -670 455.11991119655795
      vertex -765.6798253846327 -720 432.2802239958452
    endloop
  endfacet
  facet normal 0 -1 0
    outer loop
      vertex -823.880088803442 -720 495.7946662292627
      vertex -825.2821792064088 -720 453.71782079359116
      vertex -807.7187559505446 -720 434.5507076865887
    endloop
  endfacet
  facet normal 0 -1 0
    outer loop
      vertex -802.6547622084393 -720 476.3452377915607
      vertex -823.880088803442 -720 495.7946662292627
      vertex -807.7187559505446 -720 434.5507076865887
    endloop
  endfacet
  facet normal 0.7372773368101266 5.096060572585091e-19 0.6755902076156574
    outer loop
      vertex -802.6547622084393 -670 476.3452377915607
      vertex -783.2053337707373 -720 455.11991119655795
      vertex -783.2053337707373 -670 455.11991119655795
    endloop
  endfacet
  facet normal 0 -1 0
    outer loop
      vertex -823.880088803442 -720 495.7946662292627
      vertex -844.4492923134113 -720 471.28124404945544
      vertex -825.2821792064088 -720 453.71782079359116
    endloop
  endfacet
  facet normal 0.7372773368101266 0 0.6755902076156574
    outer loop
      vertex -802.6547622084393 -670 476.3452377915607
      vertex -802.6547622084393 -720 476.3452377915607
      vertex -783.2053337707373 -720 455.11991119655795
    endloop
  endfacet
  facet normal 0 1 0
    outer loop
      vertex -823.880088803442 -670 495.7946662292627
      vertex -825.2821792064088 -670 453.71782079359116
      vertex -844.4492923134113 -670 471.28124404945544
    endloop
  endfacet
  facet normal 0 1 0
    outer loop
      vertex -802.6547622084393 -670 476.3452377915607
      vertex -825.2821792064088 -670 453.71782079359116
      vertex -823.880088803442 -670 495.7946662292627
    endloop
  endfacet
  facet normal -0.6755902076156576 0 0.7372773368101265
    outer loop
      vertex -1248.119911196558 -670 495.7946662292627
      vertex -1269.3452377915607 -720 476.3452377915607
      vertex -1248.119911196558 -720 495.7946662292627
    endloop
  endfacet
  facet normal -0.6755902076156576 0 0.7372773368101265
    outer loop
      vertex -1269.3452377915607 -670 476.3452377915607
      vertex -1269.3452377915607 -720 476.3452377915607
      vertex -1248.119911196558 -670 495.7946662292627
    endloop
  endfacet
  facet normal 0 -1 0
    outer loop
      vertex -1248.119911196558 -720 495.7946662292627
      vertex -1227.5507076865888 -720 471.28124404945544
      vertex -1206.9257780326118 -720 487.10730919811954
    endloop
  endfacet
  facet normal -0.6087614290087227 0 0.7933533402912337
    outer loop
      vertex -1248.119911196558 -670 495.7946662292627
      vertex -1248.119911196558 -720 495.7946662292627
      vertex -1225.2802239958453 -670 513.3201746153673
    endloop
  endfacet
  facet normal 0 -1 0
    outer loop
      vertex -1248.119911196558 -720 495.7946662292627
      vertex -1206.9257780326118 -720 487.10730919811954
      vertex -1225.2802239958453 -720 513.3201746153673
    endloop
  endfacet
  facet normal 0 -1 0
    outer loop
      vertex -1225.2802239958453 -720 513.3201746153673
      vertex -1206.9257780326118 -720 487.10730919811954
      vertex -1185 -720 501.0755703277627
    endloop
  endfacet
  facet normal 0 1 0
    outer loop
      vertex -1225.2802239958453 -670 513.3201746153673
      vertex -1206.9257780326118 -670 487.10730919811954
      vertex -1227.5507076865888 -670 471.28124404945544
    endloop
  endfacet
  facet normal 0 1 0
    outer loop
      vertex -1248.119911196558 -670 495.7946662292627
      vertex -1225.2802239958453 -670 513.3201746153673
      vertex -1227.5507076865888 -670 471.28124404945544
    endloop
  endfacet
  facet normal -0.6087614290087227 0 0.7933533402912337
    outer loop
      vertex -1225.2802239958453 -670 513.3201746153673
      vertex -1248.119911196558 -720 495.7946662292627
      vertex -1225.2802239958453 -720 513.3201746153673
    endloop
  endfacet
  facet normal 0 -1 0
    outer loop
      vertex -1225.2802239958453 -720 513.3201746153673
      vertex -1185 -720 501.0755703277627
      vertex -1201 -720 528.7883832488648
    endloop
  endfacet
  facet normal -0.5372996083468238 0 0.8433914458128857
    outer loop
      vertex -1201 -670 528.7883832488648
      vertex -1225.2802239958453 -720 513.3201746153673
      vertex -1201 -720 528.7883832488648
    endloop
  endfacet
  facet normal -0.5372996083468238 0 0.8433914458128857
    outer loop
      vertex -1225.2802239958453 -670 513.3201746153673
      vertex -1225.2802239958453 -720 513.3201746153673
      vertex -1201 -670 528.7883832488648
    endloop
  endfacet
  facet normal 0 1 0
    outer loop
      vertex -1201 -670 528.7883832488648
      vertex -1185 -670 501.0755703277627
      vertex -1206.9257780326118 -670 487.10730919811954
    endloop
  endfacet
  facet normal 0 1 0
    outer loop
      vertex -1225.2802239958453 -670 513.3201746153673
      vertex -1201 -670 528.7883832488648
      vertex -1206.9257780326118 -670 487.10730919811954
    endloop
  endfacet
  facet normal 0 -1 0
    outer loop
      vertex -1201 -720 528.7883832488648
      vertex -1185 -720 501.0755703277627
      vertex -1161.9402419987284 -720 513.0797205369217
    endloop
  endfacet
  facet normal 0 -1 0
    outer loop
      vertex -1175.464026374431 -720 542.0815697220944
      vertex -1161.9402419987284 -720 513.0797205369217
      vertex -1137.9220027110493 -720 523.0284009942006
    endloop
  endfacet
  facet normal 0 1 0
    outer loop
      vertex -1175.464026374431 -670 542.0815697220944
      vertex -1161.9402419987284 -670 513.0797205369217
      vertex -1185 -670 501.0755703277627
    endloop
  endfacet
  facet normal 0 1 0
    outer loop
      vertex -1201 -670 528.7883832488648
      vertex -1175.464026374431 -670 542.0815697220944
      vertex -1185 -670 501.0755703277627
    endloop
  endfacet
  facet normal 0 -1 0
    outer loop
      vertex -1201 -720 528.7883832488648
      vertex -1161.9402419987284 -720 513.0797205369217
      vertex -1175.464026374431 -720 542.0815697220944
    endloop
  endfacet
  facet normal -0.4617486132350323 0 0.8870108331782225
    outer loop
      vertex -1175.464026374431 -670 542.0815697220944
      vertex -1201 -720 528.7883832488648
      vertex -1175.464026374431 -720 542.0815697220944
    endloop
  endfacet
  facet normal -0.4617486132350323 0 0.8870108331782225
    outer loop
      vertex -1201 -670 528.7883832488648
      vertex -1201 -720 528.7883832488648
      vertex -1175.464026374431 -670 542.0815697220944
    endloop
  endfacet
  facet normal 0 -1 0
    outer loop
      vertex -1148.8666472974708 -720 553.0985648593498
      vertex -1137.9220027110493 -720 523.0284009942006
      vertex -1113.1280754405511 -720 530.8458962341424
    endloop
  endfacet
  facet normal -0.3826834323650945 0 0.9238795325112847
    outer loop
      vertex -1148.8666472974708 -670 553.0985648593498
      vertex -1175.464026374431 -720 542.0815697220944
      vertex -1148.8666472974708 -720 553.0985648593498
    endloop
  endfacet
  facet normal -0.3826834323650945 0 0.9238795325112847
    outer loop
      vertex -1175.464026374431 -670 542.0815697220944
      vertex -1175.464026374431 -720 542.0815697220944
      vertex -1148.8666472974708 -670 553.0985648593498
    endloop
  endfacet
  facet normal 0 -1 0
    outer loop
      vertex -1175.464026374431 -720 542.0815697220944
      vertex -1137.9220027110493 -720 523.0284009942006
      vertex -1148.8666472974708 -720 553.0985648593498
    endloop
  endfacet
  facet normal 0 -1 0
    outer loop
      vertex -1148.8666472974708 -720 553.0985648593498
      vertex -1113.1280754405511 -720 530.8458962341424
      vertex -1121.4102848838318 -720 561.7555226753925
    endloop
  endfacet
  facet normal 0 1 0
    outer loop
      vertex -1175.464026374431 -670 542.0815697220944
      vertex -1148.8666472974708 -670 553.0985648593498
      vertex -1161.9402419987284 -670 513.0797205369217
    endloop
  endfacet
  facet normal 0 1 0
    outer loop
      vertex -1148.8666472974708 -670 553.0985648593498
      vertex -1137.9220027110493 -670 523.0284009942006
      vertex -1161.9402419987284 -670 513.0797205369217
    endloop
  endfacet
  facet normal 0 1 0
    outer loop
      vertex -1121.4102848838318 -670 561.7555226753925
      vertex -1113.1280754405511 -670 530.8458962341424
      vertex -1137.9220027110493 -670 523.0284009942006
    endloop
  endfacet
  facet normal 0 1 0
    outer loop
      vertex -1148.8666472974708 -670 553.0985648593498
      vertex -1121.4102848838318 -670 561.7555226753925
      vertex -1137.9220027110493 -670 523.0284009942006
    endloop
  endfacet
  facet normal 0 -1 0
    outer loop
      vertex -1121.4102848838318 -720 561.7555226753925
      vertex -1113.1280754405511 -720 530.8458962341424
      vertex -1087.7471569447453 -720 536.4727103976379
    endloop
  endfacet
  facet normal 0 -1 0
    outer loop
      vertex -1093.303898630087 -720 567.9865584940287
      vertex -1087.7471569447453 -720 536.4727103976379
      vertex -1061.9724113388022 -720 539.8660200313402
    endloop
  endfacet
  facet normal 0 1 0
    outer loop
      vertex -1093.303898630087 -670 567.9865584940287
      vertex -1087.7471569447453 -670 536.4727103976379
      vertex -1113.1280754405511 -670 530.8458962341424
    endloop
  endfacet
  facet normal 0 1 0
    outer loop
      vertex -1064.7613951067272 -670 571.744250370276
      vertex -1061.9724113388022 -670 539.8660200313402
      vertex -1087.7471569447453 -670 536.4727103976379
    endloop
  endfacet
  facet normal -0.30070579950426857 0 0.9537169507482284
    outer loop
      vertex -1121.4102848838318 -670 561.7555226753925
      vertex -1148.8666472974708 -720 553.0985648593498
      vertex -1121.4102848838318 -720 561.7555226753925
    endloop
  endfacet
  facet normal -0.30070579950426857 0 0.9537169507482284
    outer loop
      vertex -1148.8666472974708 -670 553.0985648593498
      vertex -1148.8666472974708 -720 553.0985648593498
      vertex -1121.4102848838318 -670 561.7555226753925
    endloop
  endfacet
  facet normal 0 -1 0
    outer loop
      vertex -1121.4102848838318 -720 561.7555226753925
      vertex -1087.7471569447453 -720 536.4727103976379
      vertex -1093.303898630087 -720 567.9865584940287
    endloop
  endfacet
  facet normal 0 -1 0
    outer loop
      vertex -1093.303898630087 -720 567.9865584940287
      vertex -1061.9724113388022 -720 539.8660200313402
      vertex -1064.7613951067272 -720 571.744250370276
    endloop
  endfacet
  facet normal 0 -1 0
    outer loop
      vertex -1064.7613951067272 -720 571.744250370276
      vertex -1061.9724113388022 -720 539.8660200313402
      vertex -1036 -720 541
    endloop
  endfacet
  facet normal -0.21643961393810524 0 0.9762960071199328
    outer loop
      vertex -1093.303898630087 -670 567.9865584940287
      vertex -1121.4102848838318 -720 561.7555226753925
      vertex -1093.303898630087 -720 567.9865584940287
    endloop
  endfacet
  facet normal -0.13052619222004744 0 0.9914448613738109
    outer loop
      vertex -1064.7613951067272 -670 571.744250370276
      vertex -1093.303898630087 -720 567.9865584940287
      vertex -1064.7613951067272 -720 571.744250370276
    endloop
  endfacet
  facet normal -0.21643961393810524 0 0.9762960071199328
    outer loop
      vertex -1121.4102848838318 -670 561.7555226753925
      vertex -1121.4102848838318 -720 561.7555226753925
      vertex -1093.303898630087 -670 567.9865584940287
    endloop
  endfacet
  facet normal -0.13052619222004744 0 0.9914448613738109
    outer loop
      vertex -1093.303898630087 -670 567.9865584940287
      vertex -1093.303898630087 -720 567.9865584940287
      vertex -1064.7613951067272 -670 571.744250370276
    endloop
  endfacet
  facet normal 0 -1 0
    outer loop
      vertex -1064.7613951067272 -720 571.744250370276
      vertex -1036 -720 541
      vertex -1036 -720 573
    endloop
  endfacet
  facet normal -0.043619387365338706 1.8533195489483532e-18 0.9990482215818576
    outer loop
      vertex -1064.7613951067272 -720 571.744250370276
      vertex -1036 -720 573
      vertex -1036 -670 573
    endloop
  endfacet
  facet normal -0.043619387365338706 0 0.9990482215818576
    outer loop
      vertex -1064.7613951067272 -670 571.744250370276
      vertex -1064.7613951067272 -720 571.744250370276
      vertex -1036 -670 573
    endloop
  endfacet
  facet normal 0 1 0
    outer loop
      vertex -1121.4102848838318 -670 561.7555226753925
      vertex -1093.303898630087 -670 567.9865584940287
      vertex -1113.1280754405511 -670 530.8458962341424
    endloop
  endfacet
  facet normal 0 1 0
    outer loop
      vertex -1093.303898630087 -670 567.9865584940287
      vertex -1064.7613951067272 -670 571.744250370276
      vertex -1087.7471569447453 -670 536.4727103976379
    endloop
  endfacet
  facet normal 0 1 0
    outer loop
      vertex -1036 -670 573
      vertex -1036 -670 541
      vertex -1061.9724113388022 -670 539.8660200313402
    endloop
  endfacet
  facet normal 0 1 0
    outer loop
      vertex -1064.7613951067272 -670 571.744250370276
      vertex -1036 -670 573
      vertex -1061.9724113388022 -670 539.8660200313402
    endloop
  endfacet
  facet normal 0 1 0
    outer loop
      vertex -846.7197760041548 -670 513.3201746153673
      vertex -865.0742219673882 -670 487.10730919811954
      vertex -887 -670 501.0755703277627
    endloop
  endfacet
  facet normal 0 -1 0
    outer loop
      vertex -871 -720 528.7883832488648
      vertex -887 -720 501.0755703277627
      vertex -865.0742219673882 -720 487.10730919811954
    endloop
  endfacet
  facet normal 0 -1 0
    outer loop
      vertex -871 -720 528.7883832488648
      vertex -865.0742219673882 -720 487.10730919811954
      vertex -846.7197760041548 -720 513.3201746153673
    endloop
  endfacet
  facet normal 0 -1 0
    outer loop
      vertex -896.5359736255692 -720 542.0815697220944
      vertex -910.0597580012716 -720 513.0797205369217
      vertex -887 -720 501.0755703277627
    endloop
  endfacet
  facet normal 0 -1 0
    outer loop
      vertex -896.5359736255692 -720 542.0815697220944
      vertex -887 -720 501.0755703277627
      vertex -871 -720 528.7883832488648
    endloop
  endfacet
  facet normal 0.5372996083468256 0 0.8433914458128845
    outer loop
      vertex -871 -670 528.7883832488648
      vertex -871 -720 528.7883832488648
      vertex -846.7197760041548 -670 513.3201746153673
    endloop
  endfacet
  facet normal 0 1 0
    outer loop
      vertex -871 -670 528.7883832488648
      vertex -887 -670 501.0755703277627
      vertex -910.0597580012716 -670 513.0797205369217
    endloop
  endfacet
  facet normal 0 1 0
    outer loop
      vertex -871 -670 528.7883832488648
      vertex -846.7197760041548 -670 513.3201746153673
      vertex -887 -670 501.0755703277627
    endloop
  endfacet
  facet normal 0 1 0
    outer loop
      vertex -896.5359736255692 -670 542.0815697220944
      vertex -910.0597580012716 -670 513.0797205369217
      vertex -934.0779972889508 -670 523.0284009942006
    endloop
  endfacet
  facet normal 0 -1 0
    outer loop
      vertex -846.7197760041548 -720 513.3201746153673
      vertex -865.0742219673882 -720 487.10730919811954
      vertex -844.4492923134113 -720 471.28124404945544
    endloop
  endfacet
  facet normal 0.6755902076156576 0 0.7372773368101265
    outer loop
      vertex -802.6547622084393 -670 476.3452377915607
      vertex -823.880088803442 -720 495.7946662292627
      vertex -802.6547622084393 -720 476.3452377915607
    endloop
  endfacet
  facet normal 0.6755902076156576 1.3353516671623664e-17 0.7372773368101265
    outer loop
      vertex -802.6547622084393 -670 476.3452377915607
      vertex -823.880088803442 -670 495.7946662292627
      vertex -823.880088803442 -720 495.7946662292627
    endloop
  endfacet
  facet normal 0 -1 0
    outer loop
      vertex -846.7197760041548 -720 513.3201746153673
      vertex -844.4492923134113 -720 471.28124404945544
      vertex -823.880088803442 -720 495.7946662292627
    endloop
  endfacet
  facet normal 0.6087614290087207 0 0.7933533402912352
    outer loop
      vertex -823.880088803442 -670 495.7946662292627
      vertex -846.7197760041548 -720 513.3201746153673
      vertex -823.880088803442 -720 495.7946662292627
    endloop
  endfacet
  facet normal 0 1 0
    outer loop
      vertex -823.880088803442 -670 495.7946662292627
      vertex -844.4492923134113 -670 471.28124404945544
      vertex -865.0742219673882 -670 487.10730919811954
    endloop
  endfacet
  facet normal 0 1 0
    outer loop
      vertex -846.7197760041548 -670 513.3201746153673
      vertex -823.880088803442 -670 495.7946662292627
      vertex -865.0742219673882 -670 487.10730919811954
    endloop
  endfacet
  facet normal 0.6087614290087207 0 0.7933533402912352
    outer loop
      vertex -846.7197760041548 -670 513.3201746153673
      vertex -846.7197760041548 -720 513.3201746153673
      vertex -823.880088803442 -670 495.7946662292627
    endloop
  endfacet
  facet normal 0.5372996083468256 0 0.8433914458128845
    outer loop
      vertex -846.7197760041548 -670 513.3201746153673
      vertex -871 -720 528.7883832488648
      vertex -846.7197760041548 -720 513.3201746153673
    endloop
  endfacet
  facet normal 0 -1 0
    outer loop
      vertex -1007.2386048932728 -720 571.744250370276
      vertex -1010.0275886611979 -720 539.8660200313402
      vertex -984.2528430552547 -720 536.4727103976379
    endloop
  endfacet
  facet normal 0 -1 0
    outer loop
      vertex -950.5897151161681 -720 561.7555226753925
      vertex -958.8719245594489 -720 530.8458962341424
      vertex -934.0779972889508 -720 523.0284009942006
    endloop
  endfacet
  facet normal 0 -1 0
    outer loop
      vertex -978.696101369913 -720 567.9865584940287
      vertex -984.2528430552547 -720 536.4727103976379
      vertex -958.8719245594489 -720 530.8458962341424
    endloop
  endfacet
  facet normal 0 1 0
    outer loop
      vertex -978.696101369913 -670 567.9865584940287
      vertex -984.2528430552547 -670 536.4727103976379
      vertex -1010.0275886611979 -670 539.8660200313402
    endloop
  endfacet
  facet normal 0 1 0
    outer loop
      vertex -950.5897151161681 -670 561.7555226753925
      vertex -958.8719245594489 -670 530.8458962341424
      vertex -984.2528430552547 -670 536.4727103976379
    endloop
  endfacet
  facet normal 0 -1 0
    outer loop
      vertex -923.1333527025294 -720 553.0985648593498
      vertex -934.0779972889508 -720 523.0284009942006
      vertex -910.0597580012716 -720 513.0797205369217
    endloop
  endfacet
  facet normal 0 -1 0
    outer loop
      vertex -923.1333527025294 -720 553.0985648593498
      vertex -910.0597580012716 -720 513.0797205369217
      vertex -896.5359736255692 -720 542.0815697220944
    endloop
  endfacet
  facet normal 0.46174861323503075 0 0.8870108331782233
    outer loop
      vertex -871 -670 528.7883832488648
      vertex -896.5359736255692 -720 542.0815697220944
      vertex -871 -720 528.7883832488648
    endloop
  endfacet
  facet normal 0.46174861323503075 0 0.8870108331782233
    outer loop
      vertex -896.5359736255692 -670 542.0815697220944
      vertex -896.5359736255692 -720 542.0815697220944
      vertex -871 -670 528.7883832488648
    endloop
  endfacet
  facet normal 0 -1 0
    outer loop
      vertex -950.5897151161681 -720 561.7555226753925
      vertex -934.0779972889508 -720 523.0284009942006
      vertex -923.1333527025294 -720 553.0985648593498
    endloop
  endfacet
  facet normal 0.3826834323650945 0 0.9238795325112847
    outer loop
      vertex -896.5359736255692 -670 542.0815697220944
      vertex -923.1333527025294 -720 553.0985648593498
      vertex -896.5359736255692 -720 542.0815697220944
    endloop
  endfacet
  facet normal 0.3826834323650945 0 0.9238795325112847
    outer loop
      vertex -923.1333527025294 -670 553.0985648593498
      vertex -923.1333527025294 -720 553.0985648593498
      vertex -896.5359736255692 -670 542.0815697220944
    endloop
  endfacet
  facet normal 0 1 0
    outer loop
      vertex -923.1333527025294 -670 553.0985648593498
      vertex -934.0779972889508 -670 523.0284009942006
      vertex -958.8719245594489 -670 530.8458962341424
    endloop
  endfacet
  facet normal 0 1 0
    outer loop
      vertex -896.5359736255692 -670 542.0815697220944
      vertex -871 -670 528.7883832488648
      vertex -910.0597580012716 -670 513.0797205369217
    endloop
  endfacet
  facet normal 0 1 0
    outer loop
      vertex -923.1333527025294 -670 553.0985648593498
      vertex -896.5359736255692 -670 542.0815697220944
      vertex -934.0779972889508 -670 523.0284009942006
    endloop
  endfacet
  facet normal 0 1 0
    outer loop
      vertex -950.5897151161681 -670 561.7555226753925
      vertex -923.1333527025294 -670 553.0985648593498
      vertex -958.8719245594489 -670 530.8458962341424
    endloop
  endfacet
  facet normal 0 -1 0
    outer loop
      vertex -1036 -720 573
      vertex -1036 -720 541
      vertex -1010.0275886611979 -720 539.8660200313402
    endloop
  endfacet
  facet normal 0 -1 0
    outer loop
      vertex -1007.2386048932728 -720 571.744250370276
      vertex -984.2528430552547 -720 536.4727103976379
      vertex -978.696101369913 -720 567.9865584940287
    endloop
  endfacet
  facet normal 0 -1 0
    outer loop
      vertex -978.696101369913 -720 567.9865584940287
      vertex -958.8719245594489 -720 530.8458962341424
      vertex -950.5897151161681 -720 561.7555226753925
    endloop
  endfacet
  facet normal 0 -1 0
    outer loop
      vertex -1036 -720 573
      vertex -1010.0275886611979 -720 539.8660200313402
      vertex -1007.2386048932728 -720 571.744250370276
    endloop
  endfacet
  facet normal 0.043619387365338706 0 0.9990482215818576
    outer loop
      vertex -1007.2386048932728 -670 571.744250370276
      vertex -1036 -720 573
      vertex -1007.2386048932728 -720 571.744250370276
    endloop
  endfacet
  facet normal 0.1305261922200469 0 0.991444861373811
    outer loop
      vertex -978.696101369913 -670 567.9865584940287
      vertex -1007.2386048932728 -720 571.744250370276
      vertex -978.696101369913 -720 567.9865584940287
    endloop
  endfacet
  facet normal 0.043619387365338706 0 0.9990482215818576
    outer loop
      vertex -1036 -670 573
      vertex -1036 -720 573
      vertex -1007.2386048932728 -670 571.744250370276
    endloop
  endfacet
  facet normal 0.1305261922200469 0 0.991444861373811
    outer loop
      vertex -1007.2386048932728 -670 571.744250370276
      vertex -1007.2386048932728 -720 571.744250370276
      vertex -978.696101369913 -670 567.9865584940287
    endloop
  endfacet
  facet normal 0.21643961393810524 0 0.9762960071199328
    outer loop
      vertex -950.5897151161681 -670 561.7555226753925
      vertex -978.696101369913 -720 567.9865584940287
      vertex -950.5897151161681 -720 561.7555226753925
    endloop
  endfacet
  facet normal 0.21643961393810524 0 0.9762960071199328
    outer loop
      vertex -978.696101369913 -670 567.9865584940287
      vertex -978.696101369913 -720 567.9865584940287
      vertex -950.5897151161681 -670 561.7555226753925
    endloop
  endfacet
  facet normal 0 1 0
    outer loop
      vertex -1007.2386048932728 -670 571.744250370276
      vertex -1010.0275886611979 -670 539.8660200313402
      vertex -1036 -670 541
    endloop
  endfacet
  facet normal 0 1 0
    outer loop
      vertex -1007.2386048932728 -670 571.744250370276
      vertex -978.696101369913 -670 567.9865584940287
      vertex -1010.0275886611979 -670 539.8660200313402
    endloop
  endfacet
  facet normal 0 1 0
    outer loop
      vertex -978.696101369913 -670 567.9865584940287
      vertex -950.5897151161681 -670 561.7555226753925
      vertex -984.2528430552547 -670 536.4727103976379
    endloop
  endfacet
  facet normal 0 1 0
    outer loop
      vertex -1036 -670 573
      vertex -1007.2386048932728 -670 571.744250370276
      vertex -1036 -670 541
    endloop
  endfacet
  facet normal 0.30070579950427084 0 0.9537169507482277
    outer loop
      vertex -923.1333527025294 -670 553.0985648593498
      vertex -950.5897151161681 -720 561.7555226753925
      vertex -923.1333527025294 -720 553.0985648593498
    endloop
  endfacet
  facet normal 0.30070579950427084 0 0.9537169507482277
    outer loop
      vertex -950.5897151161681 -670 561.7555226753925
      vertex -950.5897151161681 -720 561.7555226753925
      vertex -923.1333527025294 -670 553.0985648593498
    endloop
  endfacet
  facet normal 0 -1 0
    outer loop
      vertex -1363.2646599666787 670 203
      vertex -1331.0192529489648 670 203
      vertex -1332.8660200313402 670 217.02758866119785
    endloop
  endfacet
  facet normal 0 -1 0
    outer loop
      vertex -1363.2646599666787 670 203
      vertex -1332.8660200313402 670 217.02758866119785
      vertex -1334 670 243
    endloop
  endfacet
  facet normal -0.9914448613738106 0 -0.13052619222005105
    outer loop
      vertex -1364.744250370276 720 214.2386048932728
      vertex -1363.2646599666787 670 203
      vertex -1364.744250370276 670 214.2386048932728
    endloop
  endfacet
  facet normal -0.9914448613738106 -2.264009992202906e-18 -0.13052619222005105
    outer loop
      vertex -1364.744250370276 720 214.2386048932728
      vertex -1363.2646599666787 720 203
      vertex -1363.2646599666787 670 203
    endloop
  endfacet
  facet normal 0 1 0
    outer loop
      vertex -1363.2646599666787 720 203
      vertex -1332.8660200313402 720 217.02758866119785
      vertex -1331.0192529489648 720 203
    endloop
  endfacet
  facet normal -0.9990482215818576 0 -0.04361938736533862
    outer loop
      vertex -1364.744250370276 720 214.2386048932728
      vertex -1364.744250370276 670 214.2386048932728
      vertex -1366 670 243
    endloop
  endfacet
  facet normal 0 1 0
    outer loop
      vertex -1363.2646599666787 720 203
      vertex -1334 720 243
      vertex -1332.8660200313402 720 217.02758866119785
    endloop
  endfacet
  facet normal 0 -1 0
    outer loop
      vertex -1364.744250370276 670 214.2386048932728
      vertex -1363.2646599666787 670 203
      vertex -1364.744250370276 670 271.7613951067272
    endloop
  endfacet
  facet normal 0 -1 0
    outer loop
      vertex -1364.744250370276 670 214.2386048932728
      vertex -1364.744250370276 670 271.7613951067272
      vertex -1366 670 243
    endloop
  endfacet
  facet normal -0.9990482215818576 -2.0803721943913287e-18 -0.04361938736533862
    outer loop
      vertex -1364.744250370276 720 214.2386048932728
      vertex -1366 670 243
      vertex -1366 720 243
    endloop
  endfacet
  facet normal 0 1 0
    outer loop
      vertex -1364.744250370276 720 214.2386048932728
      vertex -1360.9865584940287 720 300.303898630087
      vertex -1363.2646599666787 720 203
    endloop
  endfacet
  facet normal 0 1 0
    outer loop
      vertex -1364.744250370276 720 214.2386048932728
      vertex -1366 720 243
      vertex -1364.744250370276 720 271.7613951067272
    endloop
  endfacet
  facet normal 0 -1 0
    outer loop
      vertex -1364.744250370276 670 271.7613951067272
      vertex -1363.2646599666787 670 203
      vertex -1360.9865584940287 670 300.303898630087
    endloop
  endfacet
  facet normal -0.9990482215818576 0 0.04361938736533862
    outer loop
      vertex -1366 720 243
      vertex -1366 670 243
      vertex -1364.744250370276 670 271.7613951067272
    endloop
  endfacet
  facet normal -0.9990482215818576 2.0803721943913287e-18 0.04361938736533862
    outer loop
      vertex -1366 720 243
      vertex -1364.744250370276 670 271.7613951067272
      vertex -1364.744250370276 720 271.7613951067272
    endloop
  endfacet
  facet normal 0 1 0
    outer loop
      vertex -1364.744250370276 720 214.2386048932728
      vertex -1364.744250370276 720 271.7613951067272
      vertex -1360.9865584940287 720 300.303898630087
    endloop
  endfacet
  facet normal 0 -1 0
    outer loop
      vertex -1360.9865584940287 670 300.303898630087
      vertex -1363.2646599666787 670 203
      vertex -1354.7555226753925 670 328.4102848838319
    endloop
  endfacet
  facet normal 0 -1 0
    outer loop
      vertex -1335.0815697220944 670 382.4640263744308
      vertex -1363.2646599666787 670 203
      vertex -1334 670 243
    endloop
  endfacet
  facet normal -0.991444861373811 0 0.1305261922200472
    outer loop
      vertex -1364.744250370276 720 271.7613951067272
      vertex -1364.744250370276 670 271.7613951067272
      vertex -1360.9865584940287 670 300.303898630087
    endloop
  endfacet
  facet normal 0 1 0
    outer loop
      vertex -1360.9865584940287 720 300.303898630087
      vertex -1354.7555226753925 720 328.4102848838319
      vertex -1363.2646599666787 720 203
    endloop
  endfacet
  facet normal 0 1 0
    outer loop
      vertex -1335.0815697220944 720 382.4640263744308
      vertex -1334 720 243
      vertex -1363.2646599666787 720 203
    endloop
  endfacet
  facet normal -0.991444861373811 2.809527856051213e-20 0.1305261922200472
    outer loop
      vertex -1364.744250370276 720 271.7613951067272
      vertex -1360.9865584940287 670 300.303898630087
      vertex -1360.9865584940287 720 300.303898630087
    endloop
  endfacet
  facet normal 0 -1 0
    outer loop
      vertex -708.7353400333213 670 203
      vertex -739.1339799686598 670 217.02758866119785
      vertex -740.9807470510352 670 203
    endloop
  endfacet
  facet normal 0 -1 0
    outer loop
      vertex -708.7353400333213 670 203
      vertex -738 670 243
      vertex -739.1339799686598 670 217.02758866119785
    endloop
  endfacet
  facet normal 0.9914448613738106 2.264009992202906e-18 -0.13052619222005105
    outer loop
      vertex -707.255749629724 670 214.2386048932728
      vertex -708.7353400333213 670 203
      vertex -708.7353400333213 720 203
    endloop
  endfacet
  facet normal 0 1 0
    outer loop
      vertex -708.7353400333213 720 203
      vertex -740.9807470510352 720 203
      vertex -739.1339799686598 720 217.02758866119785
    endloop
  endfacet
  facet normal 0.9914448613738106 0 -0.13052619222005105
    outer loop
      vertex -707.255749629724 720 214.2386048932728
      vertex -707.255749629724 670 214.2386048932728
      vertex -708.7353400333213 720 203
    endloop
  endfacet
  facet normal 0 1 0
    outer loop
      vertex -708.7353400333213 720 203
      vertex -739.1339799686598 720 217.02758866119785
      vertex -738 720 243
    endloop
  endfacet
  facet normal 0.9990482215818576 0 -0.04361938736533862
    outer loop
      vertex -707.255749629724 720 214.2386048932728
      vertex -706 720 243
      vertex -707.255749629724 670 214.2386048932728
    endloop
  endfacet
  facet normal 0 -1 0
    outer loop
      vertex -707.255749629724 670 214.2386048932728
      vertex -711.0134415059713 670 300.303898630087
      vertex -708.7353400333213 670 203
    endloop
  endfacet
  facet normal 0 -1 0
    outer loop
      vertex -707.255749629724 670 214.2386048932728
      vertex -706 670 243
      vertex -707.255749629724 670 271.7613951067272
    endloop
  endfacet
  facet normal 0.9990482215818576 2.0803721943913287e-18 -0.04361938736533862
    outer loop
      vertex -707.255749629724 670 214.2386048932728
      vertex -706 720 243
      vertex -706 670 243
    endloop
  endfacet
  facet normal 0 1 0
    outer loop
      vertex -707.255749629724 720 214.2386048932728
      vertex -708.7353400333213 720 203
      vertex -707.255749629724 720 271.7613951067272
    endloop
  endfacet
  facet normal 0 1 0
    outer loop
      vertex -707.255749629724 720 214.2386048932728
      vertex -707.255749629724 720 271.7613951067272
      vertex -706 720 243
    endloop
  endfacet
  facet normal 0 -1 0
    outer loop
      vertex -707.255749629724 670 214.2386048932728
      vertex -707.255749629724 670 271.7613951067272
      vertex -711.0134415059713 670 300.303898630087
    endloop
  endfacet
  facet normal 0.9990482215818576 0 0.04361938736533862
    outer loop
      vertex -706 720 243
      vertex -707.255749629724 720 271.7613951067272
      vertex -706 670 243
    endloop
  endfacet
  facet normal 0 1 0
    outer loop
      vertex -707.255749629724 720 271.7613951067272
      vertex -708.7353400333213 720 203
      vertex -711.0134415059713 720 300.303898630087
    endloop
  endfacet
  facet normal 0.9990482215818576 0 0.04361938736533862
    outer loop
      vertex -707.255749629724 720 271.7613951067272
      vertex -707.255749629724 670 271.7613951067272
      vertex -706 670 243
    endloop
  endfacet
  facet normal 0 -1 0
    outer loop
      vertex -736.9184302779056 670 382.4640263744308
      vertex -738 670 243
      vertex -708.7353400333213 670 203
    endloop
  endfacet
  facet normal 0 -1 0
    outer loop
      vertex -711.0134415059713 670 300.303898630087
      vertex -717.2444773246075 670 328.4102848838319
      vertex -708.7353400333213 670 203
    endloop
  endfacet
  facet normal 0 1 0
    outer loop
      vertex -736.9184302779056 720 382.4640263744308
      vertex -708.7353400333213 720 203
      vertex -738 720 243
    endloop
  endfacet
  facet normal 0 1 0
    outer loop
      vertex -711.0134415059713 720 300.303898630087
      vertex -708.7353400333213 720 203
      vertex -717.2444773246075 720 328.4102848838319
    endloop
  endfacet
  facet normal 0.991444861373811 0 0.1305261922200472
    outer loop
      vertex -707.255749629724 720 271.7613951067272
      vertex -711.0134415059713 720 300.303898630087
      vertex -707.255749629724 670 271.7613951067272
    endloop
  endfacet
  facet normal 0.991444861373811 0 0.1305261922200472
    outer loop
      vertex -711.0134415059713 720 300.303898630087
      vertex -711.0134415059713 670 300.303898630087
      vertex -707.255749629724 670 271.7613951067272
    endloop
  endfacet
  facet normal 0 -1 0
    outer loop
      vertex -1354.7555226753925 670 328.4102848838319
      vertex -1363.2646599666787 670 203
      vertex -1346.0985648593498 670 355.86664729747065
    endloop
  endfacet
  facet normal 0 -1 0
    outer loop
      vertex -1335.0815697220944 670 382.4640263744308
      vertex -1334 670 243
      vertex -1332.8660200313402 670 268.97241133880215
    endloop
  endfacet
  facet normal 0 -1 0
    outer loop
      vertex -1346.0985648593498 670 355.86664729747065
      vertex -1363.2646599666787 670 203
      vertex -1335.0815697220944 670 382.4640263744308
    endloop
  endfacet
  facet normal 0 -1 0
    outer loop
      vertex -1335.0815697220944 670 382.4640263744308
      vertex -1332.8660200313402 670 268.97241133880215
      vertex -1329.472710397638 670 294.74715694474526
    endloop
  endfacet
  facet normal 0 1 0
    outer loop
      vertex -1354.7555226753925 720 328.4102848838319
      vertex -1346.0985648593498 720 355.86664729747065
      vertex -1363.2646599666787 720 203
    endloop
  endfacet
  facet normal 0 1 0
    outer loop
      vertex -1335.0815697220944 720 382.4640263744308
      vertex -1332.8660200313402 720 268.97241133880215
      vertex -1334 720 243
    endloop
  endfacet
  facet normal -0.9762960071199328 0 0.21643961393810524
    outer loop
      vertex -1360.9865584940287 720 300.303898630087
      vertex -1360.9865584940287 670 300.303898630087
      vertex -1354.7555226753925 670 328.4102848838319
    endloop
  endfacet
  facet normal 0 1 0
    outer loop
      vertex -1346.0985648593498 720 355.86664729747065
      vertex -1335.0815697220944 720 382.4640263744308
      vertex -1363.2646599666787 720 203
    endloop
  endfacet
  facet normal 0 1 0
    outer loop
      vertex -1335.0815697220944 720 382.4640263744308
      vertex -1329.472710397638 720 294.74715694474526
      vertex -1332.8660200313402 720 268.97241133880215
    endloop
  endfacet
  facet normal 0 -1 0
    outer loop
      vertex -1335.0815697220944 670 382.4640263744308
      vertex -1329.472710397638 670 294.74715694474526
      vertex -1323.8458962341424 670 320.1280754405512
    endloop
  endfacet
  facet normal -0.9762960071199328 7.613173245540173e-18 0.21643961393810524
    outer loop
      vertex -1360.9865584940287 720 300.303898630087
      vertex -1354.7555226753925 670 328.4102848838319
      vertex -1354.7555226753925 720 328.4102848838319
    endloop
  endfacet
  facet normal -0.9537169507482277 0 0.30070579950427084
    outer loop
      vertex -1354.7555226753925 720 328.4102848838319
      vertex -1354.7555226753925 670 328.4102848838319
      vertex -1346.0985648593498 670 355.86664729747065
    endloop
  endfacet
  facet normal 0 1 0
    outer loop
      vertex -1321.7883832488646 720 408
      vertex -1323.8458962341424 720 320.1280754405512
      vertex -1329.472710397638 720 294.74715694474526
    endloop
  endfacet
  facet normal 0 -1 0
    outer loop
      vertex -1335.0815697220944 670 382.4640263744308
      vertex -1323.8458962341424 670 320.1280754405512
      vertex -1316.0284009942006 670 344.9220027110493
    endloop
  endfacet
  facet normal -0.9537169507482277 2.8398438900701496e-18 0.30070579950427084
    outer loop
      vertex -1354.7555226753925 720 328.4102848838319
      vertex -1346.0985648593498 670 355.86664729747065
      vertex -1346.0985648593498 720 355.86664729747065
    endloop
  endfacet
  facet normal -0.9238795325112847 0 0.3826834323650945
    outer loop
      vertex -1346.0985648593498 720 355.86664729747065
      vertex -1346.0985648593498 670 355.86664729747065
      vertex -1335.0815697220944 670 382.4640263744308
    endloop
  endfacet
  facet normal 0 1 0
    outer loop
      vertex -1335.0815697220944 720 382.4640263744308
      vertex -1321.7883832488646 720 408
      vertex -1329.472710397638 720 294.74715694474526
    endloop
  endfacet
  facet normal 0 1 0
    outer loop
      vertex -1321.7883832488646 720 408
      vertex -1316.0284009942006 720 344.9220027110493
      vertex -1323.8458962341424 720 320.1280754405512
    endloop
  endfacet
  facet normal 0 -1 0
    outer loop
      vertex -1321.7883832488646 670 408
      vertex -1316.0284009942006 670 344.9220027110493
      vertex -1306.0797205369217 670 368.9402419987284
    endloop
  endfacet
  facet normal 0 -1 0
    outer loop
      vertex -1335.0815697220944 670 382.4640263744308
      vertex -1316.0284009942006 670 344.9220027110493
      vertex -1321.7883832488646 670 408
    endloop
  endfacet
  facet normal -0.9238795325112847 -9.794246991839041e-18 0.3826834323650945
    outer loop
      vertex -1346.0985648593498 720 355.86664729747065
      vertex -1335.0815697220944 670 382.4640263744308
      vertex -1335.0815697220944 720 382.4640263744308
    endloop
  endfacet
  facet normal 0 1 0
    outer loop
      vertex -1306.3201746153673 720 432.2802239958452
      vertex -1306.0797205369217 720 368.9402419987284
      vertex -1316.0284009942006 720 344.9220027110493
    endloop
  endfacet
  facet normal 0 -1 0
    outer loop
      vertex -736.9184302779056 670 382.4640263744308
      vertex -739.1339799686598 670 268.97241133880215
      vertex -738 670 243
    endloop
  endfacet
  facet normal 0 -1 0
    outer loop
      vertex -717.2444773246075 670 328.4102848838319
      vertex -725.9014351406502 670 355.86664729747065
      vertex -708.7353400333213 670 203
    endloop
  endfacet
  facet normal 0 -1 0
    outer loop
      vertex -736.9184302779056 670 382.4640263744308
      vertex -742.5272896023621 670 294.74715694474526
      vertex -739.1339799686598 670 268.97241133880215
    endloop
  endfacet
  facet normal 0 -1 0
    outer loop
      vertex -725.9014351406502 670 355.86664729747065
      vertex -736.9184302779056 670 382.4640263744308
      vertex -708.7353400333213 670 203
    endloop
  endfacet
  facet normal 0 1 0
    outer loop
      vertex -736.9184302779056 720 382.4640263744308
      vertex -738 720 243
      vertex -739.1339799686598 720 268.97241133880215
    endloop
  endfacet
  facet normal 0 1 0
    outer loop
      vertex -717.2444773246075 720 328.4102848838319
      vertex -708.7353400333213 720 203
      vertex -725.9014351406502 720 355.86664729747065
    endloop
  endfacet
  facet normal 0 1 0
    outer loop
      vertex -736.9184302779056 720 382.4640263744308
      vertex -739.1339799686598 720 268.97241133880215
      vertex -742.5272896023621 720 294.74715694474526
    endloop
  endfacet
  facet normal 0.9762960071199328 0 0.21643961393810524
    outer loop
      vertex -711.0134415059713 720 300.303898630087
      vertex -717.2444773246075 720 328.4102848838319
      vertex -711.0134415059713 670 300.303898630087
    endloop
  endfacet
  facet normal 0 1 0
    outer loop
      vertex -725.9014351406502 720 355.86664729747065
      vertex -708.7353400333213 720 203
      vertex -736.9184302779056 720 382.4640263744308
    endloop
  endfacet
  facet normal 0 -1 0
    outer loop
      vertex -750.2116167511352 670 408
      vertex -748.1541037658576 670 320.1280754405512
      vertex -742.5272896023621 670 294.74715694474526
    endloop
  endfacet
  facet normal 0.9762960071199328 0 0.21643961393810524
    outer loop
      vertex -717.2444773246075 720 328.4102848838319
      vertex -717.2444773246075 670 328.4102848838319
      vertex -711.0134415059713 670 300.303898630087
    endloop
  endfacet
  facet normal 0 1 0
    outer loop
      vertex -736.9184302779056 720 382.4640263744308
      vertex -742.5272896023621 720 294.74715694474526
      vertex -748.1541037658576 720 320.1280754405512
    endloop
  endfacet
  facet normal 0.9537169507482277 0 0.30070579950427084
    outer loop
      vertex -717.2444773246075 720 328.4102848838319
      vertex -725.9014351406502 720 355.86664729747065
      vertex -717.2444773246075 670 328.4102848838319
    endloop
  endfacet
  facet normal 0 -1 0
    outer loop
      vertex -750.2116167511352 670 408
      vertex -755.9715990057994 670 344.9220027110493
      vertex -748.1541037658576 670 320.1280754405512
    endloop
  endfacet
  facet normal 0 -1 0
    outer loop
      vertex -736.9184302779056 670 382.4640263744308
      vertex -750.2116167511352 670 408
      vertex -742.5272896023621 670 294.74715694474526
    endloop
  endfacet
  facet normal 0 1 0
    outer loop
      vertex -736.9184302779056 720 382.4640263744308
      vertex -748.1541037658576 720 320.1280754405512
      vertex -755.9715990057994 720 344.9220027110493
    endloop
  endfacet
  facet normal 0.9537169507482277 0 0.30070579950427084
    outer loop
      vertex -725.9014351406502 720 355.86664729747065
      vertex -725.9014351406502 670 355.86664729747065
      vertex -717.2444773246075 670 328.4102848838319
    endloop
  endfacet
  facet normal 0.9238795325112847 0 0.3826834323650945
    outer loop
      vertex -725.9014351406502 720 355.86664729747065
      vertex -736.9184302779056 720 382.4640263744308
      vertex -725.9014351406502 670 355.86664729747065
    endloop
  endfacet
  facet normal 0 -1 0
    outer loop
      vertex -765.6798253846327 670 432.2802239958452
      vertex -765.9202794630783 670 368.9402419987284
      vertex -755.9715990057994 670 344.9220027110493
    endloop
  endfacet
  facet normal 0 1 0
    outer loop
      vertex -750.2116167511352 720 408
      vertex -755.9715990057994 720 344.9220027110493
      vertex -765.9202794630783 720 368.9402419987284
    endloop
  endfacet
  facet normal 0.9238795325112847 0 0.3826834323650945
    outer loop
      vertex -736.9184302779056 720 382.4640263744308
      vertex -736.9184302779056 670 382.4640263744308
      vertex -725.9014351406502 670 355.86664729747065
    endloop
  endfacet
  facet normal 0 1 0
    outer loop
      vertex -736.9184302779056 720 382.4640263744308
      vertex -755.9715990057994 720 344.9220027110493
      vertex -750.2116167511352 720 408
    endloop
  endfacet
  facet normal 0 -1 0
    outer loop
      vertex -1306.3201746153673 670 432.2802239958452
      vertex -1306.0797205369217 670 368.9402419987284
      vertex -1294.0755703277628 670 392
    endloop
  endfacet
  facet normal 0 -1 0
    outer loop
      vertex -1321.7883832488646 670 408
      vertex -1306.0797205369217 670 368.9402419987284
      vertex -1306.3201746153673 670 432.2802239958452
    endloop
  endfacet
  facet normal -0.8870108331782218 0 0.46174861323503386
    outer loop
      vertex -1335.0815697220944 720 382.4640263744308
      vertex -1335.0815697220944 670 382.4640263744308
      vertex -1321.7883832488646 670 408
    endloop
  endfacet
  facet normal -0.8870108331782218 1.1331863101629505e-17 0.46174861323503386
    outer loop
      vertex -1335.0815697220944 720 382.4640263744308
      vertex -1321.7883832488646 670 408
      vertex -1321.7883832488646 720 408
    endloop
  endfacet
  facet normal 0 1 0
    outer loop
      vertex -1321.7883832488646 720 408
      vertex -1306.3201746153673 720 432.2802239958452
      vertex -1316.0284009942006 720 344.9220027110493
    endloop
  endfacet
  facet normal 0 1 0
    outer loop
      vertex -1306.3201746153673 720 432.2802239958452
      vertex -1294.0755703277628 720 392
      vertex -1306.0797205369217 720 368.9402419987284
    endloop
  endfacet
  facet normal 0 -1 0
    outer loop
      vertex -1306.3201746153673 670 432.2802239958452
      vertex -1294.0755703277628 670 392
      vertex -1280.1073091981195 670 413.92577803261173
    endloop
  endfacet
  facet normal 0 -1 0
    outer loop
      vertex -1306.3201746153673 670 432.2802239958452
      vertex -1280.1073091981195 670 413.92577803261173
      vertex -1288.7946662292627 670 455.11991119655795
    endloop
  endfacet
  facet normal -0.8433914458128864 0 0.5372996083468228
    outer loop
      vertex -1321.7883832488646 720 408
      vertex -1321.7883832488646 670 408
      vertex -1306.3201746153673 670 432.2802239958452
    endloop
  endfacet
  facet normal 0 1 0
    outer loop
      vertex -1288.7946662292627 720 455.11991119655795
      vertex -1280.1073091981195 720 413.92577803261173
      vertex -1294.0755703277628 720 392
    endloop
  endfacet
  facet normal -0.8433914458128864 2.5796718983064254e-18 0.5372996083468228
    outer loop
      vertex -1321.7883832488646 720 408
      vertex -1306.3201746153673 670 432.2802239958452
      vertex -1306.3201746153673 720 432.2802239958452
    endloop
  endfacet
  facet normal 0 1 0
    outer loop
      vertex -1306.3201746153673 720 432.2802239958452
      vertex -1288.7946662292627 720 455.11991119655795
      vertex -1294.0755703277628 720 392
    endloop
  endfacet
  facet normal -0.7933533402912352 0 0.6087614290087207
    outer loop
      vertex -1306.3201746153673 720 432.2802239958452
      vertex -1306.3201746153673 670 432.2802239958452
      vertex -1288.7946662292627 670 455.11991119655795
    endloop
  endfacet
  facet normal -0.7933533402912352 -1.2038432367463448e-17 0.6087614290087207
    outer loop
      vertex -1306.3201746153673 720 432.2802239958452
      vertex -1288.7946662292627 670 455.11991119655795
      vertex -1288.7946662292627 720 455.11991119655795
    endloop
  endfacet
  facet normal 0 -1 0
    outer loop
      vertex -1288.7946662292627 670 455.11991119655795
      vertex -1280.1073091981195 670 413.92577803261173
      vertex -1264.2812440494554 670 434.5507076865887
    endloop
  endfacet
  facet normal 0 -1 0
    outer loop
      vertex -1288.7946662292627 670 455.11991119655795
      vertex -1264.2812440494554 670 434.5507076865887
      vertex -1269.3452377915607 670 476.3452377915607
    endloop
  endfacet
  facet normal 0 -1 0
    outer loop
      vertex -1269.3452377915607 670 476.3452377915607
      vertex -1264.2812440494554 670 434.5507076865887
      vertex -1246.7178207935913 670 453.71782079359116
    endloop
  endfacet
  facet normal 0 1 0
    outer loop
      vertex -1269.3452377915607 720 476.3452377915607
      vertex -1264.2812440494554 720 434.5507076865887
      vertex -1280.1073091981195 720 413.92577803261173
    endloop
  endfacet
  facet normal 0 1 0
    outer loop
      vertex -1288.7946662292627 720 455.11991119655795
      vertex -1269.3452377915607 720 476.3452377915607
      vertex -1280.1073091981195 720 413.92577803261173
    endloop
  endfacet
  facet normal -0.7372773368101266 0 0.6755902076156574
    outer loop
      vertex -1288.7946662292627 720 455.11991119655795
      vertex -1288.7946662292627 670 455.11991119655795
      vertex -1269.3452377915607 670 476.3452377915607
    endloop
  endfacet
  facet normal 0 -1 0
    outer loop
      vertex -1248.119911196558 670 495.7946662292627
      vertex -1246.7178207935913 670 453.71782079359116
      vertex -1227.5507076865888 670 471.28124404945544
    endloop
  endfacet
  facet normal 0 -1 0
    outer loop
      vertex -1269.3452377915607 670 476.3452377915607
      vertex -1246.7178207935913 670 453.71782079359116
      vertex -1248.119911196558 670 495.7946662292627
    endloop
  endfacet
  facet normal 0 1 0
    outer loop
      vertex -1248.119911196558 720 495.7946662292627
      vertex -1246.7178207935913 720 453.71782079359116
      vertex -1264.2812440494554 720 434.5507076865887
    endloop
  endfacet
  facet normal 0 1 0
    outer loop
      vertex -1269.3452377915607 720 476.3452377915607
      vertex -1248.119911196558 720 495.7946662292627
      vertex -1264.2812440494554 720 434.5507076865887
    endloop
  endfacet
  facet normal -0.7372773368101266 -5.096060572585091e-19 0.6755902076156574
    outer loop
      vertex -1288.7946662292627 720 455.11991119655795
      vertex -1269.3452377915607 670 476.3452377915607
      vertex -1269.3452377915607 720 476.3452377915607
    endloop
  endfacet
  facet normal 0 1 0
    outer loop
      vertex -1248.119911196558 720 495.7946662292627
      vertex -1227.5507076865888 720 471.28124404945544
      vertex -1246.7178207935913 720 453.71782079359116
    endloop
  endfacet
  facet normal 0 -1 0
    outer loop
      vertex -750.2116167511352 670 408
      vertex -765.6798253846327 670 432.2802239958452
      vertex -755.9715990057994 670 344.9220027110493
    endloop
  endfacet
  facet normal 0 -1 0
    outer loop
      vertex -765.6798253846327 670 432.2802239958452
      vertex -777.9244296722372 670 392
      vertex -765.9202794630783 670 368.9402419987284
    endloop
  endfacet
  facet normal 0.8870108331782233 0 0.46174861323503075
    outer loop
      vertex -750.2116167511352 720 408
      vertex -750.2116167511352 670 408
      vertex -736.9184302779056 670 382.4640263744308
    endloop
  endfacet
  facet normal 0.8870108331782233 0 0.46174861323503075
    outer loop
      vertex -736.9184302779056 720 382.4640263744308
      vertex -750.2116167511352 720 408
      vertex -736.9184302779056 670 382.4640263744308
    endloop
  endfacet
  facet normal 0 1 0
    outer loop
      vertex -765.6798253846327 720 432.2802239958452
      vertex -765.9202794630783 720 368.9402419987284
      vertex -777.9244296722372 720 392
    endloop
  endfacet
  facet normal 0 1 0
    outer loop
      vertex -750.2116167511352 720 408
      vertex -765.9202794630783 720 368.9402419987284
      vertex -765.6798253846327 720 432.2802239958452
    endloop
  endfacet
  facet normal 0 -1 0
    outer loop
      vertex -783.2053337707373 670 455.11991119655795
      vertex -791.8926908018805 670 413.92577803261173
      vertex -777.9244296722372 670 392
    endloop
  endfacet
  facet normal 0 1 0
    outer loop
      vertex -765.6798253846327 720 432.2802239958452
      vertex -777.9244296722372 720 392
      vertex -791.8926908018805 720 413.92577803261173
    endloop
  endfacet
  facet normal 0 1 0
    outer loop
      vertex -765.6798253846327 720 432.2802239958452
      vertex -791.8926908018805 720 413.92577803261173
      vertex -783.2053337707373 720 455.11991119655795
    endloop
  endfacet
  facet normal 0 -1 0
    outer loop
      vertex -765.6798253846327 670 432.2802239958452
      vertex -783.2053337707373 670 455.11991119655795
      vertex -777.9244296722372 670 392
    endloop
  endfacet
  facet normal 0.8433914458128845 0 0.5372996083468256
    outer loop
      vertex -750.2116167511352 720 408
      vertex -765.6798253846327 720 432.2802239958452
      vertex -750.2116167511352 670 408
    endloop
  endfacet
  facet normal 0.8433914458128845 0 0.5372996083468256
    outer loop
      vertex -765.6798253846327 720 432.2802239958452
      vertex -765.6798253846327 670 432.2802239958452
      vertex -750.2116167511352 670 408
    endloop
  endfacet
  facet normal 0 -1 0
    outer loop
      vertex -802.6547622084393 670 476.3452377915607
      vertex -807.7187559505446 670 434.5507076865887
      vertex -791.8926908018805 670 413.92577803261173
    endloop
  endfacet
  facet normal 0 -1 0
    outer loop
      vertex -802.6547622084393 670 476.3452377915607
      vertex -791.8926908018805 670 413.92577803261173
      vertex -783.2053337707373 670 455.11991119655795
    endloop
  endfacet
  facet normal 0 1 0
    outer loop
      vertex -783.2053337707373 720 455.11991119655795
      vertex -791.8926908018805 720 413.92577803261173
      vertex -807.7187559505446 720 434.5507076865887
    endloop
  endfacet
  facet normal 0.7933533402912352 0 0.6087614290087207
    outer loop
      vertex -783.2053337707373 720 455.11991119655795
      vertex -783.2053337707373 670 455.11991119655795
      vertex -765.6798253846327 670 432.2802239958452
    endloop
  endfacet
  facet normal 0 1 0
    outer loop
      vertex -802.6547622084393 720 476.3452377915607
      vertex -807.7187559505446 720 434.5507076865887
      vertex -825.2821792064088 720 453.71782079359116
    endloop
  endfacet
  facet normal 0 1 0
    outer loop
      vertex -802.6547622084393 720 476.3452377915607
      vertex -783.2053337707373 720 455.11991119655795
      vertex -807.7187559505446 720 434.5507076865887
    endloop
  endfacet
  facet normal 0.7933533402912352 0 0.6087614290087207
    outer loop
      vertex -765.6798253846327 720 432.2802239958452
      vertex -783.2053337707373 720 455.11991119655795
      vertex -765.6798253846327 670 432.2802239958452
    endloop
  endfacet
  facet normal 0 -1 0
    outer loop
      vertex -823.880088803442 670 495.7946662292627
      vertex -825.2821792064088 670 453.71782079359116
      vertex -807.7187559505446 670 434.5507076865887
    endloop
  endfacet
  facet normal 0 -1 0
    outer loop
      vertex -802.6547622084393 670 476.3452377915607
      vertex -823.880088803442 670 495.7946662292627
      vertex -807.7187559505446 670 434.5507076865887
    endloop
  endfacet
  facet normal 0 -1 0
    outer loop
      vertex -823.880088803442 670 495.7946662292627
      vertex -844.4492923134113 670 471.28124404945544
      vertex -825.2821792064088 670 453.71782079359116
    endloop
  endfacet
  facet normal 0.7372773368101266 5.096060572585091e-19 0.6755902076156574
    outer loop
      vertex -802.6547622084393 720 476.3452377915607
      vertex -783.2053337707373 670 455.11991119655795
      vertex -783.2053337707373 720 455.11991119655795
    endloop
  endfacet
  facet normal 0 1 0
    outer loop
      vertex -823.880088803442 720 495.7946662292627
      vertex -825.2821792064088 720 453.71782079359116
      vertex -844.4492923134113 720 471.28124404945544
    endloop
  endfacet
  facet normal 0.7372773368101266 0 0.6755902076156574
    outer loop
      vertex -802.6547622084393 720 476.3452377915607
      vertex -802.6547622084393 670 476.3452377915607
      vertex -783.2053337707373 670 455.11991119655795
    endloop
  endfacet
  facet normal 0 1 0
    outer loop
      vertex -802.6547622084393 720 476.3452377915607
      vertex -825.2821792064088 720 453.71782079359116
      vertex -823.880088803442 720 495.7946662292627
    endloop
  endfacet
  facet normal 0 -1 0
    outer loop
      vertex -1248.119911196558 670 495.7946662292627
      vertex -1227.5507076865888 670 471.28124404945544
      vertex -1206.9257780326118 670 487.10730919811954
    endloop
  endfacet
  facet normal 0 -1 0
    outer loop
      vertex -1248.119911196558 670 495.7946662292627
      vertex -1206.9257780326118 670 487.10730919811954
      vertex -1225.2802239958453 670 513.3201746153673
    endloop
  endfacet
  facet normal 0 -1 0
    outer loop
      vertex -1225.2802239958453 670 513.3201746153673
      vertex -1206.9257780326118 670 487.10730919811954
      vertex -1185 670 501.0755703277627
    endloop
  endfacet
  facet normal -0.6755902076156576 0 0.7372773368101265
    outer loop
      vertex -1248.119911196558 720 495.7946662292627
      vertex -1269.3452377915607 670 476.3452377915607
      vertex -1248.119911196558 670 495.7946662292627
    endloop
  endfacet
  facet normal -0.6755902076156576 0 0.7372773368101265
    outer loop
      vertex -1269.3452377915607 720 476.3452377915607
      vertex -1269.3452377915607 670 476.3452377915607
      vertex -1248.119911196558 720 495.7946662292627
    endloop
  endfacet
  facet normal 0 1 0
    outer loop
      vertex -1225.2802239958453 720 513.3201746153673
      vertex -1206.9257780326118 720 487.10730919811954
      vertex -1227.5507076865888 720 471.28124404945544
    endloop
  endfacet
  facet normal -0.6087614290087227 0 0.7933533402912337
    outer loop
      vertex -1248.119911196558 720 495.7946662292627
      vertex -1248.119911196558 670 495.7946662292627
      vertex -1225.2802239958453 720 513.3201746153673
    endloop
  endfacet
  facet normal 0 1 0
    outer loop
      vertex -1248.119911196558 720 495.7946662292627
      vertex -1225.2802239958453 720 513.3201746153673
      vertex -1227.5507076865888 720 471.28124404945544
    endloop
  endfacet
  facet normal 0 -1 0
    outer loop
      vertex -1225.2802239958453 670 513.3201746153673
      vertex -1185 670 501.0755703277627
      vertex -1201 670 528.7883832488648
    endloop
  endfacet
  facet normal -0.6087614290087227 0 0.7933533402912337
    outer loop
      vertex -1225.2802239958453 720 513.3201746153673
      vertex -1248.119911196558 670 495.7946662292627
      vertex -1225.2802239958453 670 513.3201746153673
    endloop
  endfacet
  facet normal 0 1 0
    outer loop
      vertex -1201 720 528.7883832488648
      vertex -1185 720 501.0755703277627
      vertex -1206.9257780326118 720 487.10730919811954
    endloop
  endfacet
  facet normal 0 1 0
    outer loop
      vertex -1225.2802239958453 720 513.3201746153673
      vertex -1201 720 528.7883832488648
      vertex -1206.9257780326118 720 487.10730919811954
    endloop
  endfacet
  facet normal -0.5372996083468238 0 0.8433914458128857
    outer loop
      vertex -1201 720 528.7883832488648
      vertex -1225.2802239958453 670 513.3201746153673
      vertex -1201 670 528.7883832488648
    endloop
  endfacet
  facet normal -0.5372996083468238 0 0.8433914458128857
    outer loop
      vertex -1225.2802239958453 720 513.3201746153673
      vertex -1225.2802239958453 670 513.3201746153673
      vertex -1201 720 528.7883832488648
    endloop
  endfacet
  facet normal 0 -1 0
    outer loop
      vertex -1201 670 528.7883832488648
      vertex -1185 670 501.0755703277627
      vertex -1161.9402419987284 670 513.0797205369217
    endloop
  endfacet
  facet normal 0 -1 0
    outer loop
      vertex -1175.464026374431 670 542.0815697220944
      vertex -1161.9402419987284 670 513.0797205369217
      vertex -1137.9220027110493 670 523.0284009942006
    endloop
  endfacet
  facet normal 0 1 0
    outer loop
      vertex -1175.464026374431 720 542.0815697220944
      vertex -1161.9402419987284 720 513.0797205369217
      vertex -1185 720 501.0755703277627
    endloop
  endfacet
  facet normal 0 1 0
    outer loop
      vertex -1201 720 528.7883832488648
      vertex -1175.464026374431 720 542.0815697220944
      vertex -1185 720 501.0755703277627
    endloop
  endfacet
  facet normal 0 -1 0
    outer loop
      vertex -1201 670 528.7883832488648
      vertex -1161.9402419987284 670 513.0797205369217
      vertex -1175.464026374431 670 542.0815697220944
    endloop
  endfacet
  facet normal 0 -1 0
    outer loop
      vertex -1148.8666472974708 670 553.0985648593498
      vertex -1137.9220027110493 670 523.0284009942006
      vertex -1113.1280754405511 670 530.8458962341424
    endloop
  endfacet
  facet normal 0 -1 0
    outer loop
      vertex -1175.464026374431 670 542.0815697220944
      vertex -1137.9220027110493 670 523.0284009942006
      vertex -1148.8666472974708 670 553.0985648593498
    endloop
  endfacet
  facet normal 0 -1 0
    outer loop
      vertex -1148.8666472974708 670 553.0985648593498
      vertex -1113.1280754405511 670 530.8458962341424
      vertex -1121.4102848838318 670 561.7555226753925
    endloop
  endfacet
  facet normal -0.4617486132350323 0 0.8870108331782225
    outer loop
      vertex -1175.464026374431 720 542.0815697220944
      vertex -1201 670 528.7883832488648
      vertex -1175.464026374431 670 542.0815697220944
    endloop
  endfacet
  facet normal -0.4617486132350323 0 0.8870108331782225
    outer loop
      vertex -1201 720 528.7883832488648
      vertex -1201 670 528.7883832488648
      vertex -1175.464026374431 720 542.0815697220944
    endloop
  endfacet
  facet normal 0 1 0
    outer loop
      vertex -1175.464026374431 720 542.0815697220944
      vertex -1148.8666472974708 720 553.0985648593498
      vertex -1161.9402419987284 720 513.0797205369217
    endloop
  endfacet
  facet normal 0 1 0
    outer loop
      vertex -1148.8666472974708 720 553.0985648593498
      vertex -1137.9220027110493 720 523.0284009942006
      vertex -1161.9402419987284 720 513.0797205369217
    endloop
  endfacet
  facet normal -0.3826834323650945 0 0.9238795325112847
    outer loop
      vertex -1148.8666472974708 720 553.0985648593498
      vertex -1175.464026374431 670 542.0815697220944
      vertex -1148.8666472974708 670 553.0985648593498
    endloop
  endfacet
  facet normal -0.3826834323650945 0 0.9238795325112847
    outer loop
      vertex -1175.464026374431 720 542.0815697220944
      vertex -1175.464026374431 670 542.0815697220944
      vertex -1148.8666472974708 720 553.0985648593498
    endloop
  endfacet
  facet normal 0 1 0
    outer loop
      vertex -1121.4102848838318 720 561.7555226753925
      vertex -1113.1280754405511 720 530.8458962341424
      vertex -1137.9220027110493 720 523.0284009942006
    endloop
  endfacet
  facet normal 0 1 0
    outer loop
      vertex -1148.8666472974708 720 553.0985648593498
      vertex -1121.4102848838318 720 561.7555226753925
      vertex -1137.9220027110493 720 523.0284009942006
    endloop
  endfacet
  facet normal 0 -1 0
    outer loop
      vertex -1121.4102848838318 670 561.7555226753925
      vertex -1113.1280754405511 670 530.8458962341424
      vertex -1087.7471569447453 670 536.4727103976379
    endloop
  endfacet
  facet normal 0 -1 0
    outer loop
      vertex -1093.303898630087 670 567.9865584940287
      vertex -1087.7471569447453 670 536.4727103976379
      vertex -1061.9724113388022 670 539.8660200313402
    endloop
  endfacet
  facet normal 0 1 0
    outer loop
      vertex -1093.303898630087 720 567.9865584940287
      vertex -1087.7471569447453 720 536.4727103976379
      vertex -1113.1280754405511 720 530.8458962341424
    endloop
  endfacet
  facet normal 0 1 0
    outer loop
      vertex -1064.7613951067272 720 571.744250370276
      vertex -1061.9724113388022 720 539.8660200313402
      vertex -1087.7471569447453 720 536.4727103976379
    endloop
  endfacet
  facet normal -0.30070579950426857 0 0.9537169507482284
    outer loop
      vertex -1121.4102848838318 720 561.7555226753925
      vertex -1148.8666472974708 670 553.0985648593498
      vertex -1121.4102848838318 670 561.7555226753925
    endloop
  endfacet
  facet normal -0.30070579950426857 0 0.9537169507482284
    outer loop
      vertex -1148.8666472974708 720 553.0985648593498
      vertex -1148.8666472974708 670 553.0985648593498
      vertex -1121.4102848838318 720 561.7555226753925
    endloop
  endfacet
  facet normal 0 -1 0
    outer loop
      vertex -1121.4102848838318 670 561.7555226753925
      vertex -1087.7471569447453 670 536.4727103976379
      vertex -1093.303898630087 670 567.9865584940287
    endloop
  endfacet
  facet normal 0 -1 0
    outer loop
      vertex -1093.303898630087 670 567.9865584940287
      vertex -1061.9724113388022 670 539.8660200313402
      vertex -1064.7613951067272 670 571.744250370276
    endloop
  endfacet
  facet normal 0 -1 0
    outer loop
      vertex -1064.7613951067272 670 571.744250370276
      vertex -1061.9724113388022 670 539.8660200313402
      vertex -1036 670 541
    endloop
  endfacet
  facet normal 0 -1 0
    outer loop
      vertex -1064.7613951067272 670 571.744250370276
      vertex -1036 670 541
      vertex -1036 670 573
    endloop
  endfacet
  facet normal 0 1 0
    outer loop
      vertex -1121.4102848838318 720 561.7555226753925
      vertex -1093.303898630087 720 567.9865584940287
      vertex -1113.1280754405511 720 530.8458962341424
    endloop
  endfacet
  facet normal 0 1 0
    outer loop
      vertex -1093.303898630087 720 567.9865584940287
      vertex -1064.7613951067272 720 571.744250370276
      vertex -1087.7471569447453 720 536.4727103976379
    endloop
  endfacet
  facet normal 0 1 0
    outer loop
      vertex -1036 720 573
      vertex -1036 720 541
      vertex -1061.9724113388022 720 539.8660200313402
    endloop
  endfacet
  facet normal -0.21643961393810524 0 0.9762960071199328
    outer loop
      vertex -1093.303898630087 720 567.9865584940287
      vertex -1121.4102848838318 670 561.7555226753925
      vertex -1093.303898630087 670 567.9865584940287
    endloop
  endfacet
  facet normal -0.13052619222004744 0 0.9914448613738109
    outer loop
      vertex -1064.7613951067272 720 571.744250370276
      vertex -1093.303898630087 670 567.9865584940287
      vertex -1064.7613951067272 670 571.744250370276
    endloop
  endfacet
  facet normal -0.21643961393810524 0 0.9762960071199328
    outer loop
      vertex -1121.4102848838318 720 561.7555226753925
      vertex -1121.4102848838318 670 561.7555226753925
      vertex -1093.303898630087 720 567.9865584940287
    endloop
  endfacet
  facet normal -0.13052619222004744 0 0.9914448613738109
    outer loop
      vertex -1093.303898630087 720 567.9865584940287
      vertex -1093.303898630087 670 567.9865584940287
      vertex -1064.7613951067272 720 571.744250370276
    endloop
  endfacet
  facet normal -0.043619387365338706 1.8533195489483532e-18 0.9990482215818576
    outer loop
      vertex -1064.7613951067272 670 571.744250370276
      vertex -1036 670 573
      vertex -1036 720 573
    endloop
  endfacet
  facet normal 0 1 0
    outer loop
      vertex -1064.7613951067272 720 571.744250370276
      vertex -1036 720 573
      vertex -1061.9724113388022 720 539.8660200313402
    endloop
  endfacet
  facet normal -0.043619387365338706 0 0.9990482215818576
    outer loop
      vertex -1064.7613951067272 720 571.744250370276
      vertex -1064.7613951067272 670 571.744250370276
      vertex -1036 720 573
    endloop
  endfacet
  facet normal 0 1 0
    outer loop
      vertex -846.7197760041548 720 513.3201746153673
      vertex -865.0742219673882 720 487.10730919811954
      vertex -887 720 501.0755703277627
    endloop
  endfacet
  facet normal 0 -1 0
    outer loop
      vertex -871 670 528.7883832488648
      vertex -887 670 501.0755703277627
      vertex -865.0742219673882 670 487.10730919811954
    endloop
  endfacet
  facet normal 0 -1 0
    outer loop
      vertex -871 670 528.7883832488648
      vertex -865.0742219673882 670 487.10730919811954
      vertex -846.7197760041548 670 513.3201746153673
    endloop
  endfacet
  facet normal 0 -1 0
    outer loop
      vertex -896.5359736255692 670 542.0815697220944
      vertex -910.0597580012716 670 513.0797205369217
      vertex -887 670 501.0755703277627
    endloop
  endfacet
  facet normal 0 -1 0
    outer loop
      vertex -896.5359736255692 670 542.0815697220944
      vertex -887 670 501.0755703277627
      vertex -871 670 528.7883832488648
    endloop
  endfacet
  facet normal 0 1 0
    outer loop
      vertex -871 720 528.7883832488648
      vertex -887 720 501.0755703277627
      vertex -910.0597580012716 720 513.0797205369217
    endloop
  endfacet
  facet normal 0 1 0
    outer loop
      vertex -871 720 528.7883832488648
      vertex -846.7197760041548 720 513.3201746153673
      vertex -887 720 501.0755703277627
    endloop
  endfacet
  facet normal 0 1 0
    outer loop
      vertex -896.5359736255692 720 542.0815697220944
      vertex -910.0597580012716 720 513.0797205369217
      vertex -934.0779972889508 720 523.0284009942006
    endloop
  endfacet
  facet normal 0.5372996083468256 0 0.8433914458128845
    outer loop
      vertex -871 720 528.7883832488648
      vertex -871 670 528.7883832488648
      vertex -846.7197760041548 720 513.3201746153673
    endloop
  endfacet
  facet normal 0 -1 0
    outer loop
      vertex -846.7197760041548 670 513.3201746153673
      vertex -865.0742219673882 670 487.10730919811954
      vertex -844.4492923134113 670 471.28124404945544
    endloop
  endfacet
  facet normal 0 -1 0
    outer loop
      vertex -846.7197760041548 670 513.3201746153673
      vertex -844.4492923134113 670 471.28124404945544
      vertex -823.880088803442 670 495.7946662292627
    endloop
  endfacet
  facet normal 0 1 0
    outer loop
      vertex -823.880088803442 720 495.7946662292627
      vertex -844.4492923134113 720 471.28124404945544
      vertex -865.0742219673882 720 487.10730919811954
    endloop
  endfacet
  facet normal 0.6755902076156576 0 0.7372773368101265
    outer loop
      vertex -802.6547622084393 720 476.3452377915607
      vertex -823.880088803442 670 495.7946662292627
      vertex -802.6547622084393 670 476.3452377915607
    endloop
  endfacet
  facet normal 0.6755902076156576 1.3353516671623664e-17 0.7372773368101265
    outer loop
      vertex -802.6547622084393 720 476.3452377915607
      vertex -823.880088803442 720 495.7946662292627
      vertex -823.880088803442 670 495.7946662292627
    endloop
  endfacet
  facet normal 0.6087614290087207 0 0.7933533402912352
    outer loop
      vertex -823.880088803442 720 495.7946662292627
      vertex -846.7197760041548 670 513.3201746153673
      vertex -823.880088803442 670 495.7946662292627
    endloop
  endfacet
  facet normal 0 1 0
    outer loop
      vertex -846.7197760041548 720 513.3201746153673
      vertex -823.880088803442 720 495.7946662292627
      vertex -865.0742219673882 720 487.10730919811954
    endloop
  endfacet
  facet normal 0.6087614290087207 0 0.7933533402912352
    outer loop
      vertex -846.7197760041548 720 513.3201746153673
      vertex -846.7197760041548 670 513.3201746153673
      vertex -823.880088803442 720 495.7946662292627
    endloop
  endfacet
  facet normal 0.5372996083468256 0 0.8433914458128845
    outer loop
      vertex -846.7197760041548 720 513.3201746153673
      vertex -871 670 528.7883832488648
      vertex -846.7197760041548 670 513.3201746153673
    endloop
  endfacet
  facet normal 0 -1 0
    outer loop
      vertex -1007.2386048932728 670 571.744250370276
      vertex -1010.0275886611979 670 539.8660200313402
      vertex -984.2528430552547 670 536.4727103976379
    endloop
  endfacet
  facet normal 0 -1 0
    outer loop
      vertex -950.5897151161681 670 561.7555226753925
      vertex -958.8719245594489 670 530.8458962341424
      vertex -934.0779972889508 670 523.0284009942006
    endloop
  endfacet
  facet normal 0 -1 0
    outer loop
      vertex -978.696101369913 670 567.9865584940287
      vertex -984.2528430552547 670 536.4727103976379
      vertex -958.8719245594489 670 530.8458962341424
    endloop
  endfacet
  facet normal 0 1 0
    outer loop
      vertex -978.696101369913 720 567.9865584940287
      vertex -984.2528430552547 720 536.4727103976379
      vertex -1010.0275886611979 720 539.8660200313402
    endloop
  endfacet
  facet normal 0 1 0
    outer loop
      vertex -950.5897151161681 720 561.7555226753925
      vertex -958.8719245594489 720 530.8458962341424
      vertex -984.2528430552547 720 536.4727103976379
    endloop
  endfacet
  facet normal 0 -1 0
    outer loop
      vertex -923.1333527025294 670 553.0985648593498
      vertex -934.0779972889508 670 523.0284009942006
      vertex -910.0597580012716 670 513.0797205369217
    endloop
  endfacet
  facet normal 0 -1 0
    outer loop
      vertex -923.1333527025294 670 553.0985648593498
      vertex -910.0597580012716 670 513.0797205369217
      vertex -896.5359736255692 670 542.0815697220944
    endloop
  endfacet
  facet normal 0 -1 0
    outer loop
      vertex -950.5897151161681 670 561.7555226753925
      vertex -934.0779972889508 670 523.0284009942006
      vertex -923.1333527025294 670 553.0985648593498
    endloop
  endfacet
  facet normal 0 1 0
    outer loop
      vertex -923.1333527025294 720 553.0985648593498
      vertex -934.0779972889508 720 523.0284009942006
      vertex -958.8719245594489 720 530.8458962341424
    endloop
  endfacet
  facet normal 0.46174861323503075 0 0.8870108331782233
    outer loop
      vertex -871 720 528.7883832488648
      vertex -896.5359736255692 670 542.0815697220944
      vertex -871 670 528.7883832488648
    endloop
  endfacet
  facet normal 0 1 0
    outer loop
      vertex -896.5359736255692 720 542.0815697220944
      vertex -871 720 528.7883832488648
      vertex -910.0597580012716 720 513.0797205369217
    endloop
  endfacet
  facet normal 0.46174861323503075 0 0.8870108331782233
    outer loop
      vertex -896.5359736255692 720 542.0815697220944
      vertex -896.5359736255692 670 542.0815697220944
      vertex -871 720 528.7883832488648
    endloop
  endfacet
  facet normal 0.3826834323650945 0 0.9238795325112847
    outer loop
      vertex -896.5359736255692 720 542.0815697220944
      vertex -923.1333527025294 670 553.0985648593498
      vertex -896.5359736255692 670 542.0815697220944
    endloop
  endfacet
  facet normal 0 1 0
    outer loop
      vertex -923.1333527025294 720 553.0985648593498
      vertex -896.5359736255692 720 542.0815697220944
      vertex -934.0779972889508 720 523.0284009942006
    endloop
  endfacet
  facet normal 0 1 0
    outer loop
      vertex -950.5897151161681 720 561.7555226753925
      vertex -923.1333527025294 720 553.0985648593498
      vertex -958.8719245594489 720 530.8458962341424
    endloop
  endfacet
  facet normal 0.3826834323650945 0 0.9238795325112847
    outer loop
      vertex -923.1333527025294 720 553.0985648593498
      vertex -923.1333527025294 670 553.0985648593498
      vertex -896.5359736255692 720 542.0815697220944
    endloop
  endfacet
  facet normal 0 -1 0
    outer loop
      vertex -1036 670 573
      vertex -1036 670 541
      vertex -1010.0275886611979 670 539.8660200313402
    endloop
  endfacet
  facet normal 0 -1 0
    outer loop
      vertex -1007.2386048932728 670 571.744250370276
      vertex -984.2528430552547 670 536.4727103976379
      vertex -978.696101369913 670 567.9865584940287
    endloop
  endfacet
  facet normal 0 -1 0
    outer loop
      vertex -978.696101369913 670 567.9865584940287
      vertex -958.8719245594489 670 530.8458962341424
      vertex -950.5897151161681 670 561.7555226753925
    endloop
  endfacet
  facet normal 0 -1 0
    outer loop
      vertex -1036 670 573
      vertex -1010.0275886611979 670 539.8660200313402
      vertex -1007.2386048932728 670 571.744250370276
    endloop
  endfacet
  facet normal 0 1 0
    outer loop
      vertex -1007.2386048932728 720 571.744250370276
      vertex -1010.0275886611979 720 539.8660200313402
      vertex -1036 720 541
    endloop
  endfacet
  facet normal 0 1 0
    outer loop
      vertex -1007.2386048932728 720 571.744250370276
      vertex -978.696101369913 720 567.9865584940287
      vertex -1010.0275886611979 720 539.8660200313402
    endloop
  endfacet
  facet normal 0 1 0
    outer loop
      vertex -978.696101369913 720 567.9865584940287
      vertex -950.5897151161681 720 561.7555226753925
      vertex -984.2528430552547 720 536.4727103976379
    endloop
  endfacet
  facet normal 0.043619387365338706 0 0.9990482215818576
    outer loop
      vertex -1007.2386048932728 720 571.744250370276
      vertex -1036 670 573
      vertex -1007.2386048932728 670 571.744250370276
    endloop
  endfacet
  facet normal 0.1305261922200469 0 0.991444861373811
    outer loop
      vertex -978.696101369913 720 567.9865584940287
      vertex -1007.2386048932728 670 571.744250370276
      vertex -978.696101369913 670 567.9865584940287
    endloop
  endfacet
  facet normal 0 1 0
    outer loop
      vertex -1036 720 573
      vertex -1007.2386048932728 720 571.744250370276
      vertex -1036 720 541
    endloop
  endfacet
  facet normal 0.043619387365338706 0 0.9990482215818576
    outer loop
      vertex -1036 720 573
      vertex -1036 670 573
      vertex -1007.2386048932728 720 571.744250370276
    endloop
  endfacet
  facet normal 0.1305261922200469 0 0.991444861373811
    outer loop
      vertex -1007.2386048932728 720 571.744250370276
      vertex -1007.2386048932728 670 571.744250370276
      vertex -978.696101369913 720 567.9865584940287
    endloop
  endfacet
  facet normal 0.21643961393810524 0 0.9762960071199328
    outer loop
      vertex -950.5897151161681 720 561.7555226753925
      vertex -978.696101369913 670 567.9865584940287
      vertex -950.5897151161681 670 561.7555226753925
    endloop
  endfacet
  facet normal 0.21643961393810524 0 0.9762960071199328
    outer loop
      vertex -978.696101369913 720 567.9865584940287
      vertex -978.696101369913 670 567.9865584940287
      vertex -950.5897151161681 720 561.7555226753925
    endloop
  endfacet
  facet normal 0.30070579950427084 0 0.9537169507482277
    outer loop
      vertex -923.1333527025294 720 553.0985648593498
      vertex -950.5897151161681 670 561.7555226753925
      vertex -923.1333527025294 670 553.0985648593498
    endloop
  endfacet
  facet normal 0.30070579950427084 0 0.9537169507482277
    outer loop
      vertex -950.5897151161681 720 561.7555226753925
      vertex -950.5897151161681 670 561.7555226753925
      vertex -923.1333527025294 720 553.0985648593498
    endloop
  endfacet
  facet normal 0.9914448613738095 4.873841150640193e-19 0.13052619222005885
    outer loop
      vertex 703.1339799686598 -720 217.02758866119785
      vertex 704.9807470510352 -720 203
      vertex 704.9807470510352 -670 203
    endloop
  endfacet
  facet normal 0.9914448613738095 0 0.13052619222005885
    outer loop
      vertex 703.1339799686598 -720 217.02758866119785
      vertex 704.9807470510352 -670 203
      vertex 703.1339799686598 -670 217.02758866119785
    endloop
  endfacet
  facet normal 0.9990482215818579 -1.2809590742937394e-19 0.04361938736533428
    outer loop
      vertex 702 -720 243
      vertex 703.1339799686598 -720 217.02758866119785
      vertex 703.1339799686598 -670 217.02758866119785
    endloop
  endfacet
  facet normal 0.9990482215818579 0 0.04361938736533428
    outer loop
      vertex 702 -720 243
      vertex 703.1339799686598 -670 217.02758866119785
      vertex 702 -670 243
    endloop
  endfacet
  facet normal 0.9990482215818579 1.2809590742937394e-19 -0.04361938736533428
    outer loop
      vertex 703.1339799686598 -720 268.97241133880215
      vertex 702 -720 243
      vertex 702 -670 243
    endloop
  endfacet
  facet normal 0.9990482215818579 0 -0.04361938736533428
    outer loop
      vertex 703.1339799686598 -720 268.97241133880215
      vertex 702 -670 243
      vertex 703.1339799686598 -670 268.97241133880215
    endloop
  endfacet
  facet normal 0.9914448613738097 -2.522247795067845e-18 -0.13052619222005668
    outer loop
      vertex 706.5272896023621 -720 294.74715694474526
      vertex 703.1339799686598 -720 268.97241133880215
      vertex 703.1339799686598 -670 268.97241133880215
    endloop
  endfacet
  facet normal 0.9914448613738097 -2.522247795067845e-18 -0.13052619222005668
    outer loop
      vertex 703.1339799686598 -670 268.97241133880215
      vertex 706.5272896023621 -670 294.74715694474526
      vertex 706.5272896023621 -720 294.74715694474526
    endloop
  endfacet
  facet normal -0.9914448613738095 0 0.13052619222005885
    outer loop
      vertex 1296.8660200313402 -670 217.02758866119785
      vertex 1295.0192529489648 -720 203
      vertex 1296.8660200313402 -720 217.02758866119785
    endloop
  endfacet
  facet normal -0.9914448613738095 -4.873841150640193e-19 0.13052619222005885
    outer loop
      vertex 1296.8660200313402 -670 217.02758866119785
      vertex 1295.0192529489648 -670 203
      vertex 1295.0192529489648 -720 203
    endloop
  endfacet
  facet normal -0.9990482215818579 1.2809590742937394e-19 0.04361938736533428
    outer loop
      vertex 1298 -670 243
      vertex 1296.8660200313402 -670 217.02758866119785
      vertex 1296.8660200313402 -720 217.02758866119785
    endloop
  endfacet
  facet normal -0.9990482215818579 0 0.04361938736533428
    outer loop
      vertex 1298 -670 243
      vertex 1296.8660200313402 -720 217.02758866119785
      vertex 1298 -720 243
    endloop
  endfacet
  facet normal -0.9990482215818579 0 -0.04361938736533428
    outer loop
      vertex 1296.8660200313402 -670 268.97241133880215
      vertex 1298 -720 243
      vertex 1296.8660200313402 -720 268.97241133880215
    endloop
  endfacet
  facet normal -0.9990482215818579 -1.2809590742937394e-19 -0.04361938736533428
    outer loop
      vertex 1296.8660200313402 -670 268.97241133880215
      vertex 1298 -670 243
      vertex 1298 -720 243
    endloop
  endfacet
  facet normal -0.9914448613738097 2.522247795067845e-18 -0.13052619222005668
    outer loop
      vertex 1293.472710397638 -670 294.74715694474526
      vertex 1296.8660200313402 -670 268.97241133880215
      vertex 1296.8660200313402 -720 268.97241133880215
    endloop
  endfacet
  facet normal -0.9914448613738097 0 -0.13052619222005668
    outer loop
      vertex 1293.472710397638 -670 294.74715694474526
      vertex 1296.8660200313402 -720 268.97241133880215
      vertex 1293.472710397638 -720 294.74715694474526
    endloop
  endfacet
  facet normal 0.9762960071199346 0 -0.21643961393809782
    outer loop
      vertex 706.5272896023621 -670 294.74715694474526
      vertex 712.1541037658576 -720 320.1280754405512
      vertex 706.5272896023621 -720 294.74715694474526
    endloop
  endfacet
  facet normal 0.9762960071199346 -6.648451986798997e-18 -0.21643961393809782
    outer loop
      vertex 706.5272896023621 -670 294.74715694474526
      vertex 712.1541037658576 -670 320.1280754405512
      vertex 712.1541037658576 -720 320.1280754405512
    endloop
  endfacet
  facet normal 0.9537169507482256 3.831260155192587e-18 -0.30070579950427695
    outer loop
      vertex 719.9715990057994 -720 344.9220027110493
      vertex 712.1541037658576 -720 320.1280754405512
      vertex 712.1541037658576 -670 320.1280754405512
    endloop
  endfacet
  facet normal 0.9537169507482256 3.831260155192587e-18 -0.30070579950427695
    outer loop
      vertex 712.1541037658576 -670 320.1280754405512
      vertex 719.9715990057994 -670 344.9220027110493
      vertex 719.9715990057994 -720 344.9220027110493
    endloop
  endfacet
  facet normal 0.9238795325112883 0 -0.3826834323650863
    outer loop
      vertex 719.9715990057994 -670 344.9220027110493
      vertex 729.9202794630783 -720 368.9402419987284
      vertex 719.9715990057994 -720 344.9220027110493
    endloop
  endfacet
  facet normal 0.9238795325112883 -7.496837089031362e-19 -0.3826834323650863
    outer loop
      vertex 719.9715990057994 -670 344.9220027110493
      vertex 729.9202794630783 -670 368.9402419987284
      vertex 729.9202794630783 -720 368.9402419987284
    endloop
  endfacet
  facet normal 0.8870108331782216 -7.85024296175053e-18 -0.461748613235034
    outer loop
      vertex 741.9244296722372 -720 392
      vertex 729.9202794630783 -720 368.9402419987284
      vertex 729.9202794630783 -670 368.9402419987284
    endloop
  endfacet
  facet normal 0.8870108331782216 -7.85024296175053e-18 -0.461748613235034
    outer loop
      vertex 729.9202794630783 -670 368.9402419987284
      vertex 741.9244296722372 -670 392
      vertex 741.9244296722372 -720 392
    endloop
  endfacet
  facet normal -0.9762960071199346 6.648451986798997e-18 -0.21643961393809782
    outer loop
      vertex 1287.8458962341424 -670 320.1280754405512
      vertex 1293.472710397638 -670 294.74715694474526
      vertex 1293.472710397638 -720 294.74715694474526
    endloop
  endfacet
  facet normal -0.9762960071199346 6.648451986798997e-18 -0.21643961393809782
    outer loop
      vertex 1293.472710397638 -720 294.74715694474526
      vertex 1287.8458962341424 -720 320.1280754405512
      vertex 1287.8458962341424 -670 320.1280754405512
    endloop
  endfacet
  facet normal -0.9537169507482256 -3.831260155192587e-18 -0.30070579950427695
    outer loop
      vertex 1280.0284009942006 -670 344.9220027110493
      vertex 1287.8458962341424 -670 320.1280754405512
      vertex 1287.8458962341424 -720 320.1280754405512
    endloop
  endfacet
  facet normal -0.9537169507482256 -3.831260155192587e-18 -0.30070579950427695
    outer loop
      vertex 1287.8458962341424 -720 320.1280754405512
      vertex 1280.0284009942006 -720 344.9220027110493
      vertex 1280.0284009942006 -670 344.9220027110493
    endloop
  endfacet
  facet normal -0.9238795325112883 7.496837089031362e-19 -0.3826834323650863
    outer loop
      vertex 1270.0797205369217 -670 368.9402419987284
      vertex 1280.0284009942006 -670 344.9220027110493
      vertex 1280.0284009942006 -720 344.9220027110493
    endloop
  endfacet
  facet normal -0.9238795325112883 7.496837089031362e-19 -0.3826834323650863
    outer loop
      vertex 1280.0284009942006 -720 344.9220027110493
      vertex 1270.0797205369217 -720 368.9402419987284
      vertex 1270.0797205369217 -670 368.9402419987284
    endloop
  endfacet
  facet normal -0.8870108331782216 0 -0.461748613235034
    outer loop
      vertex 1258.0755703277628 -670 392
      vertex 1270.0797205369217 -720 368.9402419987284
      vertex 1258.0755703277628 -720 392
    endloop
  endfacet
  facet normal -0.8870108331782216 7.85024296175053e-18 -0.461748613235034
    outer loop
      vertex 1258.0755703277628 -670 392
      vertex 1270.0797205369217 -670 368.9402419987284
      vertex 1270.0797205369217 -720 368.9402419987284
    endloop
  endfacet
  facet normal 0.8433914458128847 2.112750127255584e-17 -0.5372996083468256
    outer loop
      vertex 755.8926908018805 -720 413.92577803261173
      vertex 741.9244296722372 -720 392
      vertex 741.9244296722372 -670 392
    endloop
  endfacet
  facet normal 0.8433914458128847 2.112750127255584e-17 -0.5372996083468256
    outer loop
      vertex 741.9244296722372 -670 392
      vertex 755.8926908018805 -670 413.92577803261173
      vertex 755.8926908018805 -720 413.92577803261173
    endloop
  endfacet
  facet normal 0.7933533402912336 -2.143379551875125e-18 -0.6087614290087227
    outer loop
      vertex 771.7187559505446 -720 434.5507076865887
      vertex 755.8926908018805 -720 413.92577803261173
      vertex 755.8926908018805 -670 413.92577803261173
    endloop
  endfacet
  facet normal 0.7933533402912336 -2.143379551875125e-18 -0.6087614290087227
    outer loop
      vertex 755.8926908018805 -670 413.92577803261173
      vertex 771.7187559505446 -670 434.5507076865887
      vertex 771.7187559505446 -720 434.5507076865887
    endloop
  endfacet
  facet normal 0.737277336810126 0 -0.6755902076156581
    outer loop
      vertex 771.7187559505446 -670 434.5507076865887
      vertex 789.2821792064088 -720 453.71782079359116
      vertex 771.7187559505446 -720 434.5507076865887
    endloop
  endfacet
  facet normal 0.737277336810126 1.3244283907595579e-17 -0.6755902076156581
    outer loop
      vertex 771.7187559505446 -670 434.5507076865887
      vertex 789.2821792064088 -670 453.71782079359116
      vertex 789.2821792064088 -720 453.71782079359116
    endloop
  endfacet
  facet normal 0.6755902076156592 2.0552222323217895e-17 -0.7372773368101249
    outer loop
      vertex 808.4492923134113 -720 471.28124404945544
      vertex 789.2821792064088 -720 453.71782079359116
      vertex 789.2821792064088 -670 453.71782079359116
    endloop
  endfacet
  facet normal 0.6755902076156592 0 -0.7372773368101249
    outer loop
      vertex 808.4492923134113 -670 471.28124404945544
      vertex 808.4492923134113 -720 471.28124404945544
      vertex 789.2821792064088 -670 453.71782079359116
    endloop
  endfacet
  facet normal 0.6087614290087223 0 -0.7933533402912338
    outer loop
      vertex 808.4492923134113 -670 471.28124404945544
      vertex 829.0742219673882 -720 487.10730919811954
      vertex 808.4492923134113 -720 471.28124404945544
    endloop
  endfacet
  facet normal -0.8433914458128847 -2.112750127255584e-17 -0.5372996083468256
    outer loop
      vertex 1244.1073091981195 -670 413.92577803261173
      vertex 1258.0755703277628 -670 392
      vertex 1258.0755703277628 -720 392
    endloop
  endfacet
  facet normal -0.8433914458128847 -2.112750127255584e-17 -0.5372996083468256
    outer loop
      vertex 1258.0755703277628 -720 392
      vertex 1244.1073091981195 -720 413.92577803261173
      vertex 1244.1073091981195 -670 413.92577803261173
    endloop
  endfacet
  facet normal -0.7933533402912336 2.143379551875125e-18 -0.6087614290087227
    outer loop
      vertex 1228.2812440494554 -670 434.5507076865887
      vertex 1244.1073091981195 -670 413.92577803261173
      vertex 1244.1073091981195 -720 413.92577803261173
    endloop
  endfacet
  facet normal -0.7933533402912336 2.143379551875125e-18 -0.6087614290087227
    outer loop
      vertex 1244.1073091981195 -720 413.92577803261173
      vertex 1228.2812440494554 -720 434.5507076865887
      vertex 1228.2812440494554 -670 434.5507076865887
    endloop
  endfacet
  facet normal -0.7372773368101282 1.3715929236491232e-18 -0.6755902076156558
    outer loop
      vertex 1210.7178207935913 -670 453.71782079359116
      vertex 1228.2812440494554 -670 434.5507076865887
      vertex 1228.2812440494554 -720 434.5507076865887
    endloop
  endfacet
  facet normal -0.7372773368101282 1.3715929236491232e-18 -0.6755902076156558
    outer loop
      vertex 1228.2812440494554 -720 434.5507076865887
      vertex 1210.7178207935913 -720 453.71782079359116
      vertex 1210.7178207935913 -670 453.71782079359116
    endloop
  endfacet
  facet normal -0.6755902076156592 0 -0.7372773368101249
    outer loop
      vertex 1191.5507076865888 -670 471.28124404945544
      vertex 1210.7178207935913 -720 453.71782079359116
      vertex 1191.5507076865888 -720 471.28124404945544
    endloop
  endfacet
  facet normal -0.6755902076156592 -2.0552222323217895e-17 -0.7372773368101249
    outer loop
      vertex 1191.5507076865888 -670 471.28124404945544
      vertex 1210.7178207935913 -670 453.71782079359116
      vertex 1210.7178207935913 -720 453.71782079359116
    endloop
  endfacet
  facet normal -0.6087614290087202 0 -0.7933533402912355
    outer loop
      vertex 1191.5507076865888 -720 471.28124404945544
      vertex 1170.9257780326118 -670 487.10730919811954
      vertex 1191.5507076865888 -670 471.28124404945544
    endloop
  endfacet
  facet normal 0.6087614290087223 0 -0.7933533402912338
    outer loop
      vertex 829.0742219673882 -670 487.10730919811954
      vertex 829.0742219673882 -720 487.10730919811954
      vertex 808.4492923134113 -670 471.28124404945544
    endloop
  endfacet
  facet normal 0.537299608346823 0 -0.8433914458128862
    outer loop
      vertex 829.0742219673882 -670 487.10730919811954
      vertex 851 -720 501.0755703277627
      vertex 829.0742219673882 -720 487.10730919811954
    endloop
  endfacet
  facet normal 0.537299608346823 0 -0.8433914458128862
    outer loop
      vertex 851 -670 501.0755703277627
      vertex 851 -720 501.0755703277627
      vertex 829.0742219673882 -670 487.10730919811954
    endloop
  endfacet
  facet normal 0.46174861323503574 0 -0.8870108331782207
    outer loop
      vertex 851 -670 501.0755703277627
      vertex 874.0597580012716 -720 513.0797205369217
      vertex 851 -720 501.0755703277627
    endloop
  endfacet
  facet normal 0.46174861323503574 0 -0.8870108331782207
    outer loop
      vertex 874.0597580012716 -670 513.0797205369217
      vertex 874.0597580012716 -720 513.0797205369217
      vertex 851 -670 501.0755703277627
    endloop
  endfacet
  facet normal 0.3826834323650855 0 -0.9238795325112886
    outer loop
      vertex 874.0597580012716 -670 513.0797205369217
      vertex 898.0779972889508 -720 523.0284009942006
      vertex 874.0597580012716 -720 513.0797205369217
    endloop
  endfacet
  facet normal 0.30070579950427695 0 -0.9537169507482256
    outer loop
      vertex 898.0779972889508 -670 523.0284009942006
      vertex 922.8719245594489 -720 530.8458962341424
      vertex 898.0779972889508 -720 523.0284009942006
    endloop
  endfacet
  facet normal 0.3826834323650855 0 -0.9238795325112886
    outer loop
      vertex 898.0779972889508 -670 523.0284009942006
      vertex 898.0779972889508 -720 523.0284009942006
      vertex 874.0597580012716 -670 513.0797205369217
    endloop
  endfacet
  facet normal 0.21643961393809824 0 -0.9762960071199344
    outer loop
      vertex 922.8719245594489 -670 530.8458962341424
      vertex 948.2528430552547 -720 536.4727103976379
      vertex 922.8719245594489 -720 530.8458962341424
    endloop
  endfacet
  facet normal 0.30070579950427695 0 -0.9537169507482256
    outer loop
      vertex 922.8719245594489 -670 530.8458962341424
      vertex 922.8719245594489 -720 530.8458962341424
      vertex 898.0779972889508 -670 523.0284009942006
    endloop
  endfacet
  facet normal 0.21643961393809824 0 -0.9762960071199344
    outer loop
      vertex 948.2528430552547 -670 536.4727103976379
      vertex 948.2528430552547 -720 536.4727103976379
      vertex 922.8719245594489 -670 530.8458962341424
    endloop
  endfacet
  facet normal 0.13052619222005638 0 -0.9914448613738097
    outer loop
      vertex 948.2528430552547 -670 536.4727103976379
      vertex 974.0275886611979 -720 539.8660200313402
      vertex 948.2528430552547 -720 536.4727103976379
    endloop
  endfacet
  facet normal 0.043619387365334376 0 -0.9990482215818579
    outer loop
      vertex 974.0275886611979 -670 539.8660200313402
      vertex 1000 -720 541
      vertex 974.0275886611979 -720 539.8660200313402
    endloop
  endfacet
  facet normal 0.13052619222005638 0 -0.9914448613738097
    outer loop
      vertex 974.0275886611979 -720 539.8660200313402
      vertex 948.2528430552547 -670 536.4727103976379
      vertex 974.0275886611979 -670 539.8660200313402
    endloop
  endfacet
  facet normal 0.043619387365334376 -2.6460254164541795e-19 -0.9990482215818579
    outer loop
      vertex 974.0275886611979 -670 539.8660200313402
      vertex 1000 -670 541
      vertex 1000 -720 541
    endloop
  endfacet
  facet normal -0.537299608346823 0 -0.8433914458128862
    outer loop
      vertex 1149 -670 501.0755703277627
      vertex 1170.9257780326118 -720 487.10730919811954
      vertex 1149 -720 501.0755703277627
    endloop
  endfacet
  facet normal -0.46174861323503574 0 -0.8870108331782207
    outer loop
      vertex 1125.9402419987284 -670 513.0797205369217
      vertex 1149 -720 501.0755703277627
      vertex 1125.9402419987284 -720 513.0797205369217
    endloop
  endfacet
  facet normal -0.46174861323503574 0 -0.8870108331782207
    outer loop
      vertex 1149 -670 501.0755703277627
      vertex 1149 -720 501.0755703277627
      vertex 1125.9402419987284 -670 513.0797205369217
    endloop
  endfacet
  facet normal -0.38268343236508706 0 -0.923879532511288
    outer loop
      vertex 1101.9220027110493 -670 523.0284009942006
      vertex 1125.9402419987284 -720 513.0797205369217
      vertex 1101.9220027110493 -720 523.0284009942006
    endloop
  endfacet
  facet normal -0.38268343236508706 0 -0.923879532511288
    outer loop
      vertex 1125.9402419987284 -670 513.0797205369217
      vertex 1125.9402419987284 -720 513.0797205369217
      vertex 1101.9220027110493 -670 523.0284009942006
    endloop
  endfacet
  facet normal -0.30070579950427573 0 -0.9537169507482262
    outer loop
      vertex 1101.9220027110493 -670 523.0284009942006
      vertex 1101.9220027110493 -720 523.0284009942006
      vertex 1077.1280754405511 -670 530.8458962341424
    endloop
  endfacet
  facet normal -0.6087614290087202 0 -0.7933533402912355
    outer loop
      vertex 1170.9257780326118 -670 487.10730919811954
      vertex 1191.5507076865888 -720 471.28124404945544
      vertex 1170.9257780326118 -720 487.10730919811954
    endloop
  endfacet
  facet normal -0.537299608346823 0 -0.8433914458128862
    outer loop
      vertex 1170.9257780326118 -670 487.10730919811954
      vertex 1170.9257780326118 -720 487.10730919811954
      vertex 1149 -670 501.0755703277627
    endloop
  endfacet
  facet normal -0.21643961393809824 0 -0.9762960071199344
    outer loop
      vertex 1051.7471569447453 -670 536.4727103976379
      vertex 1077.1280754405511 -720 530.8458962341424
      vertex 1051.7471569447453 -720 536.4727103976379
    endloop
  endfacet
  facet normal -0.13052619222005696 0 -0.9914448613738096
    outer loop
      vertex 1051.7471569447453 -670 536.4727103976379
      vertex 1051.7471569447453 -720 536.4727103976379
      vertex 1025.9724113388022 -670 539.8660200313402
    endloop
  endfacet
  facet normal -0.21643961393809824 0 -0.9762960071199344
    outer loop
      vertex 1077.1280754405511 -670 530.8458962341424
      vertex 1077.1280754405511 -720 530.8458962341424
      vertex 1051.7471569447453 -670 536.4727103976379
    endloop
  endfacet
  facet normal -0.04361938736533419 -5.207943565041641e-19 -0.9990482215818579
    outer loop
      vertex 1025.9724113388022 -720 539.8660200313402
      vertex 1000 -720 541
      vertex 1000 -670 541
    endloop
  endfacet
  facet normal -0.13052619222005696 0 -0.9914448613738096
    outer loop
      vertex 1025.9724113388022 -670 539.8660200313402
      vertex 1051.7471569447453 -720 536.4727103976379
      vertex 1025.9724113388022 -720 539.8660200313402
    endloop
  endfacet
  facet normal -0.04361938736533419 0 -0.9990482215818579
    outer loop
      vertex 1025.9724113388022 -670 539.8660200313402
      vertex 1025.9724113388022 -720 539.8660200313402
      vertex 1000 -670 541
    endloop
  endfacet
  facet normal -0.30070579950427573 0 -0.9537169507482262
    outer loop
      vertex 1077.1280754405511 -670 530.8458962341424
      vertex 1101.9220027110493 -720 523.0284009942006
      vertex 1077.1280754405511 -720 530.8458962341424
    endloop
  endfacet
  facet normal 0.9914448613738095 4.873841150640193e-19 0.13052619222005885
    outer loop
      vertex 703.1339799686598 670 217.02758866119785
      vertex 704.9807470510352 670 203
      vertex 704.9807470510352 720 203
    endloop
  endfacet
  facet normal 0.9914448613738095 0 0.13052619222005885
    outer loop
      vertex 703.1339799686598 670 217.02758866119785
      vertex 704.9807470510352 720 203
      vertex 703.1339799686598 720 217.02758866119785
    endloop
  endfacet
  facet normal 0.9990482215818579 -1.2809590742937394e-19 0.04361938736533428
    outer loop
      vertex 702 670 243
      vertex 703.1339799686598 670 217.02758866119785
      vertex 703.1339799686598 720 217.02758866119785
    endloop
  endfacet
  facet normal 0.9990482215818579 0 0.04361938736533428
    outer loop
      vertex 702 670 243
      vertex 703.1339799686598 720 217.02758866119785
      vertex 702 720 243
    endloop
  endfacet
  facet normal 0.9990482215818579 1.2809590742937394e-19 -0.04361938736533428
    outer loop
      vertex 703.1339799686598 670 268.97241133880215
      vertex 702 670 243
      vertex 702 720 243
    endloop
  endfacet
  facet normal 0.9990482215818579 0 -0.04361938736533428
    outer loop
      vertex 703.1339799686598 670 268.97241133880215
      vertex 702 720 243
      vertex 703.1339799686598 720 268.97241133880215
    endloop
  endfacet
  facet normal 0.9914448613738097 -2.522247795067845e-18 -0.13052619222005668
    outer loop
      vertex 706.5272896023621 670 294.74715694474526
      vertex 703.1339799686598 670 268.97241133880215
      vertex 703.1339799686598 720 268.97241133880215
    endloop
  endfacet
  facet normal 0.9914448613738097 -2.522247795067845e-18 -0.13052619222005668
    outer loop
      vertex 703.1339799686598 720 268.97241133880215
      vertex 706.5272896023621 720 294.74715694474526
      vertex 706.5272896023621 670 294.74715694474526
    endloop
  endfacet
  facet normal -0.9914448613738095 0 0.13052619222005885
    outer loop
      vertex 1296.8660200313402 720 217.02758866119785
      vertex 1295.0192529489648 670 203
      vertex 1296.8660200313402 670 217.02758866119785
    endloop
  endfacet
  facet normal -0.9914448613738095 -4.873841150640193e-19 0.13052619222005885
    outer loop
      vertex 1296.8660200313402 720 217.02758866119785
      vertex 1295.0192529489648 720 203
      vertex 1295.0192529489648 670 203
    endloop
  endfacet
  facet normal -0.9990482215818579 1.2809590742937394e-19 0.04361938736533428
    outer loop
      vertex 1298 720 243
      vertex 1296.8660200313402 720 217.02758866119785
      vertex 1296.8660200313402 670 217.02758866119785
    endloop
  endfacet
  facet normal -0.9990482215818579 0 0.04361938736533428
    outer loop
      vertex 1298 720 243
      vertex 1296.8660200313402 670 217.02758866119785
      vertex 1298 670 243
    endloop
  endfacet
  facet normal -0.9990482215818579 0 -0.04361938736533428
    outer loop
      vertex 1296.8660200313402 720 268.97241133880215
      vertex 1298 670 243
      vertex 1296.8660200313402 670 268.97241133880215
    endloop
  endfacet
  facet normal -0.9990482215818579 -1.2809590742937394e-19 -0.04361938736533428
    outer loop
      vertex 1296.8660200313402 720 268.97241133880215
      vertex 1298 720 243
      vertex 1298 670 243
    endloop
  endfacet
  facet normal -0.9914448613738097 2.522247795067845e-18 -0.13052619222005668
    outer loop
      vertex 1293.472710397638 720 294.74715694474526
      vertex 1296.8660200313402 720 268.97241133880215
      vertex 1296.8660200313402 670 268.97241133880215
    endloop
  endfacet
  facet normal -0.9914448613738097 0 -0.13052619222005668
    outer loop
      vertex 1293.472710397638 720 294.74715694474526
      vertex 1296.8660200313402 670 268.97241133880215
      vertex 1293.472710397638 670 294.74715694474526
    endloop
  endfacet
  facet normal 0.9762960071199346 0 -0.21643961393809782
    outer loop
      vertex 706.5272896023621 720 294.74715694474526
      vertex 712.1541037658576 670 320.1280754405512
      vertex 706.5272896023621 670 294.74715694474526
    endloop
  endfacet
  facet normal 0.9762960071199346 -6.648451986798997e-18 -0.21643961393809782
    outer loop
      vertex 706.5272896023621 720 294.74715694474526
      vertex 712.1541037658576 720 320.1280754405512
      vertex 712.1541037658576 670 320.1280754405512
    endloop
  endfacet
  facet normal 0.9537169507482256 3.831260155192587e-18 -0.30070579950427695
    outer loop
      vertex 719.9715990057994 670 344.9220027110493
      vertex 712.1541037658576 670 320.1280754405512
      vertex 712.1541037658576 720 320.1280754405512
    endloop
  endfacet
  facet normal 0.9537169507482256 3.831260155192587e-18 -0.30070579950427695
    outer loop
      vertex 712.1541037658576 720 320.1280754405512
      vertex 719.9715990057994 720 344.9220027110493
      vertex 719.9715990057994 670 344.9220027110493
    endloop
  endfacet
  facet normal 0.9238795325112883 0 -0.3826834323650863
    outer loop
      vertex 719.9715990057994 720 344.9220027110493
      vertex 729.9202794630783 670 368.9402419987284
      vertex 719.9715990057994 670 344.9220027110493
    endloop
  endfacet
  facet normal 0.9238795325112883 -7.496837089031362e-19 -0.3826834323650863
    outer loop
      vertex 719.9715990057994 720 344.9220027110493
      vertex 729.9202794630783 720 368.9402419987284
      vertex 729.9202794630783 670 368.9402419987284
    endloop
  endfacet
  facet normal 0.8870108331782216 -7.85024296175053e-18 -0.461748613235034
    outer loop
      vertex 741.9244296722372 670 392
      vertex 729.9202794630783 670 368.9402419987284
      vertex 729.9202794630783 720 368.9402419987284
    endloop
  endfacet
  facet normal 0.8870108331782216 -7.85024296175053e-18 -0.461748613235034
    outer loop
      vertex 729.9202794630783 720 368.9402419987284
      vertex 741.9244296722372 720 392
      vertex 741.9244296722372 670 392
    endloop
  endfacet
  facet normal -0.9762960071199346 6.648451986798997e-18 -0.21643961393809782
    outer loop
      vertex 1287.8458962341424 720 320.1280754405512
      vertex 1293.472710397638 720 294.74715694474526
      vertex 1293.472710397638 670 294.74715694474526
    endloop
  endfacet
  facet normal -0.9762960071199346 6.648451986798997e-18 -0.21643961393809782
    outer loop
      vertex 1293.472710397638 670 294.74715694474526
      vertex 1287.8458962341424 670 320.1280754405512
      vertex 1287.8458962341424 720 320.1280754405512
    endloop
  endfacet
  facet normal -0.9537169507482256 -3.831260155192587e-18 -0.30070579950427695
    outer loop
      vertex 1280.0284009942006 720 344.9220027110493
      vertex 1287.8458962341424 720 320.1280754405512
      vertex 1287.8458962341424 670 320.1280754405512
    endloop
  endfacet
  facet normal -0.9537169507482256 -3.831260155192587e-18 -0.30070579950427695
    outer loop
      vertex 1287.8458962341424 670 320.1280754405512
      vertex 1280.0284009942006 670 344.9220027110493
      vertex 1280.0284009942006 720 344.9220027110493
    endloop
  endfacet
  facet normal -0.9238795325112883 7.496837089031362e-19 -0.3826834323650863
    outer loop
      vertex 1270.0797205369217 720 368.9402419987284
      vertex 1280.0284009942006 720 344.9220027110493
      vertex 1280.0284009942006 670 344.9220027110493
    endloop
  endfacet
  facet normal -0.9238795325112883 7.496837089031362e-19 -0.3826834323650863
    outer loop
      vertex 1280.0284009942006 670 344.9220027110493
      vertex 1270.0797205369217 670 368.9402419987284
      vertex 1270.0797205369217 720 368.9402419987284
    endloop
  endfacet
  facet normal -0.8870108331782216 0 -0.461748613235034
    outer loop
      vertex 1258.0755703277628 720 392
      vertex 1270.0797205369217 670 368.9402419987284
      vertex 1258.0755703277628 670 392
    endloop
  endfacet
  facet normal -0.8870108331782216 7.85024296175053e-18 -0.461748613235034
    outer loop
      vertex 1258.0755703277628 720 392
      vertex 1270.0797205369217 720 368.9402419987284
      vertex 1270.0797205369217 670 368.9402419987284
    endloop
  endfacet
  facet normal 0.8433914458128847 2.112750127255584e-17 -0.5372996083468256
    outer loop
      vertex 755.8926908018805 670 413.92577803261173
      vertex 741.9244296722372 670 392
      vertex 741.9244296722372 720 392
    endloop
  endfacet
  facet normal 0.8433914458128847 2.112750127255584e-17 -0.5372996083468256
    outer loop
      vertex 741.9244296722372 720 392
      vertex 755.8926908018805 720 413.92577803261173
      vertex 755.8926908018805 670 413.92577803261173
    endloop
  endfacet
  facet normal 0.7933533402912336 -2.143379551875125e-18 -0.6087614290087227
    outer loop
      vertex 771.7187559505446 670 434.5507076865887
      vertex 755.8926908018805 670 413.92577803261173
      vertex 755.8926908018805 720 413.92577803261173
    endloop
  endfacet
  facet normal 0.7933533402912336 -2.143379551875125e-18 -0.6087614290087227
    outer loop
      vertex 755.8926908018805 720 413.92577803261173
      vertex 771.7187559505446 720 434.5507076865887
      vertex 771.7187559505446 670 434.5507076865887
    endloop
  endfacet
  facet normal 0.737277336810126 0 -0.6755902076156581
    outer loop
      vertex 771.7187559505446 720 434.5507076865887
      vertex 789.2821792064088 670 453.71782079359116
      vertex 771.7187559505446 670 434.5507076865887
    endloop
  endfacet
  facet normal 0.737277336810126 1.3244283907595579e-17 -0.6755902076156581
    outer loop
      vertex 771.7187559505446 720 434.5507076865887
      vertex 789.2821792064088 720 453.71782079359116
      vertex 789.2821792064088 670 453.71782079359116
    endloop
  endfacet
  facet normal 0.6755902076156592 2.0552222323217895e-17 -0.7372773368101249
    outer loop
      vertex 808.4492923134113 670 471.28124404945544
      vertex 789.2821792064088 670 453.71782079359116
      vertex 789.2821792064088 720 453.71782079359116
    endloop
  endfacet
  facet normal 0.6755902076156592 0 -0.7372773368101249
    outer loop
      vertex 808.4492923134113 720 471.28124404945544
      vertex 808.4492923134113 670 471.28124404945544
      vertex 789.2821792064088 720 453.71782079359116
    endloop
  endfacet
  facet normal 0.6087614290087223 0 -0.7933533402912338
    outer loop
      vertex 808.4492923134113 720 471.28124404945544
      vertex 829.0742219673882 670 487.10730919811954
      vertex 808.4492923134113 670 471.28124404945544
    endloop
  endfacet
  facet normal -0.8433914458128847 -2.112750127255584e-17 -0.5372996083468256
    outer loop
      vertex 1244.1073091981195 720 413.92577803261173
      vertex 1258.0755703277628 720 392
      vertex 1258.0755703277628 670 392
    endloop
  endfacet
  facet normal -0.8433914458128847 -2.112750127255584e-17 -0.5372996083468256
    outer loop
      vertex 1258.0755703277628 670 392
      vertex 1244.1073091981195 670 413.92577803261173
      vertex 1244.1073091981195 720 413.92577803261173
    endloop
  endfacet
  facet normal -0.7933533402912336 2.143379551875125e-18 -0.6087614290087227
    outer loop
      vertex 1228.2812440494554 720 434.5507076865887
      vertex 1244.1073091981195 720 413.92577803261173
      vertex 1244.1073091981195 670 413.92577803261173
    endloop
  endfacet
  facet normal -0.7933533402912336 2.143379551875125e-18 -0.6087614290087227
    outer loop
      vertex 1244.1073091981195 670 413.92577803261173
      vertex 1228.2812440494554 670 434.5507076865887
      vertex 1228.2812440494554 720 434.5507076865887
    endloop
  endfacet
  facet normal -0.7372773368101282 1.3715929236491232e-18 -0.6755902076156558
    outer loop
      vertex 1210.7178207935913 720 453.71782079359116
      vertex 1228.2812440494554 720 434.5507076865887
      vertex 1228.2812440494554 670 434.5507076865887
    endloop
  endfacet
  facet normal -0.7372773368101282 1.3715929236491232e-18 -0.6755902076156558
    outer loop
      vertex 1228.2812440494554 670 434.5507076865887
      vertex 1210.7178207935913 670 453.71782079359116
      vertex 1210.7178207935913 720 453.71782079359116
    endloop
  endfacet
  facet normal -0.6755902076156592 0 -0.7372773368101249
    outer loop
      vertex 1191.5507076865888 720 471.28124404945544
      vertex 1210.7178207935913 670 453.71782079359116
      vertex 1191.5507076865888 670 471.28124404945544
    endloop
  endfacet
  facet normal -0.6755902076156592 -2.0552222323217895e-17 -0.7372773368101249
    outer loop
      vertex 1191.5507076865888 720 471.28124404945544
      vertex 1210.7178207935913 720 453.71782079359116
      vertex 1210.7178207935913 670 453.71782079359116
    endloop
  endfacet
  facet normal -0.6087614290087202 0 -0.7933533402912355
    outer loop
      vertex 1191.5507076865888 670 471.28124404945544
      vertex 1170.9257780326118 720 487.10730919811954
      vertex 1191.5507076865888 720 471.28124404945544
    endloop
  endfacet
  facet normal 0.6087614290087223 0 -0.7933533402912338
    outer loop
      vertex 829.0742219673882 720 487.10730919811954
      vertex 829.0742219673882 670 487.10730919811954
      vertex 808.4492923134113 720 471.28124404945544
    endloop
  endfacet
  facet normal 0.537299608346823 0 -0.8433914458128862
    outer loop
      vertex 829.0742219673882 720 487.10730919811954
      vertex 851 670 501.0755703277627
      vertex 829.0742219673882 670 487.10730919811954
    endloop
  endfacet
  facet normal 0.537299608346823 0 -0.8433914458128862
    outer loop
      vertex 851 720 501.0755703277627
      vertex 851 670 501.0755703277627
      vertex 829.0742219673882 720 487.10730919811954
    endloop
  endfacet
  facet normal 0.46174861323503574 0 -0.8870108331782207
    outer loop
      vertex 851 720 501.0755703277627
      vertex 874.0597580012716 670 513.0797205369217
      vertex 851 670 501.0755703277627
    endloop
  endfacet
  facet normal 0.46174861323503574 0 -0.8870108331782207
    outer loop
      vertex 874.0597580012716 720 513.0797205369217
      vertex 874.0597580012716 670 513.0797205369217
      vertex 851 720 501.0755703277627
    endloop
  endfacet
  facet normal 0.3826834323650855 0 -0.9238795325112886
    outer loop
      vertex 874.0597580012716 720 513.0797205369217
      vertex 898.0779972889508 670 523.0284009942006
      vertex 874.0597580012716 670 513.0797205369217
    endloop
  endfacet
  facet normal 0.30070579950427695 0 -0.9537169507482256
    outer loop
      vertex 898.0779972889508 720 523.0284009942006
      vertex 922.8719245594489 670 530.8458962341424
      vertex 898.0779972889508 670 523.0284009942006
    endloop
  endfacet
  facet normal 0.3826834323650855 0 -0.9238795325112886
    outer loop
      vertex 898.0779972889508 720 523.0284009942006
      vertex 898.0779972889508 670 523.0284009942006
      vertex 874.0597580012716 720 513.0797205369217
    endloop
  endfacet
  facet normal 0.21643961393809824 0 -0.9762960071199344
    outer loop
      vertex 922.8719245594489 720 530.8458962341424
      vertex 948.2528430552547 670 536.4727103976379
      vertex 922.8719245594489 670 530.8458962341424
    endloop
  endfacet
  facet normal 0.30070579950427695 0 -0.9537169507482256
    outer loop
      vertex 922.8719245594489 720 530.8458962341424
      vertex 922.8719245594489 670 530.8458962341424
      vertex 898.0779972889508 720 523.0284009942006
    endloop
  endfacet
  facet normal 0.21643961393809824 0 -0.9762960071199344
    outer loop
      vertex 948.2528430552547 720 536.4727103976379
      vertex 948.2528430552547 670 536.4727103976379
      vertex 922.8719245594489 720 530.8458962341424
    endloop
  endfacet
  facet normal 0.13052619222005638 0 -0.9914448613738097
    outer loop
      vertex 948.2528430552547 720 536.4727103976379
      vertex 974.0275886611979 670 539.8660200313402
      vertex 948.2528430552547 670 536.4727103976379
    endloop
  endfacet
  facet normal 0.043619387365334376 0 -0.9990482215818579
    outer loop
      vertex 974.0275886611979 720 539.8660200313402
      vertex 1000 670 541
      vertex 974.0275886611979 670 539.8660200313402
    endloop
  endfacet
  facet normal 0.13052619222005638 0 -0.9914448613738097
    outer loop
      vertex 974.0275886611979 670 539.8660200313402
      vertex 948.2528430552547 720 536.4727103976379
      vertex 974.0275886611979 720 539.8660200313402
    endloop
  endfacet
  facet normal 0.043619387365334376 -2.6460254164541795e-19 -0.9990482215818579
    outer loop
      vertex 974.0275886611979 720 539.8660200313402
      vertex 1000 720 541
      vertex 1000 670 541
    endloop
  endfacet
  facet normal -0.537299608346823 0 -0.8433914458128862
    outer loop
      vertex 1149 720 501.0755703277627
      vertex 1170.9257780326118 670 487.10730919811954
      vertex 1149 670 501.0755703277627
    endloop
  endfacet
  facet normal -0.46174861323503574 0 -0.8870108331782207
    outer loop
      vertex 1125.9402419987284 720 513.0797205369217
      vertex 1149 670 501.0755703277627
      vertex 1125.9402419987284 670 513.0797205369217
    endloop
  endfacet
  facet normal -0.46174861323503574 0 -0.8870108331782207
    outer loop
      vertex 1149 720 501.0755703277627
      vertex 1149 670 501.0755703277627
      vertex 1125.9402419987284 720 513.0797205369217
    endloop
  endfacet
  facet normal -0.38268343236508706 0 -0.923879532511288
    outer loop
      vertex 1101.9220027110493 720 523.0284009942006
      vertex 1125.9402419987284 670 513.0797205369217
      vertex 1101.9220027110493 670 523.0284009942006
    endloop
  endfacet
  facet normal -0.38268343236508706 0 -0.923879532511288
    outer loop
      vertex 1125.9402419987284 720 513.0797205369217
      vertex 1125.9402419987284 670 513.0797205369217
      vertex 1101.9220027110493 720 523.0284009942006
    endloop
  endfacet
  facet normal -0.30070579950427573 0 -0.9537169507482262
    outer loop
      vertex 1101.9220027110493 720 523.0284009942006
      vertex 1101.9220027110493 670 523.0284009942006
      vertex 1077.1280754405511 720 530.8458962341424
    endloop
  endfacet
  facet normal -0.6087614290087202 0 -0.7933533402912355
    outer loop
      vertex 1170.9257780326118 720 487.10730919811954
      vertex 1191.5507076865888 670 471.28124404945544
      vertex 1170.9257780326118 670 487.10730919811954
    endloop
  endfacet
  facet normal -0.537299608346823 0 -0.8433914458128862
    outer loop
      vertex 1170.9257780326118 720 487.10730919811954
      vertex 1170.9257780326118 670 487.10730919811954
      vertex 1149 720 501.0755703277627
    endloop
  endfacet
  facet normal -0.21643961393809824 0 -0.9762960071199344
    outer loop
      vertex 1051.7471569447453 720 536.4727103976379
      vertex 1077.1280754405511 670 530.8458962341424
      vertex 1051.7471569447453 670 536.4727103976379
    endloop
  endfacet
  facet normal -0.13052619222005696 0 -0.9914448613738096
    outer loop
      vertex 1051.7471569447453 720 536.4727103976379
      vertex 1051.7471569447453 670 536.4727103976379
      vertex 1025.9724113388022 720 539.8660200313402
    endloop
  endfacet
  facet normal -0.21643961393809824 0 -0.9762960071199344
    outer loop
      vertex 1077.1280754405511 720 530.8458962341424
      vertex 1077.1280754405511 670 530.8458962341424
      vertex 1051.7471569447453 720 536.4727103976379
    endloop
  endfacet
  facet normal -0.04361938736533419 -5.207943565041641e-19 -0.9990482215818579
    outer loop
      vertex 1025.9724113388022 670 539.8660200313402
      vertex 1000 670 541
      vertex 1000 720 541
    endloop
  endfacet
  facet normal -0.13052619222005696 0 -0.9914448613738096
    outer loop
      vertex 1025.9724113388022 720 539.8660200313402
      vertex 1051.7471569447453 670 536.4727103976379
      vertex 1025.9724113388022 670 539.8660200313402
    endloop
  endfacet
  facet normal -0.04361938736533419 0 -0.9990482215818579
    outer loop
      vertex 1025.9724113388022 720 539.8660200313402
      vertex 1025.9724113388022 670 539.8660200313402
      vertex 1000 720 541
    endloop
  endfacet
  facet normal -0.30070579950427573 0 -0.9537169507482262
    outer loop
      vertex 1077.1280754405511 720 530.8458962341424
      vertex 1101.9220027110493 670 523.0284009942006
      vertex 1077.1280754405511 670 530.8458962341424
    endloop
  endfacet
  facet normal 0.9914448613738095 4.873841150640193e-19 0.13052619222005885
    outer loop
      vertex -1332.8660200313402 -720 217.02758866119785
      vertex -1331.0192529489648 -720 203
      vertex -1331.0192529489648 -670 203
    endloop
  endfacet
  facet normal 0.9914448613738095 0 0.13052619222005885
    outer loop
      vertex -1332.8660200313402 -720 217.02758866119785
      vertex -1331.0192529489648 -670 203
      vertex -1332.8660200313402 -670 217.02758866119785
    endloop
  endfacet
  facet normal 0.9990482215818579 -1.2809590742937394e-19 0.04361938736533428
    outer loop
      vertex -1334 -720 243
      vertex -1332.8660200313402 -720 217.02758866119785
      vertex -1332.8660200313402 -670 217.02758866119785
    endloop
  endfacet
  facet normal 0.9990482215818579 0 0.04361938736533428
    outer loop
      vertex -1334 -720 243
      vertex -1332.8660200313402 -670 217.02758866119785
      vertex -1334 -670 243
    endloop
  endfacet
  facet normal 0.9990482215818579 1.2809590742937394e-19 -0.04361938736533428
    outer loop
      vertex -1332.8660200313402 -720 268.97241133880215
      vertex -1334 -720 243
      vertex -1334 -670 243
    endloop
  endfacet
  facet normal 0.9990482215818579 0 -0.04361938736533428
    outer loop
      vertex -1332.8660200313402 -720 268.97241133880215
      vertex -1334 -670 243
      vertex -1332.8660200313402 -670 268.97241133880215
    endloop
  endfacet
  facet normal 0.9914448613738097 -2.522247795067845e-18 -0.13052619222005668
    outer loop
      vertex -1329.472710397638 -720 294.74715694474526
      vertex -1332.8660200313402 -720 268.97241133880215
      vertex -1332.8660200313402 -670 268.97241133880215
    endloop
  endfacet
  facet normal 0.9914448613738097 -2.522247795067845e-18 -0.13052619222005668
    outer loop
      vertex -1332.8660200313402 -670 268.97241133880215
      vertex -1329.472710397638 -670 294.74715694474526
      vertex -1329.472710397638 -720 294.74715694474526
    endloop
  endfacet
  facet normal -0.9914448613738095 0 0.13052619222005885
    outer loop
      vertex -739.1339799686598 -670 217.02758866119785
      vertex -740.9807470510352 -720 203
      vertex -739.1339799686598 -720 217.02758866119785
    endloop
  endfacet
  facet normal -0.9914448613738095 -4.873841150640193e-19 0.13052619222005885
    outer loop
      vertex -739.1339799686598 -670 217.02758866119785
      vertex -740.9807470510352 -670 203
      vertex -740.9807470510352 -720 203
    endloop
  endfacet
  facet normal -0.9990482215818579 1.2809590742937394e-19 0.04361938736533428
    outer loop
      vertex -738 -670 243
      vertex -739.1339799686598 -670 217.02758866119785
      vertex -739.1339799686598 -720 217.02758866119785
    endloop
  endfacet
  facet normal -0.9990482215818579 0 0.04361938736533428
    outer loop
      vertex -738 -670 243
      vertex -739.1339799686598 -720 217.02758866119785
      vertex -738 -720 243
    endloop
  endfacet
  facet normal -0.9990482215818579 0 -0.04361938736533428
    outer loop
      vertex -739.1339799686598 -670 268.97241133880215
      vertex -738 -720 243
      vertex -739.1339799686598 -720 268.97241133880215
    endloop
  endfacet
  facet normal -0.9990482215818579 -1.2809590742937394e-19 -0.04361938736533428
    outer loop
      vertex -739.1339799686598 -670 268.97241133880215
      vertex -738 -670 243
      vertex -738 -720 243
    endloop
  endfacet
  facet normal -0.9914448613738097 2.522247795067845e-18 -0.13052619222005668
    outer loop
      vertex -742.5272896023621 -670 294.74715694474526
      vertex -739.1339799686598 -670 268.97241133880215
      vertex -739.1339799686598 -720 268.97241133880215
    endloop
  endfacet
  facet normal -0.9914448613738097 0 -0.13052619222005668
    outer loop
      vertex -742.5272896023621 -670 294.74715694474526
      vertex -739.1339799686598 -720 268.97241133880215
      vertex -742.5272896023621 -720 294.74715694474526
    endloop
  endfacet
  facet normal 0.9762960071199346 0 -0.21643961393809782
    outer loop
      vertex -1329.472710397638 -670 294.74715694474526
      vertex -1323.8458962341424 -720 320.1280754405512
      vertex -1329.472710397638 -720 294.74715694474526
    endloop
  endfacet
  facet normal 0.9762960071199346 -6.648451986798997e-18 -0.21643961393809782
    outer loop
      vertex -1329.472710397638 -670 294.74715694474526
      vertex -1323.8458962341424 -670 320.1280754405512
      vertex -1323.8458962341424 -720 320.1280754405512
    endloop
  endfacet
  facet normal 0.9537169507482256 3.831260155192587e-18 -0.30070579950427695
    outer loop
      vertex -1316.0284009942006 -720 344.9220027110493
      vertex -1323.8458962341424 -720 320.1280754405512
      vertex -1323.8458962341424 -670 320.1280754405512
    endloop
  endfacet
  facet normal 0.9537169507482256 3.831260155192587e-18 -0.30070579950427695
    outer loop
      vertex -1323.8458962341424 -670 320.1280754405512
      vertex -1316.0284009942006 -670 344.9220027110493
      vertex -1316.0284009942006 -720 344.9220027110493
    endloop
  endfacet
  facet normal 0.9238795325112883 0 -0.3826834323650863
    outer loop
      vertex -1316.0284009942006 -670 344.9220027110493
      vertex -1306.0797205369217 -720 368.9402419987284
      vertex -1316.0284009942006 -720 344.9220027110493
    endloop
  endfacet
  facet normal 0.9238795325112883 -7.496837089031362e-19 -0.3826834323650863
    outer loop
      vertex -1316.0284009942006 -670 344.9220027110493
      vertex -1306.0797205369217 -670 368.9402419987284
      vertex -1306.0797205369217 -720 368.9402419987284
    endloop
  endfacet
  facet normal 0.8870108331782216 -7.85024296175053e-18 -0.461748613235034
    outer loop
      vertex -1294.0755703277628 -720 392
      vertex -1306.0797205369217 -720 368.9402419987284
      vertex -1306.0797205369217 -670 368.9402419987284
    endloop
  endfacet
  facet normal 0.8870108331782216 -7.85024296175053e-18 -0.461748613235034
    outer loop
      vertex -1306.0797205369217 -670 368.9402419987284
      vertex -1294.0755703277628 -670 392
      vertex -1294.0755703277628 -720 392
    endloop
  endfacet
  facet normal -0.9762960071199346 6.648451986798997e-18 -0.21643961393809782
    outer loop
      vertex -748.1541037658576 -670 320.1280754405512
      vertex -742.5272896023621 -670 294.74715694474526
      vertex -742.5272896023621 -720 294.74715694474526
    endloop
  endfacet
  facet normal -0.9762960071199346 6.648451986798997e-18 -0.21643961393809782
    outer loop
      vertex -742.5272896023621 -720 294.74715694474526
      vertex -748.1541037658576 -720 320.1280754405512
      vertex -748.1541037658576 -670 320.1280754405512
    endloop
  endfacet
  facet normal -0.9537169507482256 -3.831260155192587e-18 -0.30070579950427695
    outer loop
      vertex -755.9715990057994 -670 344.9220027110493
      vertex -748.1541037658576 -670 320.1280754405512
      vertex -748.1541037658576 -720 320.1280754405512
    endloop
  endfacet
  facet normal -0.9537169507482256 -3.831260155192587e-18 -0.30070579950427695
    outer loop
      vertex -748.1541037658576 -720 320.1280754405512
      vertex -755.9715990057994 -720 344.9220027110493
      vertex -755.9715990057994 -670 344.9220027110493
    endloop
  endfacet
  facet normal -0.9238795325112883 7.496837089031362e-19 -0.3826834323650863
    outer loop
      vertex -765.9202794630783 -670 368.9402419987284
      vertex -755.9715990057994 -670 344.9220027110493
      vertex -755.9715990057994 -720 344.9220027110493
    endloop
  endfacet
  facet normal -0.9238795325112883 7.496837089031362e-19 -0.3826834323650863
    outer loop
      vertex -755.9715990057994 -720 344.9220027110493
      vertex -765.9202794630783 -720 368.9402419987284
      vertex -765.9202794630783 -670 368.9402419987284
    endloop
  endfacet
  facet normal -0.8870108331782216 0 -0.461748613235034
    outer loop
      vertex -777.9244296722372 -670 392
      vertex -765.9202794630783 -720 368.9402419987284
      vertex -777.9244296722372 -720 392
    endloop
  endfacet
  facet normal -0.8870108331782216 7.85024296175053e-18 -0.461748613235034
    outer loop
      vertex -777.9244296722372 -670 392
      vertex -765.9202794630783 -670 368.9402419987284
      vertex -765.9202794630783 -720 368.9402419987284
    endloop
  endfacet
  facet normal 0.8433914458128847 2.112750127255584e-17 -0.5372996083468256
    outer loop
      vertex -1280.1073091981195 -720 413.92577803261173
      vertex -1294.0755703277628 -720 392
      vertex -1294.0755703277628 -670 392
    endloop
  endfacet
  facet normal 0.8433914458128847 2.112750127255584e-17 -0.5372996083468256
    outer loop
      vertex -1294.0755703277628 -670 392
      vertex -1280.1073091981195 -670 413.92577803261173
      vertex -1280.1073091981195 -720 413.92577803261173
    endloop
  endfacet
  facet normal 0.7933533402912336 -2.143379551875125e-18 -0.6087614290087227
    outer loop
      vertex -1264.2812440494554 -720 434.5507076865887
      vertex -1280.1073091981195 -720 413.92577803261173
      vertex -1280.1073091981195 -670 413.92577803261173
    endloop
  endfacet
  facet normal 0.7933533402912336 -2.143379551875125e-18 -0.6087614290087227
    outer loop
      vertex -1280.1073091981195 -670 413.92577803261173
      vertex -1264.2812440494554 -670 434.5507076865887
      vertex -1264.2812440494554 -720 434.5507076865887
    endloop
  endfacet
  facet normal 0.7372773368101282 0 -0.6755902076156558
    outer loop
      vertex -1264.2812440494554 -670 434.5507076865887
      vertex -1246.7178207935913 -720 453.71782079359116
      vertex -1264.2812440494554 -720 434.5507076865887
    endloop
  endfacet
  facet normal 0.7372773368101282 -1.3715929236491232e-18 -0.6755902076156558
    outer loop
      vertex -1264.2812440494554 -670 434.5507076865887
      vertex -1246.7178207935913 -670 453.71782079359116
      vertex -1246.7178207935913 -720 453.71782079359116
    endloop
  endfacet
  facet normal 0.6755902076156592 2.0552222323217895e-17 -0.7372773368101249
    outer loop
      vertex -1227.5507076865888 -720 471.28124404945544
      vertex -1246.7178207935913 -720 453.71782079359116
      vertex -1246.7178207935913 -670 453.71782079359116
    endloop
  endfacet
  facet normal 0.6755902076156592 0 -0.7372773368101249
    outer loop
      vertex -1227.5507076865888 -670 471.28124404945544
      vertex -1227.5507076865888 -720 471.28124404945544
      vertex -1246.7178207935913 -670 453.71782079359116
    endloop
  endfacet
  facet normal 0.6087614290087202 0 -0.7933533402912355
    outer loop
      vertex -1227.5507076865888 -670 471.28124404945544
      vertex -1206.9257780326118 -720 487.10730919811954
      vertex -1227.5507076865888 -720 471.28124404945544
    endloop
  endfacet
  facet normal -0.8433914458128847 -2.112750127255584e-17 -0.5372996083468256
    outer loop
      vertex -791.8926908018805 -670 413.92577803261173
      vertex -777.9244296722372 -670 392
      vertex -777.9244296722372 -720 392
    endloop
  endfacet
  facet normal -0.8433914458128847 -2.112750127255584e-17 -0.5372996083468256
    outer loop
      vertex -777.9244296722372 -720 392
      vertex -791.8926908018805 -720 413.92577803261173
      vertex -791.8926908018805 -670 413.92577803261173
    endloop
  endfacet
  facet normal -0.7933533402912336 2.143379551875125e-18 -0.6087614290087227
    outer loop
      vertex -807.7187559505446 -670 434.5507076865887
      vertex -791.8926908018805 -670 413.92577803261173
      vertex -791.8926908018805 -720 413.92577803261173
    endloop
  endfacet
  facet normal -0.7933533402912336 2.143379551875125e-18 -0.6087614290087227
    outer loop
      vertex -791.8926908018805 -720 413.92577803261173
      vertex -807.7187559505446 -720 434.5507076865887
      vertex -807.7187559505446 -670 434.5507076865887
    endloop
  endfacet
  facet normal -0.737277336810126 -1.3244283907595579e-17 -0.6755902076156581
    outer loop
      vertex -825.2821792064088 -670 453.71782079359116
      vertex -807.7187559505446 -670 434.5507076865887
      vertex -807.7187559505446 -720 434.5507076865887
    endloop
  endfacet
  facet normal -0.737277336810126 -1.3244283907595579e-17 -0.6755902076156581
    outer loop
      vertex -807.7187559505446 -720 434.5507076865887
      vertex -825.2821792064088 -720 453.71782079359116
      vertex -825.2821792064088 -670 453.71782079359116
    endloop
  endfacet
  facet normal -0.6755902076156592 0 -0.7372773368101249
    outer loop
      vertex -844.4492923134113 -670 471.28124404945544
      vertex -825.2821792064088 -720 453.71782079359116
      vertex -844.4492923134113 -720 471.28124404945544
    endloop
  endfacet
  facet normal -0.6755902076156592 -2.0552222323217895e-17 -0.7372773368101249
    outer loop
      vertex -844.4492923134113 -670 471.28124404945544
      vertex -825.2821792064088 -670 453.71782079359116
      vertex -825.2821792064088 -720 453.71782079359116
    endloop
  endfacet
  facet normal -0.6087614290087223 0 -0.7933533402912338
    outer loop
      vertex -844.4492923134113 -720 471.28124404945544
      vertex -865.0742219673882 -670 487.10730919811954
      vertex -844.4492923134113 -670 471.28124404945544
    endloop
  endfacet
  facet normal 0.537299608346823 0 -0.8433914458128862
    outer loop
      vertex -1206.9257780326118 -670 487.10730919811954
      vertex -1185 -720 501.0755703277627
      vertex -1206.9257780326118 -720 487.10730919811954
    endloop
  endfacet
  facet normal 0.6087614290087202 0 -0.7933533402912355
    outer loop
      vertex -1206.9257780326118 -670 487.10730919811954
      vertex -1206.9257780326118 -720 487.10730919811954
      vertex -1227.5507076865888 -670 471.28124404945544
    endloop
  endfacet
  facet normal 0.537299608346823 0 -0.8433914458128862
    outer loop
      vertex -1185 -670 501.0755703277627
      vertex -1185 -720 501.0755703277627
      vertex -1206.9257780326118 -670 487.10730919811954
    endloop
  endfacet
  facet normal 0.46174861323503574 0 -0.8870108331782207
    outer loop
      vertex -1185 -670 501.0755703277627
      vertex -1161.9402419987284 -720 513.0797205369217
      vertex -1185 -720 501.0755703277627
    endloop
  endfacet
  facet normal 0.46174861323503574 0 -0.8870108331782207
    outer loop
      vertex -1161.9402419987284 -670 513.0797205369217
      vertex -1161.9402419987284 -720 513.0797205369217
      vertex -1185 -670 501.0755703277627
    endloop
  endfacet
  facet normal 0.38268343236508706 0 -0.923879532511288
    outer loop
      vertex -1161.9402419987284 -670 513.0797205369217
      vertex -1137.9220027110493 -720 523.0284009942006
      vertex -1161.9402419987284 -720 513.0797205369217
    endloop
  endfacet
  facet normal 0.30070579950427573 0 -0.9537169507482262
    outer loop
      vertex -1137.9220027110493 -670 523.0284009942006
      vertex -1113.1280754405511 -720 530.8458962341424
      vertex -1137.9220027110493 -720 523.0284009942006
    endloop
  endfacet
  facet normal 0.38268343236508706 0 -0.923879532511288
    outer loop
      vertex -1137.9220027110493 -670 523.0284009942006
      vertex -1137.9220027110493 -720 523.0284009942006
      vertex -1161.9402419987284 -670 513.0797205369217
    endloop
  endfacet
  facet normal 0.30070579950427573 0 -0.9537169507482262
    outer loop
      vertex -1113.1280754405511 -670 530.8458962341424
      vertex -1113.1280754405511 -720 530.8458962341424
      vertex -1137.9220027110493 -670 523.0284009942006
    endloop
  endfacet
  facet normal 0.21643961393809824 0 -0.9762960071199344
    outer loop
      vertex -1113.1280754405511 -670 530.8458962341424
      vertex -1087.7471569447453 -720 536.4727103976379
      vertex -1113.1280754405511 -720 530.8458962341424
    endloop
  endfacet
  facet normal 0.13052619222005696 0 -0.9914448613738096
    outer loop
      vertex -1087.7471569447453 -670 536.4727103976379
      vertex -1061.9724113388022 -720 539.8660200313402
      vertex -1087.7471569447453 -720 536.4727103976379
    endloop
  endfacet
  facet normal 0.21643961393809824 0 -0.9762960071199344
    outer loop
      vertex -1087.7471569447453 -670 536.4727103976379
      vertex -1087.7471569447453 -720 536.4727103976379
      vertex -1113.1280754405511 -670 530.8458962341424
    endloop
  endfacet
  facet normal 0.04361938736533419 0 -0.9990482215818579
    outer loop
      vertex -1061.9724113388022 -670 539.8660200313402
      vertex -1036 -720 541
      vertex -1061.9724113388022 -720 539.8660200313402
    endloop
  endfacet
  facet normal 0.13052619222005696 0 -0.9914448613738096
    outer loop
      vertex -1061.9724113388022 -720 539.8660200313402
      vertex -1087.7471569447453 -670 536.4727103976379
      vertex -1061.9724113388022 -670 539.8660200313402
    endloop
  endfacet
  facet normal 0.04361938736533419 5.207943565041641e-19 -0.9990482215818579
    outer loop
      vertex -1061.9724113388022 -670 539.8660200313402
      vertex -1036 -670 541
      vertex -1036 -720 541
    endloop
  endfacet
  facet normal -0.537299608346823 0 -0.8433914458128862
    outer loop
      vertex -865.0742219673882 -670 487.10730919811954
      vertex -865.0742219673882 -720 487.10730919811954
      vertex -887 -670 501.0755703277627
    endloop
  endfacet
  facet normal -0.537299608346823 0 -0.8433914458128862
    outer loop
      vertex -887 -670 501.0755703277627
      vertex -865.0742219673882 -720 487.10730919811954
      vertex -887 -720 501.0755703277627
    endloop
  endfacet
  facet normal -0.46174861323503574 0 -0.8870108331782207
    outer loop
      vertex -910.0597580012716 -670 513.0797205369217
      vertex -887 -720 501.0755703277627
      vertex -910.0597580012716 -720 513.0797205369217
    endloop
  endfacet
  facet normal -0.46174861323503574 0 -0.8870108331782207
    outer loop
      vertex -887 -670 501.0755703277627
      vertex -887 -720 501.0755703277627
      vertex -910.0597580012716 -670 513.0797205369217
    endloop
  endfacet
  facet normal -0.3826834323650855 0 -0.9238795325112886
    outer loop
      vertex -934.0779972889508 -670 523.0284009942006
      vertex -910.0597580012716 -720 513.0797205369217
      vertex -934.0779972889508 -720 523.0284009942006
    endloop
  endfacet
  facet normal -0.3826834323650855 0 -0.9238795325112886
    outer loop
      vertex -910.0597580012716 -670 513.0797205369217
      vertex -910.0597580012716 -720 513.0797205369217
      vertex -934.0779972889508 -670 523.0284009942006
    endloop
  endfacet
  facet normal -0.30070579950427695 0 -0.9537169507482256
    outer loop
      vertex -934.0779972889508 -670 523.0284009942006
      vertex -934.0779972889508 -720 523.0284009942006
      vertex -958.8719245594489 -670 530.8458962341424
    endloop
  endfacet
  facet normal -0.6087614290087223 0 -0.7933533402912338
    outer loop
      vertex -865.0742219673882 -670 487.10730919811954
      vertex -844.4492923134113 -720 471.28124404945544
      vertex -865.0742219673882 -720 487.10730919811954
    endloop
  endfacet
  facet normal -0.13052619222005638 0 -0.9914448613738097
    outer loop
      vertex -984.2528430552547 -670 536.4727103976379
      vertex -984.2528430552547 -720 536.4727103976379
      vertex -1010.0275886611979 -670 539.8660200313402
    endloop
  endfacet
  facet normal -0.30070579950427695 0 -0.9537169507482256
    outer loop
      vertex -958.8719245594489 -670 530.8458962341424
      vertex -934.0779972889508 -720 523.0284009942006
      vertex -958.8719245594489 -720 530.8458962341424
    endloop
  endfacet
  facet normal -0.21643961393809824 0 -0.9762960071199344
    outer loop
      vertex -984.2528430552547 -670 536.4727103976379
      vertex -958.8719245594489 -720 530.8458962341424
      vertex -984.2528430552547 -720 536.4727103976379
    endloop
  endfacet
  facet normal -0.21643961393809824 0 -0.9762960071199344
    outer loop
      vertex -958.8719245594489 -670 530.8458962341424
      vertex -958.8719245594489 -720 530.8458962341424
      vertex -984.2528430552547 -670 536.4727103976379
    endloop
  endfacet
  facet normal -0.043619387365334376 2.6460254164541795e-19 -0.9990482215818579
    outer loop
      vertex -1010.0275886611979 -720 539.8660200313402
      vertex -1036 -720 541
      vertex -1036 -670 541
    endloop
  endfacet
  facet normal -0.13052619222005638 0 -0.9914448613738097
    outer loop
      vertex -1010.0275886611979 -670 539.8660200313402
      vertex -984.2528430552547 -720 536.4727103976379
      vertex -1010.0275886611979 -720 539.8660200313402
    endloop
  endfacet
  facet normal -0.043619387365334376 0 -0.9990482215818579
    outer loop
      vertex -1010.0275886611979 -670 539.8660200313402
      vertex -1010.0275886611979 -720 539.8660200313402
      vertex -1036 -670 541
    endloop
  endfacet
  facet normal 0.9914448613738095 4.873841150640193e-19 0.13052619222005885
    outer loop
      vertex -1332.8660200313402 670 217.02758866119785
      vertex -1331.0192529489648 670 203
      vertex -1331.0192529489648 720 203
    endloop
  endfacet
  facet normal 0.9914448613738095 0 0.13052619222005885
    outer loop
      vertex -1332.8660200313402 670 217.02758866119785
      vertex -1331.0192529489648 720 203
      vertex -1332.8660200313402 720 217.02758866119785
    endloop
  endfacet
  facet normal 0.9990482215818579 -1.2809590742937394e-19 0.04361938736533428
    outer loop
      vertex -1334 670 243
      vertex -1332.8660200313402 670 217.02758866119785
      vertex -1332.8660200313402 720 217.02758866119785
    endloop
  endfacet
  facet normal 0.9990482215818579 0 0.04361938736533428
    outer loop
      vertex -1334 670 243
      vertex -1332.8660200313402 720 217.02758866119785
      vertex -1334 720 243
    endloop
  endfacet
  facet normal 0.9990482215818579 1.2809590742937394e-19 -0.04361938736533428
    outer loop
      vertex -1332.8660200313402 670 268.97241133880215
      vertex -1334 670 243
      vertex -1334 720 243
    endloop
  endfacet
  facet normal 0.9990482215818579 0 -0.04361938736533428
    outer loop
      vertex -1332.8660200313402 670 268.97241133880215
      vertex -1334 720 243
      vertex -1332.8660200313402 720 268.97241133880215
    endloop
  endfacet
  facet normal 0.9914448613738097 -2.522247795067845e-18 -0.13052619222005668
    outer loop
      vertex -1329.472710397638 670 294.74715694474526
      vertex -1332.8660200313402 670 268.97241133880215
      vertex -1332.8660200313402 720 268.97241133880215
    endloop
  endfacet
  facet normal 0.9914448613738097 -2.522247795067845e-18 -0.13052619222005668
    outer loop
      vertex -1332.8660200313402 720 268.97241133880215
      vertex -1329.472710397638 720 294.74715694474526
      vertex -1329.472710397638 670 294.74715694474526
    endloop
  endfacet
  facet normal -0.9914448613738095 0 0.13052619222005885
    outer loop
      vertex -739.1339799686598 720 217.02758866119785
      vertex -740.9807470510352 670 203
      vertex -739.1339799686598 670 217.02758866119785
    endloop
  endfacet
  facet normal -0.9914448613738095 -4.873841150640193e-19 0.13052619222005885
    outer loop
      vertex -739.1339799686598 720 217.02758866119785
      vertex -740.9807470510352 720 203
      vertex -740.9807470510352 670 203
    endloop
  endfacet
  facet normal -0.9990482215818579 1.2809590742937394e-19 0.04361938736533428
    outer loop
      vertex -738 720 243
      vertex -739.1339799686598 720 217.02758866119785
      vertex -739.1339799686598 670 217.02758866119785
    endloop
  endfacet
  facet normal -0.9990482215818579 0 0.04361938736533428
    outer loop
      vertex -738 720 243
      vertex -739.1339799686598 670 217.02758866119785
      vertex -738 670 243
    endloop
  endfacet
  facet normal -0.9990482215818579 0 -0.04361938736533428
    outer loop
      vertex -739.1339799686598 720 268.97241133880215
      vertex -738 670 243
      vertex -739.1339799686598 670 268.97241133880215
    endloop
  endfacet
  facet normal -0.9990482215818579 -1.2809590742937394e-19 -0.04361938736533428
    outer loop
      vertex -739.1339799686598 720 268.97241133880215
      vertex -738 720 243
      vertex -738 670 243
    endloop
  endfacet
  facet normal -0.9914448613738097 2.522247795067845e-18 -0.13052619222005668
    outer loop
      vertex -742.5272896023621 720 294.74715694474526
      vertex -739.1339799686598 720 268.97241133880215
      vertex -739.1339799686598 670 268.97241133880215
    endloop
  endfacet
  facet normal -0.9914448613738097 0 -0.13052619222005668
    outer loop
      vertex -742.5272896023621 720 294.74715694474526
      vertex -739.1339799686598 670 268.97241133880215
      vertex -742.5272896023621 670 294.74715694474526
    endloop
  endfacet
  facet normal 0.9762960071199346 0 -0.21643961393809782
    outer loop
      vertex -1329.472710397638 720 294.74715694474526
      vertex -1323.8458962341424 670 320.1280754405512
      vertex -1329.472710397638 670 294.74715694474526
    endloop
  endfacet
  facet normal 0.9762960071199346 -6.648451986798997e-18 -0.21643961393809782
    outer loop
      vertex -1329.472710397638 720 294.74715694474526
      vertex -1323.8458962341424 720 320.1280754405512
      vertex -1323.8458962341424 670 320.1280754405512
    endloop
  endfacet
  facet normal 0.9537169507482256 3.831260155192587e-18 -0.30070579950427695
    outer loop
      vertex -1316.0284009942006 670 344.9220027110493
      vertex -1323.8458962341424 670 320.1280754405512
      vertex -1323.8458962341424 720 320.1280754405512
    endloop
  endfacet
  facet normal 0.9537169507482256 3.831260155192587e-18 -0.30070579950427695
    outer loop
      vertex -1323.8458962341424 720 320.1280754405512
      vertex -1316.0284009942006 720 344.9220027110493
      vertex -1316.0284009942006 670 344.9220027110493
    endloop
  endfacet
  facet normal 0.9238795325112883 0 -0.3826834323650863
    outer loop
      vertex -1316.0284009942006 720 344.9220027110493
      vertex -1306.0797205369217 670 368.9402419987284
      vertex -1316.0284009942006 670 344.9220027110493
    endloop
  endfacet
  facet normal 0.9238795325112883 -7.496837089031362e-19 -0.3826834323650863
    outer loop
      vertex -1316.0284009942006 720 344.9220027110493
      vertex -1306.0797205369217 720 368.9402419987284
      vertex -1306.0797205369217 670 368.9402419987284
    endloop
  endfacet
  facet normal 0.8870108331782216 -7.85024296175053e-18 -0.461748613235034
    outer loop
      vertex -1294.0755703277628 670 392
      vertex -1306.0797205369217 670 368.9402419987284
      vertex -1306.0797205369217 720 368.9402419987284
    endloop
  endfacet
  facet normal 0.8870108331782216 -7.85024296175053e-18 -0.461748613235034
    outer loop
      vertex -1306.0797205369217 720 368.9402419987284
      vertex -1294.0755703277628 720 392
      vertex -1294.0755703277628 670 392
    endloop
  endfacet
  facet normal -0.9762960071199346 6.648451986798997e-18 -0.21643961393809782
    outer loop
      vertex -748.1541037658576 720 320.1280754405512
      vertex -742.5272896023621 720 294.74715694474526
      vertex -742.5272896023621 670 294.74715694474526
    endloop
  endfacet
  facet normal -0.9762960071199346 6.648451986798997e-18 -0.21643961393809782
    outer loop
      vertex -742.5272896023621 670 294.74715694474526
      vertex -748.1541037658576 670 320.1280754405512
      vertex -748.1541037658576 720 320.1280754405512
    endloop
  endfacet
  facet normal -0.9537169507482256 -3.831260155192587e-18 -0.30070579950427695
    outer loop
      vertex -755.9715990057994 720 344.9220027110493
      vertex -748.1541037658576 720 320.1280754405512
      vertex -748.1541037658576 670 320.1280754405512
    endloop
  endfacet
  facet normal -0.9537169507482256 -3.831260155192587e-18 -0.30070579950427695
    outer loop
      vertex -748.1541037658576 670 320.1280754405512
      vertex -755.9715990057994 670 344.9220027110493
      vertex -755.9715990057994 720 344.9220027110493
    endloop
  endfacet
  facet normal -0.9238795325112883 7.496837089031362e-19 -0.3826834323650863
    outer loop
      vertex -765.9202794630783 720 368.9402419987284
      vertex -755.9715990057994 720 344.9220027110493
      vertex -755.9715990057994 670 344.9220027110493
    endloop
  endfacet
  facet normal -0.9238795325112883 7.496837089031362e-19 -0.3826834323650863
    outer loop
      vertex -755.9715990057994 670 344.9220027110493
      vertex -765.9202794630783 670 368.9402419987284
      vertex -765.9202794630783 720 368.9402419987284
    endloop
  endfacet
  facet normal -0.8870108331782216 0 -0.461748613235034
    outer loop
      vertex -777.9244296722372 720 392
      vertex -765.9202794630783 670 368.9402419987284
      vertex -777.9244296722372 670 392
    endloop
  endfacet
  facet normal -0.8870108331782216 7.85024296175053e-18 -0.461748613235034
    outer loop
      vertex -777.9244296722372 720 392
      vertex -765.9202794630783 720 368.9402419987284
      vertex -765.9202794630783 670 368.9402419987284
    endloop
  endfacet
  facet normal 0.8433914458128847 2.112750127255584e-17 -0.5372996083468256
    outer loop
      vertex -1280.1073091981195 670 413.92577803261173
      vertex -1294.0755703277628 670 392
      vertex -1294.0755703277628 720 392
    endloop
  endfacet
  facet normal 0.8433914458128847 2.112750127255584e-17 -0.5372996083468256
    outer loop
      vertex -1294.0755703277628 720 392
      vertex -1280.1073091981195 720 413.92577803261173
      vertex -1280.1073091981195 670 413.92577803261173
    endloop
  endfacet
  facet normal 0.7933533402912336 -2.143379551875125e-18 -0.6087614290087227
    outer loop
      vertex -1264.2812440494554 670 434.5507076865887
      vertex -1280.1073091981195 670 413.92577803261173
      vertex -1280.1073091981195 720 413.92577803261173
    endloop
  endfacet
  facet normal 0.7933533402912336 -2.143379551875125e-18 -0.6087614290087227
    outer loop
      vertex -1280.1073091981195 720 413.92577803261173
      vertex -1264.2812440494554 720 434.5507076865887
      vertex -1264.2812440494554 670 434.5507076865887
    endloop
  endfacet
  facet normal 0.7372773368101282 0 -0.6755902076156558
    outer loop
      vertex -1264.2812440494554 720 434.5507076865887
      vertex -1246.7178207935913 670 453.71782079359116
      vertex -1264.2812440494554 670 434.5507076865887
    endloop
  endfacet
  facet normal 0.7372773368101282 -1.3715929236491232e-18 -0.6755902076156558
    outer loop
      vertex -1264.2812440494554 720 434.5507076865887
      vertex -1246.7178207935913 720 453.71782079359116
      vertex -1246.7178207935913 670 453.71782079359116
    endloop
  endfacet
  facet normal 0.6755902076156592 2.0552222323217895e-17 -0.7372773368101249
    outer loop
      vertex -1227.5507076865888 670 471.28124404945544
      vertex -1246.7178207935913 670 453.71782079359116
      vertex -1246.7178207935913 720 453.71782079359116
    endloop
  endfacet
  facet normal 0.6755902076156592 0 -0.7372773368101249
    outer loop
      vertex -1227.5507076865888 720 471.28124404945544
      vertex -1227.5507076865888 670 471.28124404945544
      vertex -1246.7178207935913 720 453.71782079359116
    endloop
  endfacet
  facet normal 0.6087614290087202 0 -0.7933533402912355
    outer loop
      vertex -1227.5507076865888 720 471.28124404945544
      vertex -1206.9257780326118 670 487.10730919811954
      vertex -1227.5507076865888 670 471.28124404945544
    endloop
  endfacet
  facet normal -0.8433914458128847 -2.112750127255584e-17 -0.5372996083468256
    outer loop
      vertex -791.8926908018805 720 413.92577803261173
      vertex -777.9244296722372 720 392
      vertex -777.9244296722372 670 392
    endloop
  endfacet
  facet normal -0.8433914458128847 -2.112750127255584e-17 -0.5372996083468256
    outer loop
      vertex -777.9244296722372 670 392
      vertex -791.8926908018805 670 413.92577803261173
      vertex -791.8926908018805 720 413.92577803261173
    endloop
  endfacet
  facet normal -0.7933533402912336 2.143379551875125e-18 -0.6087614290087227
    outer loop
      vertex -807.7187559505446 720 434.5507076865887
      vertex -791.8926908018805 720 413.92577803261173
      vertex -791.8926908018805 670 413.92577803261173
    endloop
  endfacet
  facet normal -0.7933533402912336 2.143379551875125e-18 -0.6087614290087227
    outer loop
      vertex -791.8926908018805 670 413.92577803261173
      vertex -807.7187559505446 670 434.5507076865887
      vertex -807.7187559505446 720 434.5507076865887
    endloop
  endfacet
  facet normal -0.737277336810126 -1.3244283907595579e-17 -0.6755902076156581
    outer loop
      vertex -825.2821792064088 720 453.71782079359116
      vertex -807.7187559505446 720 434.5507076865887
      vertex -807.7187559505446 670 434.5507076865887
    endloop
  endfacet
  facet normal -0.737277336810126 -1.3244283907595579e-17 -0.6755902076156581
    outer loop
      vertex -807.7187559505446 670 434.5507076865887
      vertex -825.2821792064088 670 453.71782079359116
      vertex -825.2821792064088 720 453.71782079359116
    endloop
  endfacet
  facet normal -0.6755902076156592 0 -0.7372773368101249
    outer loop
      vertex -844.4492923134113 720 471.28124404945544
      vertex -825.2821792064088 670 453.71782079359116
      vertex -844.4492923134113 670 471.28124404945544
    endloop
  endfacet
  facet normal -0.6755902076156592 -2.0552222323217895e-17 -0.7372773368101249
    outer loop
      vertex -844.4492923134113 720 471.28124404945544
      vertex -825.2821792064088 720 453.71782079359116
      vertex -825.2821792064088 670 453.71782079359116
    endloop
  endfacet
  facet normal -0.6087614290087223 0 -0.7933533402912338
    outer loop
      vertex -844.4492923134113 670 471.28124404945544
      vertex -865.0742219673882 720 487.10730919811954
      vertex -844.4492923134113 720 471.28124404945544
    endloop
  endfacet
  facet normal 0.537299608346823 0 -0.8433914458128862
    outer loop
      vertex -1206.9257780326118 720 487.10730919811954
      vertex -1185 670 501.0755703277627
      vertex -1206.9257780326118 670 487.10730919811954
    endloop
  endfacet
  facet normal 0.6087614290087202 0 -0.7933533402912355
    outer loop
      vertex -1206.9257780326118 720 487.10730919811954
      vertex -1206.9257780326118 670 487.10730919811954
      vertex -1227.5507076865888 720 471.28124404945544
    endloop
  endfacet
  facet normal 0.537299608346823 0 -0.8433914458128862
    outer loop
      vertex -1185 720 501.0755703277627
      vertex -1185 670 501.0755703277627
      vertex -1206.9257780326118 720 487.10730919811954
    endloop
  endfacet
  facet normal 0.46174861323503574 0 -0.8870108331782207
    outer loop
      vertex -1185 720 501.0755703277627
      vertex -1161.9402419987284 670 513.0797205369217
      vertex -1185 670 501.0755703277627
    endloop
  endfacet
  facet normal 0.46174861323503574 0 -0.8870108331782207
    outer loop
      vertex -1161.9402419987284 720 513.0797205369217
      vertex -1161.9402419987284 670 513.0797205369217
      vertex -1185 720 501.0755703277627
    endloop
  endfacet
  facet normal 0.38268343236508706 0 -0.923879532511288
    outer loop
      vertex -1161.9402419987284 720 513.0797205369217
      vertex -1137.9220027110493 670 523.0284009942006
      vertex -1161.9402419987284 670 513.0797205369217
    endloop
  endfacet
  facet normal 0.30070579950427573 0 -0.9537169507482262
    outer loop
      vertex -1137.9220027110493 720 523.0284009942006
      vertex -1113.1280754405511 670 530.8458962341424
      vertex -1137.9220027110493 670 523.0284009942006
    endloop
  endfacet
  facet normal 0.38268343236508706 0 -0.923879532511288
    outer loop
      vertex -1137.9220027110493 720 523.0284009942006
      vertex -1137.9220027110493 670 523.0284009942006
      vertex -1161.9402419987284 720 513.0797205369217
    endloop
  endfacet
  facet normal 0.30070579950427573 0 -0.9537169507482262
    outer loop
      vertex -1113.1280754405511 720 530.8458962341424
      vertex -1113.1280754405511 670 530.8458962341424
      vertex -1137.9220027110493 720 523.0284009942006
    endloop
  endfacet
  facet normal 0.21643961393809824 0 -0.9762960071199344
    outer loop
      vertex -1113.1280754405511 720 530.8458962341424
      vertex -1087.7471569447453 670 536.4727103976379
      vertex -1113.1280754405511 670 530.8458962341424
    endloop
  endfacet
  facet normal 0.13052619222005696 0 -0.9914448613738096
    outer loop
      vertex -1087.7471569447453 720 536.4727103976379
      vertex -1061.9724113388022 670 539.8660200313402
      vertex -1087.7471569447453 670 536.4727103976379
    endloop
  endfacet
  facet normal 0.21643961393809824 0 -0.9762960071199344
    outer loop
      vertex -1087.7471569447453 720 536.4727103976379
      vertex -1087.7471569447453 670 536.4727103976379
      vertex -1113.1280754405511 720 530.8458962341424
    endloop
  endfacet
  facet normal 0.04361938736533419 0 -0.9990482215818579
    outer loop
      vertex -1061.9724113388022 720 539.8660200313402
      vertex -1036 670 541
      vertex -1061.9724113388022 670 539.8660200313402
    endloop
  endfacet
  facet normal 0.13052619222005696 0 -0.9914448613738096
    outer loop
      vertex -1061.9724113388022 670 539.8660200313402
      vertex -1087.7471569447453 720 536.4727103976379
      vertex -1061.9724113388022 720 539.8660200313402
    endloop
  endfacet
  facet normal 0.04361938736533419 5.207943565041641e-19 -0.9990482215818579
    outer loop
      vertex -1061.9724113388022 720 539.8660200313402
      vertex -1036 720 541
      vertex -1036 670 541
    endloop
  endfacet
  facet normal -0.537299608346823 0 -0.8433914458128862
    outer loop
      vertex -865.0742219673882 720 487.10730919811954
      vertex -865.0742219673882 670 487.10730919811954
      vertex -887 720 501.0755703277627
    endloop
  endfacet
  facet normal -0.537299608346823 0 -0.8433914458128862
    outer loop
      vertex -887 720 501.0755703277627
      vertex -865.0742219673882 670 487.10730919811954
      vertex -887 670 501.0755703277627
    endloop
  endfacet
  facet normal -0.46174861323503574 0 -0.8870108331782207
    outer loop
      vertex -910.0597580012716 720 513.0797205369217
      vertex -887 670 501.0755703277627
      vertex -910.0597580012716 670 513.0797205369217
    endloop
  endfacet
  facet normal -0.46174861323503574 0 -0.8870108331782207
    outer loop
      vertex -887 720 501.0755703277627
      vertex -887 670 501.0755703277627
      vertex -910.0597580012716 720 513.0797205369217
    endloop
  endfacet
  facet normal -0.3826834323650855 0 -0.9238795325112886
    outer loop
      vertex -934.0779972889508 720 523.0284009942006
      vertex -910.0597580012716 670 513.0797205369217
      vertex -934.0779972889508 670 523.0284009942006
    endloop
  endfacet
  facet normal -0.3826834323650855 0 -0.9238795325112886
    outer loop
      vertex -910.0597580012716 720 513.0797205369217
      vertex -910.0597580012716 670 513.0797205369217
      vertex -934.0779972889508 720 523.0284009942006
    endloop
  endfacet
  facet normal -0.30070579950427695 0 -0.9537169507482256
    outer loop
      vertex -934.0779972889508 720 523.0284009942006
      vertex -934.0779972889508 670 523.0284009942006
      vertex -958.8719245594489 720 530.8458962341424
    endloop
  endfacet
  facet normal -0.6087614290087223 0 -0.7933533402912338
    outer loop
      vertex -865.0742219673882 720 487.10730919811954
      vertex -844.4492923134113 670 471.28124404945544
      vertex -865.0742219673882 670 487.10730919811954
    endloop
  endfacet
  facet normal -0.13052619222005638 0 -0.9914448613738097
    outer loop
      vertex -984.2528430552547 720 536.4727103976379
      vertex -984.2528430552547 670 536.4727103976379
      vertex -1010.0275886611979 720 539.8660200313402
    endloop
  endfacet
  facet normal -0.30070579950427695 0 -0.9537169507482256
    outer loop
      vertex -958.8719245594489 720 530.8458962341424
      vertex -934.0779972889508 670 523.0284009942006
      vertex -958.8719245594489 670 530.8458962341424
    endloop
  endfacet
  facet normal -0.21643961393809824 0 -0.9762960071199344
    outer loop
      vertex -984.2528430552547 720 536.4727103976379
      vertex -958.8719245594489 670 530.8458962341424
      vertex -984.2528430552547 670 536.4727103976379
    endloop
  endfacet
  facet normal -0.21643961393809824 0 -0.9762960071199344
    outer loop
      vertex -958.8719245594489 720 530.8458962341424
      vertex -958.8719245594489 670 530.8458962341424
      vertex -984.2528430552547 720 536.4727103976379
    endloop
  endfacet
  facet normal -0.043619387365334376 2.6460254164541795e-19 -0.9990482215818579
    outer loop
      vertex -1010.0275886611979 670 539.8660200313402
      vertex -1036 670 541
      vertex -1036 720 541
    endloop
  endfacet
  facet normal -0.13052619222005638 0 -0.9914448613738097
    outer loop
      vertex -1010.0275886611979 720 539.8660200313402
      vertex -984.2528430552547 670 536.4727103976379
      vertex -1010.0275886611979 670 539.8660200313402
    endloop
  endfacet
  facet normal -0.043619387365334376 0 -0.9990482215818579
    outer loop
      vertex -1010.0275886611979 720 539.8660200313402
      vertex -1010.0275886611979 670 539.8660200313402
      vertex -1036 720 541
    endloop
  endfacet
  facet normal 0 0 -1
    outer loop
      vertex 672.7353400333213 -670 203
      vertex 704.9807470510352 -720 203
      vertex 672.7353400333213 -720 203
    endloop
  endfacet
  facet normal 0 0 -1
    outer loop
      vertex 672.7353400333213 -670 203
      vertex 704.9807470510352 -670 203
      vertex 704.9807470510352 -720 203
    endloop
  endfacet
  facet normal 0 0 -1
    outer loop
      vertex 1327.2646599666787 -720 203
      vertex 1295.0192529489648 -720 203
      vertex 1295.0192529489648 -670 203
    endloop
  endfacet
  facet normal 0 0 -1
    outer loop
      vertex 1327.2646599666787 -670 203
      vertex 1327.2646599666787 -720 203
      vertex 1295.0192529489648 -670 203
    endloop
  endfacet
  facet normal 0 0 -1
    outer loop
      vertex 672.7353400333213 720 203
      vertex 704.9807470510352 670 203
      vertex 672.7353400333213 670 203
    endloop
  endfacet
  facet normal 0 0 -1
    outer loop
      vertex 672.7353400333213 720 203
      vertex 704.9807470510352 720 203
      vertex 704.9807470510352 670 203
    endloop
  endfacet
  facet normal 0 0 -1
    outer loop
      vertex 1327.2646599666787 670 203
      vertex 1295.0192529489648 670 203
      vertex 1295.0192529489648 720 203
    endloop
  endfacet
  facet normal 0 0 -1
    outer loop
      vertex 1327.2646599666787 720 203
      vertex 1327.2646599666787 670 203
      vertex 1295.0192529489648 720 203
    endloop
  endfacet
  facet normal 0 0 -1
    outer loop
      vertex -1363.2646599666787 -670 203
      vertex -1331.0192529489648 -720 203
      vertex -1363.2646599666787 -720 203
    endloop
  endfacet
  facet normal 0 0 -1
    outer loop
      vertex -1363.2646599666787 -670 203
      vertex -1331.0192529489648 -670 203
      vertex -1331.0192529489648 -720 203
    endloop
  endfacet
  facet normal 0 0 -1
    outer loop
      vertex -708.7353400333213 -720 203
      vertex -740.9807470510352 -720 203
      vertex -740.9807470510352 -670 203
    endloop
  endfacet
  facet normal 0 0 -1
    outer loop
      vertex -708.7353400333213 -670 203
      vertex -708.7353400333213 -720 203
      vertex -740.9807470510352 -670 203
    endloop
  endfacet
  facet normal 0 0 -1
    outer loop
      vertex -1363.2646599666787 720 203
      vertex -1331.0192529489648 670 203
      vertex -1363.2646599666787 670 203
    endloop
  endfacet
  facet normal 0 0 -1
    outer loop
      vertex -1363.2646599666787 720 203
      vertex -1331.0192529489648 720 203
      vertex -1331.0192529489648 670 203
    endloop
  endfacet
  facet normal 0 0 -1
    outer loop
      vertex -708.7353400333213 670 203
      vertex -740.9807470510352 670 203
      vertex -740.9807470510352 720 203
    endloop
  endfacet
  facet normal 0 0 -1
    outer loop
      vertex -708.7353400333213 720 203
      vertex -708.7353400333213 670 203
      vertex -740.9807470510352 720 203
    endloop
  endfacet
endsolid OpenSCAD_Model
