solid OpenSCAD_Model
  facet normal -0.8664592362861091 -1.87287473222693e-15 -0.49924782608890006
    outer loop
      vertex -1510.0308644789689 -645.8266299111482 191.11409650828423
      vertex -1510.350187065297 -643.9786648911017 191.66829021694042
      vertex -1507.8906873317503 -643.035336744289 187.39975633574284
    endloop
  endfacet
  facet normal -0.8664592362861094 -1.1644991775787773e-16 -0.4992478260888998
    outer loop
      vertex -1507.8906873317503 -643.035336744289 187.39975633574284
      vertex -1510.350187065297 -643.9786648911017 191.66829021694042
      vertex -1510.3169244581686 -360.1170350968296 191.61056198726516
    endloop
  endfacet
  facet normal 0 0 -1
    outer loop
      vertex -1474.8902071788907 -615 170
      vertex -1326.8076777806573 -540 170
      vertex -1326.8076777806573 -615 170
    endloop
  endfacet
  facet normal -0.6697756395050759 4.197370537364229e-17 -0.7425635277372346
    outer loop
      vertex -1499.2682104632258 -635.6711560652006 178.28702227771282
      vertex -1499.466765168306 -635.8874095396588 178.46611416629108
      vertex -1499.3680596770885 1.1368683772161603e-12 178.37708402808283
    endloop
  endfacet
  facet normal -0.6697756395074669 2.026723824777659e-15 -0.742563527735078
    outer loop
      vertex -1503.9290794953704 -639.3682661689668 182.4910215586424
      vertex -1503.6568094128872 1.1368683772161603e-13 182.24544005375913
      vertex -1503.9254310233594 -638.3702144503114 182.48773071875712
    endloop
  endfacet
  facet normal -0.8664592362861032 9.192881598589048e-17 -0.49924782608891033
    outer loop
      vertex -1507.8906873317503 -643.035336744289 187.39975633574284
      vertex -1510.3169244581686 -360.1170350968296 191.61056198726516
      vertex -1509.7401735358512 -123.19510502265618 190.60959385567952
    endloop
  endfacet
  facet normal -0.2596576777569951 -1.4328728277709632e-16 -0.9657007250602251
    outer loop
      vertex -1488.2752169966698 -626.2953207618336 172.30594858527184
      vertex -1482.2137765437365 620.9709407283307 170.67614805698395
      vertex -1487.1373543569805 -625.5237674162171 172
    endloop
  endfacet
  facet normal -0.2596576777570225 -2.7285264736618015e-17 -0.9657007250602178
    outer loop
      vertex -1487.1373543569805 -625.5237674162171 172
      vertex -1482.2137765437365 620.9709407283307 170.67614805698395
      vertex -1484.6486910789445 -623.8362733274698 171.33084804564714
    endloop
  endfacet
  facet normal -0.25965767775703547 2.5838774279759415e-21 -0.9657007250602142
    outer loop
      vertex -1484.6486910789445 -623.8362733274698 171.33084804564714
      vertex -1482.2137765437365 620.9709407283307 170.67614805698395
      vertex -1482.2137765437365 -620.9145252990653 170.67614805698395
    endloop
  endfacet
  facet normal -0.777692118674183 0 -0.6286453440152568
    outer loop
      vertex -1507.8749151155353 -643.0292873939718 187.3723831921816
      vertex -1507.8749151155353 643.0292873939718 187.3723831921816
      vertex -1507.851387676319 -643.0074581890499 187.34327758561787
    endloop
  endfacet
  facet normal -0.8664592362861236 1.3910924024202276e-20 -0.49924782608887475
    outer loop
      vertex -1510.5413159507075 -644.9936488157941 192
      vertex -1511.0085577517748 -644.2311794944253 192.81091184169054
      vertex -1511.0085577517748 644.2311794944253 192.81091184169054
    endloop
  endfacet
  facet normal -0.1053919847287858 1.2383390886278456e-18 -0.9944307565411115
    outer loop
      vertex -1482.2137765437365 -620.9145252990653 170.67614805698395
      vertex -1475.97200550884 615.1859079278627 170.0146312713623
      vertex -1478.6789114919466 -619.2426406890154 170.30151519179344
    endloop
  endfacet
  facet normal -0.10539198472878526 1.5036748798772615e-20 -0.9944307565411116
    outer loop
      vertex -1478.6789114919466 -619.2426406890154 170.30151519179344
      vertex -1475.97200550884 615.1859079278627 170.0146312713623
      vertex -1475.97200550884 -615.2058776104931 170.0146312713623
    endloop
  endfacet
  facet normal -0.013523715957911952 0 -0.9999085503718276
    outer loop
      vertex -1475.97200550884 -615.2058776104931 170.0146312713623
      vertex -1474.8902071788907 615 170
      vertex -1474.8902071788907 -615 170
    endloop
  endfacet
  facet normal -0.9338912515724929 0 -0.3575571705844575
    outer loop
      vertex -1511.0085577517748 -644.2311794944253 192.81091184169054
      vertex -1513.2528467327356 -640.5688327344398 198.67269288748503
      vertex -1511.0085577517748 644.2311794944253 192.81091184169054
    endloop
  endfacet
  facet normal -0.978327765346542 0 -0.20706226974521816
    outer loop
      vertex -1513.2528467327356 -640.5688327344398 198.67269288748503
      vertex -1513.920782902604 -639.4788599687456 201.8285575520884
      vertex -1513.2528467327356 640.5688327344398 198.67269288748503
    endloop
  endfacet
  facet normal -0.9783277653465418 -3.065279222967062e-18 -0.20706226974521935
    outer loop
      vertex -1513.920782902604 -639.4788599687456 201.8285575520884
      vertex -1514.5525202080607 -637.9537111980551 204.81338983029127
      vertex -1513.2528467327356 640.5688327344398 198.67269288748503
    endloop
  endfacet
  facet normal -0.9915578257782371 0 -0.12966525416600752
    outer loop
      vertex -1514.5525202080607 -637.9537111980551 204.81338983029127
      vertex -1521.1267819554184 -622.0820393249937 255.08715612362076
      vertex -1514.5525202080607 637.9537111980551 204.81338983029127
    endloop
  endfacet
  facet normal -0.9915578257782377 2.346754504372692e-16 -0.12966525416600175
    outer loop
      vertex -1521.1267819554184 -622.0820393249937 255.08715612362076
      vertex -1525.5226008714164 -603.7721358048277 288.7022419451599
      vertex -1514.5525202080607 637.9537111980551 204.81338983029127
    endloop
  endfacet
  facet normal 0 0 -1
    outer loop
      vertex -1474.8902071788907 -615 170
      vertex -745.1923222193428 540 170
      vertex -1326.8076777806573 -540 170
    endloop
  endfacet
  facet normal -0.9915578257782375 3.60706801870597e-17 -0.12966525416600463
    outer loop
      vertex -1525.5226008714164 -603.7721358048277 288.7022419451599
      vertex -1526.66231302917 -589.290719788104 297.4176878556609
      vertex -1514.5525202080607 637.9537111980551 204.81338983029127
    endloop
  endfacet
  facet normal -0.997887224512526 0 -0.06496989421791817
    outer loop
      vertex -1526.66231302917 -589.290719788104 297.4176878556609
      vertex -1527 -585 302.60429802536964
      vertex -1526.66231302917 589.290719788104 297.4176878556609
    endloop
  endfacet
  facet normal -0.866459236286081 -1.2488659884583611e-16 -0.4992478260889487
    outer loop
      vertex -1510.3169244581686 -360.1170350968296 191.61056198726516
      vertex -1510.3155591908974 78.42091024575109 191.60819252589667
      vertex -1509.7401735358512 -123.19510502265618 190.60959385567952
    endloop
  endfacet
  facet normal -0.25965767775705134 1.5016086933357413e-16 -0.9657007250602099
    outer loop
      vertex -1488.2752169966698 -626.2953207618336 172.30594858527184
      vertex -1487.1373543569805 -169.52751593575852 172
      vertex -1482.2137765437365 620.9709407283307 170.67614805698395
    endloop
  endfacet
  facet normal -0.25965767775699633 3.03468087041137e-18 -0.9657007250602248
    outer loop
      vertex -1488.2752169966698 -626.2953207618336 172.30594858527184
      vertex -1488.2684626931941 626.2883770696857 172.30413248768608
      vertex -1487.1373543569805 -169.52751593575852 172
    endloop
  endfacet
  facet normal -1 0 0
    outer loop
      vertex -1527 -585 302.60429802536964
      vertex -1527 -585 846.3643374666572
      vertex -1527 585 302.60429802536964
    endloop
  endfacet
  facet normal 0 0 -1
    outer loop
      vertex -745.1923222193428 -615 170
      vertex -745.1923222193428 -540 170
      vertex 709.1923222193428 -615 170
    endloop
  endfacet
  facet normal 0 0 -1
    outer loop
      vertex -1326.8076777806573 -540 170
      vertex 1290.8076777806573 540 170
      vertex -745.1923222193428 -540 170
    endloop
  endfacet
  facet normal -0.9652557822951224 1.1878057445590914e-17 0.2613068593547274
    outer loop
      vertex -1525.5226008714164 -603.7721358048277 856.6684301875449
      vertex -1524.6711328402162 -607.3187553994256 859.813714787364
      vertex -1526.3112848326564 593.7509559211763 853.7550671175122
    endloop
  endfacet
  facet normal -0.9652557822951235 4.958369002770134e-20 0.26130685935472286
    outer loop
      vertex -1525.5226008714164 -603.7721358048277 856.6684301875449
      vertex -1526.3112848326564 593.7509559211763 853.7550671175122
      vertex -1526.3112848326564 -593.7509559211763 853.7550671175122
    endloop
  endfacet
  facet normal -0.9124944835142242 -6.553039251467061e-20 0.4090890093318435
    outer loop
      vertex -1522.1033925414085 -618.0141634757013 865.5411941483617
      vertex -1524.6711328402162 607.3187553994256 859.813714787364
      vertex -1524.6711328402162 -607.3187553994256 859.813714787364
    endloop
  endfacet
  facet normal -0.9998966353904558 0 0.01437770965230109
    outer loop
      vertex -1526.9834625199437 -585.2101286074155 847.5144351571798
      vertex -1527 585 846.3643374666572
      vertex -1527 -585 846.3643374666572
    endloop
  endfacet
  facet normal -0.9942492807056481 0 0.1070904655714096
    outer loop
      vertex -1526.9834625199437 -585.2101286074155 847.5144351571798
      vertex -1526.3112848326564 -593.7509559211763 853.7550671175122
      vertex -1526.9834625199437 585.2101286074155 847.5144351571798
    endloop
  endfacet
  facet normal -0.23835328231785988 -5.151117239902989e-21 0.9711785174767317
    outer loop
      vertex -1491.8528137423857 -669.8528137423857 893.3145128285811
      vertex -1492.8143465518951 668.7270034695687 893.0785268619657
      vertex -1492.8143465518951 -668.7270034695687 893.0785268619657
    endloop
  endfacet
  facet normal -0.23835328231789918 -2.993248653532205e-17 0.9711785174767221
    outer loop
      vertex -1491.8528137423857 -669.8528137423857 893.3145128285811
      vertex -1486.7185234874487 -674.2379118826908 894.5746055021882
      vertex -1492.8143465518951 668.7270034695687 893.0785268619657
    endloop
  endfacet
  facet normal -0.08349296757836151 -1.3116977694927194e-20 0.9965083664299856
    outer loop
      vertex -1480.4637118652463 -679.5800256804263 895.0986681208014
      vertex -1486.7185234874487 674.2379118826908 894.5746055021882
      vertex -1486.7185234874487 -674.2379118826908 894.5746055021882
    endloop
  endfacet
  facet normal -0.005050440637313159 6.0926074980425725e-15 0.9999872464433578
    outer loop
      vertex -1480.2196424908675 -679.7884806189965 895.0999007944091
      vertex -1368.246482111021 679.6797265782952 895.6654218062758
      vertex -1480.4637118652463 -679.5800256804263 895.0986681208014
    endloop
  endfacet
  facet normal -0.7917822553021743 5.479654104842311e-20 0.6108034546305403
    outer loop
      vertex -1513.920782902604 -639.4788599687456 876.954540673327
      vertex -1518.6712902113795 628.0101207957475 870.79647564888
      vertex -1518.6712902113795 -628.0101207957475 870.79647564888
    endloop
  endfacet
  facet normal -0.7917822553021688 5.595299383851819e-17 0.6108034546305475
    outer loop
      vertex -1513.920782902604 -639.4788599687456 876.954540673327
      vertex -1511.9329844489694 -642.7226522289815 879.5313164442778
      vertex -1518.6712902113795 628.0101207957475 870.79647564888
    endloop
  endfacet
  facet normal -0.8372645412512207 -1.729544740303728e-20 0.5467980321502472
    outer loop
      vertex -1521.1267819554184 -622.0820393249937 867.036593484465
      vertex -1522.1033925414085 618.0141634757013 865.5411941483617
      vertex -1522.1033925414085 -618.0141634757013 865.5411941483617
    endloop
  endfacet
  facet normal -0.8372645412512245 -1.0035030335375663e-17 0.5467980321502415
    outer loop
      vertex -1521.1267819554184 -622.0820393249937 867.036593484465
      vertex -1518.6712902113795 -628.0101207957475 870.79647564888
      vertex -1522.1033925414085 618.0141634757013 865.5411941483617
    endloop
  endfacet
  facet normal -0.7526548419920068 0 0.6584152859905267
    outer loop
      vertex -1511.9329844489694 -642.7226522289815 879.5313164442778
      vertex -1508.688452795148 -648.0172466822128 883.240240752697
      vertex -1511.9329844489694 642.7226522289815 879.5313164442778
    endloop
  endfacet
  facet normal -0.6532801501797288 -3.331654590905774e-17 0.7571162693940415
    outer loop
      vertex -1503.9362401664257 -655.7049391566458 887.3407023400068
      vertex -1508.688452795148 648.0172466822128 883.240240752697
      vertex -1504.0820393249937 -655.5342302750968 887.2148990782679
    endloop
  endfacet
  facet normal -0.6532801501797235 -2.18907706122808e-19 0.7571162693940462
    outer loop
      vertex -1504.0820393249937 -655.5342302750968 887.2148990782679
      vertex -1508.688452795148 648.0172466822128 883.240240752697
      vertex -1508.688452795148 -648.0172466822128 883.240240752697
    endloop
  endfacet
  facet normal -0.5267981094679665 -1.0790174807304951e-19 0.8499904422174266
    outer loop
      vertex -1498.6010816469789 -661.9516071942817 890.6472706049681
      vertex -1503.9362401664257 655.7049391566458 887.3407023400068
      vertex -1503.9362401664257 -655.7049391566458 887.3407023400068
    endloop
  endfacet
  facet normal -0.387344551309687 4.676153429751515e-20 0.9219350294737138
    outer loop
      vertex -1492.8143465518951 -668.7270034695687 893.0785268619657
      vertex -1498.6010816469789 661.9516071942817 890.6472706049681
      vertex -1498.6010816469789 -661.9516071942817 890.6472706049681
    endloop
  endfacet
  facet normal -0.005050440637238986 -1.6917434195995553e-17 0.9999872464433582
    outer loop
      vertex -1480.2196424908675 -679.7884806189965 895.0999007944091
      vertex -1368.2464821110163 -679.6797265782952 895.6654218062758
      vertex -1368.246482111021 679.6797265782952 895.6654218062758
    endloop
  endfacet
  facet normal -0.005050440637239154 -1.6895270013098492e-17 0.9999872464433582
    outer loop
      vertex -1368.2464821110163 -679.6797265782952 895.6654218062758
      vertex -654.4390529026452 -678.7512286603451 899.2705098316073
      vertex -1368.246482111021 679.6797265782952 895.6654218062758
    endloop
  endfacet
  facet normal -0.005050440637239265 -7.44923166608869e-17 0.9999872464433583
    outer loop
      vertex -654.4390529026452 -678.7512286603451 899.2705098316073
      vertex 206.70356874272585 -676.9497288912535 903.6197149902582
      vertex -1368.246482111021 679.6797265782952 895.6654218062758
    endloop
  endfacet
  facet normal 0 0 -1
    outer loop
      vertex -1474.8902071788907 -615 170
      vertex -1326.8076777806573 540 170
      vertex -745.1923222193428 540 170
    endloop
  endfacet
  facet normal -0.10539198472878596 0 -0.9944307565411115
    outer loop
      vertex -1482.2137765437365 -620.9145252990653 170.67614805698395
      vertex -1482.2137765437365 620.9709407283307 170.67614805698395
      vertex -1479.318967812775 619.6930339485407 170.3693497851491
    endloop
  endfacet
  facet normal -0.6697756395046244 -1.240539284273372e-15 -0.7425635277376418
    outer loop
      vertex -1501.5918086102304 2.3874235921539366e-12 180.382855666681
      vertex -1499.269446950024 635.2897978337645 178.28813756105913
      vertex -1501.3210083423594 2.1600499167107046e-12 180.13859990159662
    endloop
  endfacet
  facet normal -0.7776921186734921 3.19814978781599e-17 -0.6286453440161115
    outer loop
      vertex -1507.851387676319 -643.0074581890499 187.34327758561787
      vertex -1507.8749151155353 643.0292873939718 187.3723831921816
      vertex -1503.952341369971 639.3898489779948 182.5197986373476
    endloop
  endfacet
  facet normal -0.8664592362861235 0 -0.4992478260888747
    outer loop
      vertex -1510.5413159507075 -644.9936488157941 192
      vertex -1511.0085577517748 644.2311794944253 192.81091184169054
      vertex -1510.5413159507075 644.9936488157941 192
    endloop
  endfacet
  facet normal -0.10539198472878523 -1.7096088060945673e-18 -0.9944307565411115
    outer loop
      vertex -1482.2137765437365 -620.9145252990653 170.67614805698395
      vertex -1479.318967812775 619.6930339485407 170.3693497851491
      vertex -1475.97200550884 615.1859079278627 170.0146312713623
    endloop
  endfacet
  facet normal -0.013523715957911953 0 -0.9999085503718277
    outer loop
      vertex -1475.97200550884 -615.2058776104931 170.0146312713623
      vertex -1475.97200550884 615.1859079278627 170.0146312713623
      vertex -1474.8902071788907 615 170
    endloop
  endfacet
  facet normal -0.9338912515724929 0 -0.3575571705844575
    outer loop
      vertex -1513.2528467327356 -640.5688327344398 198.67269288748503
      vertex -1513.2528467327356 640.5688327344398 198.67269288748503
      vertex -1511.0085577517748 644.2311794944253 192.81091184169054
    endloop
  endfacet
  facet normal -0.9783277653465419 2.8560367353708193e-18 -0.20706226974521813
    outer loop
      vertex -1514.5525202080607 -637.9537111980551 204.81338983029127
      vertex -1513.920782902604 639.4788599687456 201.8285575520884
      vertex -1513.2528467327356 640.5688327344398 198.67269288748503
    endloop
  endfacet
  facet normal -0.9783277653465418 0 -0.20706226974521932
    outer loop
      vertex -1514.5525202080607 -637.9537111980551 204.81338983029127
      vertex -1514.5525202080607 637.9537111980551 204.81338983029127
      vertex -1513.920782902604 639.4788599687456 201.8285575520884
    endloop
  endfacet
  facet normal 0 0 -1
    outer loop
      vertex -1474.8902071788907 -615 170
      vertex -1474.8902071788907 615 170
      vertex -1326.8076777806573 540 170
    endloop
  endfacet
  facet normal -0.9915578257782373 -2.05103201484535e-17 -0.12966525416600538
    outer loop
      vertex -1526.66231302917 -589.290719788104 297.4176878556609
      vertex -1521.1267819554184 622.0820393249937 255.0871561236216
      vertex -1514.5525202080607 637.9537111980551 204.81338983029127
    endloop
  endfacet
  facet normal -0.9915578257782375 2.1416466637437213e-17 -0.12966525416600422
    outer loop
      vertex -1526.66231302917 -589.290719788104 297.4176878556609
      vertex -1525.5226008714164 603.7721358048277 288.7022419451601
      vertex -1521.1267819554184 622.0820393249937 255.0871561236216
    endloop
  endfacet
  facet normal -0.997887224512526 0 -0.06496989421791818
    outer loop
      vertex -1527 -585 302.60429802536964
      vertex -1527 585 302.60429802536964
      vertex -1526.66231302917 589.290719788104 297.4176878556609
    endloop
  endfacet
  facet normal -0.9915578257782371 0 -0.12966525416600705
    outer loop
      vertex -1526.66231302917 -589.290719788104 297.4176878556609
      vertex -1526.66231302917 589.290719788104 297.4176878556609
      vertex -1525.5226008714164 603.7721358048277 288.7022419451601
    endloop
  endfacet
  facet normal -0.25965767775701615 -7.425566969499391e-17 -0.9657007250602194
    outer loop
      vertex -1487.1373543569805 -169.52751593575852 172
      vertex -1487.1373543569807 625.5541362959415 172
      vertex -1485.1599095646015 624.2705098316073 171.46830450743437
    endloop
  endfacet
  facet normal -0.2596576777570189 -6.689219611976836e-17 -0.9657007250602188
    outer loop
      vertex -1487.1373543569805 -169.52751593575852 172
      vertex -1485.1599095646015 624.2705098316073 171.46830450743437
      vertex -1482.2137765437365 620.9709407283307 170.67614805698395
    endloop
  endfacet
  facet normal -0.5453670615425323 -8.774270224599395e-15 -0.8381973324846981
    outer loop
      vertex -1496.6284020863625 -4.547473508864641e-13 176.56944995704774
      vertex -1494.038022181821 631.253904880326 174.8840379161427
      vertex -1494.0136940426585 629.6269454562088 174.86820898749593
    endloop
  endfacet
  facet normal -0.40752973715030955 -5.707193383894506e-15 -0.9131919367461583
    outer loop
      vertex -1491.1298512500334 4.320099833421409e-12 173.57988487415577
      vertex -1488.308902953609 626.3290544285423 172.32098160146998
      vertex -1488.2752169966698 626.2927615170911 172.30594858527184
    endloop
  endfacet
  facet normal -0.6697756395029648 -1.2283933527310167e-14 -0.7425635277391386
    outer loop
      vertex -1501.5918086102304 2.3874235921539366e-12 180.382855666681
      vertex -1499.2924701792456 635.6536631339046 178.30890399719448
      vertex -1499.2693942519406 635.6292931077226 178.28809002857034
    endloop
  endfacet
  facet normal -0.6697756394927888 -7.989621731383048e-14 -0.742563527748317
    outer loop
      vertex -1501.5918086102304 2.3874235921539366e-12 180.382855666681
      vertex -1499.2693942519406 635.6292931077226 178.28809002857034
      vertex -1499.269446950024 635.2897978337645 178.28813756105913
    endloop
  endfacet
  facet normal 0 0 -1
    outer loop
      vertex -1474.8902071788907 615 170
      vertex -1326.8076777806573 615 170
      vertex -1326.8076777806573 540 170
    endloop
  endfacet
  facet normal -0.54536706154492 -5.962678571472886e-14 -0.8381973324831448
    outer loop
      vertex -1494.0136940426585 629.6269454562088 174.86820898749593
      vertex -1494.038022181821 631.253904880326 174.8840379161427
      vertex -1494.0125388916488 631.2268479318532 174.86745739680543
    endloop
  endfacet
  facet normal 0 0 -1
    outer loop
      vertex -1326.8076777806573 -540 170
      vertex -745.1923222193428 540 170
      vertex 709.1923222193428 540 170
    endloop
  endfacet
  facet normal 0 0 -1
    outer loop
      vertex -745.1923222193428 540 170
      vertex -745.1923222193428 615 170
      vertex 709.1923222193428 540 170
    endloop
  endfacet
  facet normal -1 0 0
    outer loop
      vertex -1527 -585 846.3643374666572
      vertex -1527 585 846.3643374666572
      vertex -1527 585 302.60429802536964
    endloop
  endfacet
  facet normal -0.9998966353904559 0 0.014377709652301092
    outer loop
      vertex -1526.9834625199437 -585.2101286074155 847.5144351571798
      vertex -1526.9834625199437 585.2101286074155 847.5144351571798
      vertex -1527 585 846.3643374666572
    endloop
  endfacet
  facet normal -0.9942492807056482 0 0.1070904655714096
    outer loop
      vertex -1526.3112848326564 -593.7509559211763 853.7550671175122
      vertex -1526.3112848326564 593.7509559211763 853.7550671175122
      vertex -1526.9834625199437 585.2101286074155 847.5144351571798
    endloop
  endfacet
  facet normal -0.9652557822951235 -1.2398617292576505e-17 0.26130685935472286
    outer loop
      vertex -1524.6711328402162 -607.3187553994256 859.813714787364
      vertex -1525.5226008714164 603.7721358048277 856.6684301875449
      vertex -1526.3112848326564 593.7509559211763 853.7550671175122
    endloop
  endfacet
  facet normal -0.9652557822951224 0 0.2613068593547274
    outer loop
      vertex -1524.6711328402162 -607.3187553994256 859.813714787364
      vertex -1524.6711328402162 607.3187553994256 859.813714787364
      vertex -1525.5226008714164 603.7721358048277 856.6684301875449
    endloop
  endfacet
  facet normal -0.9124944835142242 0 0.40908900933184356
    outer loop
      vertex -1522.1033925414085 -618.0141634757013 865.5411941483617
      vertex -1522.1033925414085 618.0141634757013 865.5411941483617
      vertex -1524.6711328402162 607.3187553994256 859.813714787364
    endloop
  endfacet
  facet normal -0.8372645412512209 2.450834907062745e-17 0.546798032150247
    outer loop
      vertex -1518.6712902113795 -628.0101207957475 870.79647564888
      vertex -1521.1267819554184 622.0820393249937 867.036593484465
      vertex -1522.1033925414085 618.0141634757013 865.5411941483617
    endloop
  endfacet
  facet normal -0.8372645412512246 0 0.5467980321502414
    outer loop
      vertex -1518.6712902113795 -628.0101207957475 870.79647564888
      vertex -1518.6712902113795 628.0101207957475 870.79647564888
      vertex -1521.1267819554184 622.0820393249937 867.036593484465
    endloop
  endfacet
  facet normal -0.7917822553021744 -2.3055432986171462e-17 0.6108034546305403
    outer loop
      vertex -1511.9329844489694 -642.7226522289815 879.5313164442778
      vertex -1513.920782902604 639.4788599687456 876.954540673327
      vertex -1518.6712902113795 628.0101207957475 870.79647564888
    endloop
  endfacet
  facet normal -0.7917822553021687 0 0.6108034546305475
    outer loop
      vertex -1511.9329844489694 -642.7226522289815 879.5313164442778
      vertex -1511.9329844489694 642.7226522289815 879.5313164442778
      vertex -1513.920782902604 639.4788599687456 876.954540673327
    endloop
  endfacet
  facet normal -0.7526548419920069 0 0.6584152859905268
    outer loop
      vertex -1508.688452795148 -648.0172466822128 883.240240752697
      vertex -1508.688452795148 648.0172466822128 883.240240752697
      vertex -1511.9329844489694 642.7226522289815 879.5313164442778
    endloop
  endfacet
  facet normal -0.6532801501797236 1.0404093317063127e-18 0.7571162693940461
    outer loop
      vertex -1503.9362401664257 -655.7049391566458 887.3407023400068
      vertex -1504.0820393249937 655.5342302750968 887.2148990782679
      vertex -1508.688452795148 648.0172466822128 883.240240752697
    endloop
  endfacet
  facet normal -0.653280150179729 0 0.7571162693940415
    outer loop
      vertex -1503.9362401664257 -655.7049391566458 887.3407023400068
      vertex -1503.9362401664257 655.7049391566458 887.3407023400068
      vertex -1504.0820393249937 655.5342302750968 887.2148990782679
    endloop
  endfacet
  facet normal -0.5267981094679665 0 0.8499904422174265
    outer loop
      vertex -1498.6010816469789 -661.9516071942817 890.6472706049681
      vertex -1498.6010816469789 661.9516071942817 890.6472706049681
      vertex -1503.9362401664257 655.7049391566458 887.3407023400068
    endloop
  endfacet
  facet normal -0.3873445513096869 0 0.9219350294737136
    outer loop
      vertex -1492.8143465518951 -668.7270034695687 893.0785268619657
      vertex -1492.8143465518951 668.7270034695687 893.0785268619657
      vertex -1498.6010816469789 661.9516071942817 890.6472706049681
    endloop
  endfacet
  facet normal -0.23835328231786018 1.581640403092978e-16 0.9711785174767317
    outer loop
      vertex -1486.7185234874487 -674.2379118826908 894.5746055021882
      vertex -1491.8528137423857 669.8528137423857 893.3145128285811
      vertex -1492.8143465518951 668.7270034695687 893.0785268619657
    endloop
  endfacet
  facet normal -0.2383532823178992 0 0.9711785174767221
    outer loop
      vertex -1486.7185234874487 -674.2379118826908 894.5746055021882
      vertex -1486.7185234874487 674.2379118826908 894.5746055021882
      vertex -1491.8528137423857 669.8528137423857 893.3145128285811
    endloop
  endfacet
  facet normal -0.08349296757836151 0 0.9965083664299857
    outer loop
      vertex -1480.4637118652463 -679.5800256804263 895.0986681208014
      vertex -1480.4637118652463 679.5800256804263 895.0986681208014
      vertex -1486.7185234874487 674.2379118826908 894.5746055021882
    endloop
  endfacet
  facet normal -0.005050440637318363 0 0.9999872464433579
    outer loop
      vertex -1480.4637118652463 -679.5800256804263 895.0986681208014
      vertex -1480.2196424908675 679.7884806189965 895.0999007944091
      vertex -1480.4637118652463 679.5800256804263 895.0986681208014
    endloop
  endfacet
  facet normal -0.00505044063723919 -1.4215359063566223e-17 0.9999872464433582
    outer loop
      vertex -1480.4637118652463 -679.5800256804263 895.0986681208014
      vertex -1368.246482111021 679.6797265782952 895.6654218062758
      vertex -1480.2196424908675 679.7884806189965 895.0999007944091
    endloop
  endfacet
  facet normal -0.005050440637239167 3.7525159044922175e-17 0.9999872464433582
    outer loop
      vertex -1368.246482111021 679.6797265782952 895.6654218062758
      vertex 206.70356874272585 -676.9497288912535 903.6197149902582
      vertex 470 676.185526323007 904.9494949457439
    endloop
  endfacet
  facet normal -0.005050440637239058 5.6471256842674774e-14 0.9999872464433582
    outer loop
      vertex -1368.246482111021 679.6797265782952 895.6654218062758
      vertex 470 676.185526323007 904.9494949457439
      vertex -469.5563883957634 678.4307554811239 900.2042606621981
    endloop
  endfacet
  facet normal 0 0 -1
    outer loop
      vertex -745.1923222193428 -540 170
      vertex 709.1923222193428 -540 170
      vertex 709.1923222193428 -615 170
    endloop
  endfacet
  facet normal 0 0 -1
    outer loop
      vertex -745.1923222193428 -540 170
      vertex 1290.8076777806573 540 170
      vertex 709.1923222193428 -540 170
    endloop
  endfacet
  facet normal 0 0 -1
    outer loop
      vertex 1290.8076777806573 -615 170
      vertex 1290.8076777806573 -540 170
      vertex 1467.4540786147118 -615 170
    endloop
  endfacet
  facet normal 0 0 -1
    outer loop
      vertex 709.1923222193428 -540 170
      vertex 1290.8076777806573 540 170
      vertex 1290.8076777806573 -540 170
    endloop
  endfacet
  facet normal 0 0 -1
    outer loop
      vertex 1290.8076777806573 -540 170
      vertex 1290.8076777806573 540 170
      vertex 1467.4540786147118 -615 170
    endloop
  endfacet
  facet normal 0.0784590955887522 2.7072699858218554e-21 -0.9969173337440748
    outer loop
      vertex 1471.2851923795397 -619.2426406890154 170.30151519179344
      vertex 1473.7114572152495 620.2058514563784 170.49246637523174
      vertex 1473.7114572152495 -620.0948038987193 170.49246637523174
    endloop
  endfacet
  facet normal 0.233445363573612 9.604662986067939e-17 -0.9723699204654493
    outer loop
      vertex 1473.7114572152495 -620.0948038987193 170.49246637523174
      vertex 1479.8147583901882 614.0065827607111 171.95773934572935
      vertex 1474.1832260478068 -620.6002599603372 170.6057280509799
    endloop
  endfacet
  facet normal 0.2334453635736319 5.2581156669149244e-20 -0.9723699204654445
    outer loop
      vertex 1474.1832260478068 -620.6002599603372 170.6057280509799
      vertex 1479.8147583901882 614.0065827607111 171.95773934572935
      vertex 1479.8147583901882 -614.0065827607111 171.95773934572935
    endloop
  endfacet
  facet normal 0.07845909558876055 -1.639880443077663e-17 -0.9969173337440742
    outer loop
      vertex 1471.2851923795397 -619.2426406890154 170.30151519179344
      vertex 1467.4540786147118 -615 170
      vertex 1473.7114572152495 620.2058514563784 170.49246637523174
    endloop
  endfacet
  facet normal 0.38268343326680765 0 -0.9238795321377828
    outer loop
      vertex 1479.8147583901882 -614.0065827607111 171.95773934572935
      vertex 1479.8147583901882 614.0065827607111 171.95773934572935
      vertex 1479.9167846346015 -613.8871253767077 172
    endloop
  endfacet
  facet normal 0.9238795321378196 0 -0.38268343326671933
    outer loop
      vertex 1503.160456342972 -576.450853229314 192
      vertex 1503.160456342972 576.450853229314 192
      vertex 1505.4963392689824 -570.8115329892241 197.63932022452354
    endloop
  endfacet
  facet normal 0.9665260675497311 -8.937962418858342e-20 -0.25656843287289355
    outer loop
      vertex 1505.4963392689824 -570.8115329892241 197.63932022452354
      vertex 1506.6183007135987 568.1028784531718 201.86589233577251
      vertex 1506.6183007135987 -568.1028784531718 201.86589233577251
    endloop
  endfacet
  facet normal 0.9791055524219735 -1.2877778096400204e-17 -0.20335269168728087
    outer loop
      vertex 1506.6183007135987 -568.1028784531718 201.86589233577251
      vertex 1524.1683183368816 510.9799269592531 286.36597717597976
      vertex 1515.7429987478854 -546.073908706238 245.7996236053977
    endloop
  endfacet
  facet normal 0.9791055524219735 -2.2419792715558396e-17 -0.20335269168728065
    outer loop
      vertex 1515.7429987478854 -546.073908706238 245.7996236053977
      vertex 1526.164222098887 485.61956512551234 295.9758841767907
      vertex 1524.1683183368816 -510.9799269592531 286.3659771759799
    endloop
  endfacet
  facet normal 0.9791055524219731 8.619398885183071e-20 -0.20335269168728287
    outer loop
      vertex 1524.1683183368816 -510.9799269592531 286.3659771759799
      vertex 1526.164222098887 485.61956512551234 295.9758841767907
      vertex 1526.164222098887 -485.61956512551234 295.9758841767907
    endloop
  endfacet
  facet normal 0.9920421650500744 -5.57887114159783e-20 -0.12590608707588713
    outer loop
      vertex 1526.164222098887 -485.61956512551234 295.9758841767907
      vertex 1526.9545003175735 475.57812828034145 302.2026626691222
      vertex 1526.9545003175735 -475.57812828034145 302.2026626691222
    endloop
  endfacet
  facet normal 0.9997155865547175 0 -0.023848396163205724
    outer loop
      vertex 1526.9545003175735 -475.57812828034145 302.2026626691222
      vertex 1527 475 304.1099918410182
      vertex 1527 -475 304.1099918410182
    endloop
  endfacet
  facet normal 1 0 0
    outer loop
      vertex 1527 -475 304.1099918410182
      vertex 1527 475 637.8246348202229
      vertex 1527 -475 637.8246348202229
    endloop
  endfacet
  facet normal -0.005050440637238976 2.1721911189048782e-20 0.9999872464433582
    outer loop
      vertex 206.70356874272585 -676.9497288912535 903.6197149902582
      vertex 470 -676.1348386870482 904.9494949457439
      vertex 470 676.185526323007 904.9494949457439
    endloop
  endfacet
  facet normal 0.058342012253968754 -2.8267164940777716e-17 0.9982966541094674
    outer loop
      vertex 503.6182100984953 -676.9497288912535 903.6197149902582
      vertex 488.69523778216194 676.4871304631233 904.4918367490172
      vertex 484 -676.2471412846414 904.7662337622643
    endloop
  endfacet
  facet normal 0.05834201225397112 -2.1280884665550333e-18 0.9982966541094674
    outer loop
      vertex 503.6182100984953 -676.9497288912535 903.6197149902582
      vertex 578.0379428121415 -678.7512286603451 899.2705098316073
      vertex 488.69523778216194 676.4871304631233 904.4918367490172
    endloop
  endfacet
  facet normal 0.05834201225397133 1.1724980904153103e-17 0.9982966541094674
    outer loop
      vertex 578.0379428121415 -678.7512286603451 899.2705098316073
      vertex 639.7250045780572 -679.6797265782952 895.6654218062758
      vertex 488.69523778216194 676.4871304631233 904.4918367490172
    endloop
  endfacet
  facet normal 0.9985244555583207 -2.6732137431716235e-20 0.05430388247592621
    outer loop
      vertex 1527 -475 637.8246348202229
      vertex 1526.7640870660543 477.9975580386251 642.1625352278352
      vertex 1526.7640870660543 -477.9975580386251 642.1625352278352
    endloop
  endfacet
  facet normal 0.9941021765994945 -2.3824950365152646e-18 0.10844751025333628
    outer loop
      vertex 1524.1683183368816 -510.9799269592531 665.9570818946189
      vertex 1526.7640870660543 -477.9975580386251 642.1625352278352
      vertex 1516.7026159912348 542.0768152231399 734.3926866799593
    endloop
  endfacet
  facet normal 0.9941021765994945 -3.0597761129851336e-19 0.10844751025333624
    outer loop
      vertex 1524.1683183368816 -510.9799269592531 665.9570818946189
      vertex 1516.7026159912348 542.0768152231399 734.3926866799593
      vertex 1516.7026159912348 -542.0768152231399 734.3926866799593
    endloop
  endfacet
  facet normal 0.05834201225397116 -7.523393337892278e-18 0.9982966541094673
    outer loop
      vertex 639.7250045780572 -679.6797265782952 895.6654218062758
      vertex 1246.5134788379073 -686.4992773603685 860.203757725656
      vertex 488.69523778216194 676.4871304631233 904.4918367490172
    endloop
  endfacet
  facet normal 0.9825289976749393 -6.6434432989694086e-18 0.1861095610866867
    outer loop
      vertex 1516.7026159912348 -542.0768152231399 734.3926866799593
      vertex 1515.534456960857 546.5773731168036 740.5597536191344
      vertex 1515.7429987478854 -546.073908706238 739.4587980756038
    endloop
  endfacet
  facet normal 0.9825289976749404 -1.3286568086089004e-21 0.18610956108668036
    outer loop
      vertex 1515.7429987478854 -546.073908706238 739.4587980756038
      vertex 1515.534456960857 546.5773731168036 740.5597536191344
      vertex 1515.534456960857 -546.5773731168036 740.5597536191344
    endloop
  endfacet
  facet normal 0.941318485881988 -1.6030619924569837e-20 0.33751964111269367
    outer loop
      vertex 1515.534456960857 -546.5773731168036 740.5597536191344
      vertex 1513.4159380942583 551.6919300966892 746.4681533947587
      vertex 1513.4159380942583 -551.6919300966892 746.4681533947587
    endloop
  endfacet
  facet normal 0.6549305384409443 -5.74601598732488e-20 0.7556890827697955
    outer loop
      vertex 1501.9315005633246 -579.4178149400958 761.3260328347524
      vertex 1503.135750465095 -576.5104984947551 760.2823495864868
      vertex 1503.135750465095 576.5104984947551 760.2823495864868
    endloop
  endfacet
  facet normal 0.7909477742629728 2.1789026193543965e-19 0.6118836640967379
    outer loop
      vertex 1510.3992243558168 -558.9749213178318 751.9724015966058
      vertex 1506.5585972368717 568.2470153964069 756.9369653686881
      vertex 1506.5585972368717 -568.2470153964069 756.9369653686881
    endloop
  endfacet
  facet normal 0.8769295889407513 0 0.48061886775303003
    outer loop
      vertex 1513.4159380942583 -551.6919300966892 746.4681533947587
      vertex 1510.3992243558168 558.9749213178318 751.9724015966058
      vertex 1510.3992243558168 -558.9749213178318 751.9724015966058
    endloop
  endfacet
  facet normal 0.6989681514656441 0 0.7151527971256915
    outer loop
      vertex 1503.135750465095 -576.5104984947551 760.2823495864868
      vertex 1506.5585972368717 -568.2470153964069 756.9369653686881
      vertex 1503.135750465095 576.5104984947551 760.2823495864868
    endloop
  endfacet
  facet normal 0.23547218007689716 0 0.9718810896451445
    outer loop
      vertex 1430.443197131157 -662.1447234805796 817.2634533047676
      vertex 1430.8434105068445 -661.899472408534 817.1664876192808
      vertex 1430.443197131157 662.1447234805796 817.2634533047676
    endloop
  endfacet
  facet normal 0.3158872266380087 0 0.9487967432737885
    outer loop
      vertex 1430.8434105068445 -661.899472408534 817.1664876192808
      vertex 1432.1906080272688 -661.073908706238 816.7179590050362
      vertex 1430.8434105068445 661.899472408534 817.1664876192808
    endloop
  endfacet
  facet normal 0.6549305384409261 2.3217813827718386e-17 0.7556890827698113
    outer loop
      vertex 1501.9315005633246 -579.4178149400958 761.3260328347524
      vertex 1447.4217633157969 648.0652731570113 808.5678051188588
      vertex 1483.073908706238 -610.1906080272688 777.6692791119028
    endloop
  endfacet
  facet normal 0.6549305384409255 -1.2770003398321547e-18 0.7556890827698118
    outer loop
      vertex 1459.6345596729059 -637.6345596729059 797.983381608711
      vertex 1483.073908706238 -610.1906080272688 777.6692791119028
      vertex 1447.4217633157969 648.0652731570113 808.5678051188588
    endloop
  endfacet
  facet normal 0.6549305384409256 0 0.7556890827698117
    outer loop
      vertex 1447.4217633157969 -648.0652731570113 808.5678051188588
      vertex 1459.6345596729059 -637.6345596729059 797.983381608711
      vertex 1447.4217633157969 648.0652731570113 808.5678051188588
    endloop
  endfacet
  facet normal 0.5936209235470894 0 0.8047448037279276
    outer loop
      vertex 1442.3705993518233 -652.3793747377503 812.2938019856811
      vertex 1447.4217633157969 -648.0652731570113 808.5678051188588
      vertex 1442.3705993518233 652.3793747377503 812.2938019856811
    endloop
  endfacet
  facet normal 0.315887226637978 -3.4693221498221354e-17 0.9487967432737987
    outer loop
      vertex 1432.1906080272688 -661.073908706238 816.7179590050362
      vertex 1436.798749268055 -657.1381842765949 815.1837495267391
      vertex 1430.8434105068445 661.899472408534 817.1664876192808
    endloop
  endfacet
  facet normal 0.4604226432252138 -1.2785386179438377e-19 0.8876998308017792
    outer loop
      vertex 1442.3705993518233 -652.3793747377503 812.2938019856811
      vertex 1436.798749268055 657.1381842765949 815.1837495267391
      vertex 1436.798749268055 -657.1381842765949 815.1837495267391
    endloop
  endfacet
  facet normal 0.15340893295476957 0 0.9881627898730446
    outer loop
      vertex 1247.196024991572 -686.5080751621095 860.1580091565847
      vertex 1253.3984537050128 -686.6932494105768 859.1951030641794
      vertex 1247.196024991572 686.5080751621095 860.1580091565847
    endloop
  endfacet
  facet normal 0.06687628430277022 0 0.9977612753549093
    outer loop
      vertex 1246.5134788379073 -686.4992773603685 860.203757725656
      vertex 1247.196024991572 -686.5080751621095 860.1580091565847
      vertex 1246.5134788379073 686.4992773603685 860.203757725656
    endloop
  endfacet
  facet normal 0.23046638388227417 0 0.9730802874892844
    outer loop
      vertex 1253.3984537050128 -686.6932494105768 859.1951030641794
      vertex 1372.0470175350051 -692.0972831862256 831.0941274198397
      vertex 1253.3984537050128 686.6932494105769 859.1951030641794
    endloop
  endfacet
  facet normal 0.23046638388227159 -2.338354471746963e-16 0.9730802874892849
    outer loop
      vertex 1372.0470175350051 -692.0972831862256 831.0941274198397
      vertex 1401.4178149400957 -679.9315005633246 824.1378859290628
      vertex 1253.3984537050128 686.6932494105769 859.1951030641794
    endloop
  endfacet
  facet normal 0.23046638388227547 2.1194631033369314e-16 0.9730802874892841
    outer loop
      vertex 1401.4178149400957 -679.9315005633246 824.1378859290628
      vertex 1430.443197131157 -662.1447234805796 817.2634533047676
      vertex 1253.3984537050128 686.6932494105769 859.1951030641794
    endloop
  endfacet
  facet normal 0 0 -1
    outer loop
      vertex -1326.8076777806573 -540 170
      vertex 709.1923222193428 540 170
      vertex 1290.8076777806573 540 170
    endloop
  endfacet
  facet normal 0 0 -1
    outer loop
      vertex -745.1923222193428 615 170
      vertex 709.1923222193428 615 170
      vertex 709.1923222193428 540 170
    endloop
  endfacet
  facet normal 0.9791055524219734 1.2760237379780925e-17 -0.20335269168728123
    outer loop
      vertex 1506.6183007135987 -568.1028784531718 201.86589233577251
      vertex 1515.7429987478854 546.073908706238 245.7996236053977
      vertex 1524.1683183368816 510.9799269592531 286.36597717597976
    endloop
  endfacet
  facet normal 0.9791055524219735 -2.3894307235048292e-17 -0.20335269168728076
    outer loop
      vertex 1515.7429987478854 -546.073908706238 245.7996236053977
      vertex 1524.1683183368816 510.9799269592531 286.36597717597976
      vertex 1526.164222098887 485.61956512551234 295.9758841767907
    endloop
  endfacet
  facet normal 0.9920421650500745 0 -0.12590608707588713
    outer loop
      vertex 1526.164222098887 -485.61956512551234 295.9758841767907
      vertex 1526.164222098887 485.61956512551234 295.9758841767907
      vertex 1526.9545003175735 475.57812828034145 302.2026626691222
    endloop
  endfacet
  facet normal 0.9997155865547175 0 -0.023848396163205728
    outer loop
      vertex 1526.9545003175735 -475.57812828034145 302.2026626691222
      vertex 1526.9545003175735 475.57812828034145 302.2026626691222
      vertex 1527 475 304.1099918410182
    endloop
  endfacet
  facet normal 0 0 -1
    outer loop
      vertex 1467.4540786147118 -615 170
      vertex 1290.8076777806573 540 170
      vertex 1290.8076777806573 615 170
    endloop
  endfacet
  facet normal 0 0 -1
    outer loop
      vertex 1467.4540786147118 -615 170
      vertex 1290.8076777806573 615 170
      vertex 1467.4540786147118 615 170
    endloop
  endfacet
  facet normal 0.23344536357363038 0 -0.9723699204654448
    outer loop
      vertex 1473.7114572152495 -620.0948038987193 170.49246637523174
      vertex 1473.7114572152495 620.2058514563784 170.49246637523174
      vertex 1479.8147583901882 614.0065827607111 171.95773934572935
    endloop
  endfacet
  facet normal 0.07845909558875529 0 -0.9969173337440745
    outer loop
      vertex 1467.4540786147118 -615 170
      vertex 1467.4540786147118 615 170
      vertex 1472.1471126124495 619.6930339485407 170.3693497851491
    endloop
  endfacet
  facet normal 0.07845909558876348 -3.135520138829452e-17 -0.996917333744074
    outer loop
      vertex 1467.4540786147118 -615 170
      vertex 1472.1471126124495 619.6930339485407 170.3693497851491
      vertex 1473.7114572152495 620.2058514563784 170.49246637523174
    endloop
  endfacet
  facet normal 0.3826834332668077 0 -0.9238795321377828
    outer loop
      vertex 1479.9167846346015 -613.8871253767077 172
      vertex 1479.8147583901882 614.0065827607111 171.95773934572935
      vertex 1479.9167846346015 613.8871253767077 172
    endloop
  endfacet
  facet normal 0.9665260675497312 0 -0.2565684328728935
    outer loop
      vertex 1505.4963392689824 -570.8115329892241 197.63932022452354
      vertex 1505.4963392689824 570.8115329892241 197.63932022452354
      vertex 1506.6183007135987 568.1028784531718 201.86589233577251
    endloop
  endfacet
  facet normal 0.9238795321378196 0 -0.38268343326671933
    outer loop
      vertex 1505.4963392689824 -570.8115329892241 197.63932022452354
      vertex 1503.160456342972 576.450853229314 192
      vertex 1505.4963392689824 570.8115329892241 197.63932022452354
    endloop
  endfacet
  facet normal 0.9791055524219734 0 -0.20335269168728087
    outer loop
      vertex 1506.6183007135987 -568.1028784531718 201.86589233577251
      vertex 1506.6183007135987 568.1028784531718 201.86589233577251
      vertex 1515.7429987478854 546.073908706238 245.7996236053977
    endloop
  endfacet
  facet normal 1 0 0
    outer loop
      vertex 1527 -475 304.1099918410182
      vertex 1527 475 304.1099918410182
      vertex 1527 475 637.8246348202229
    endloop
  endfacet
  facet normal 0.38268343326673887 2.568706140643151e-18 -0.9238795321378116
    outer loop
      vertex 1481.4753164092092 9.72974876566252 172.64556500021385
      vertex 1479.9356154790448 613.8650772906618 172.00779999118083
      vertex 1483.073908706238 610.1906080272688 173.30772361217612
    endloop
  endfacet
  facet normal 0.3826834332667348 1.5170302385229187e-17 -0.9238795321378133
    outer loop
      vertex 1481.4753164092092 9.72974876566252 172.64556500021385
      vertex 1483.073908706238 610.1906080272688 173.30772361217612
      vertex 1485.5987422343937 606.0704541746283 174.3535439051594
    endloop
  endfacet
  facet normal 0.23344536357363987 1.0066556831782379e-14 -0.9723699204654426
    outer loop
      vertex 1479.8147583901882 614.0065827607111 171.95773934572935
      vertex 1473.7114572152495 620.2058514563784 170.49246637523174
      vertex 1474.1475900773548 620.6419843208788 170.59717261142615
    endloop
  endfacet
  facet normal 0.05834201225396064 -1.5818763914135478e-20 0.998296654109468
    outer loop
      vertex 488.69523778216194 676.4871304631233 904.4918367490172
      vertex 484 676.3062984015044 904.7662337622643
      vertex 484 -676.2471412846414 904.7662337622643
    endloop
  endfacet
  facet normal -0.005050440637239308 -4.8286179352529016e-14 0.9999872464433582
    outer loop
      vertex -469.5563883957634 678.4307554811239 900.2042606621981
      vertex 470 676.185526323007 904.9494949457439
      vertex 379.38367702364656 676.4871304631233 904.4918367490172
    endloop
  endfacet
  facet normal 0.9985244555583208 0 0.05430388247592622
    outer loop
      vertex 1527 -475 637.8246348202229
      vertex 1527 475 637.8246348202229
      vertex 1526.7640870660543 477.9975580386251 642.1625352278352
    endloop
  endfacet
  facet normal 0.9941021765994944 0 0.10844751025333625
    outer loop
      vertex 1526.7640870660543 -477.9975580386251 642.1625352278352
      vertex 1526.7640870660543 477.9975580386251 642.1625352278352
      vertex 1524.1683183368816 510.9799269592531 665.9570818946189
    endloop
  endfacet
  facet normal 0.9941021765994944 1.2605759224882125e-18 0.10844751025333621
    outer loop
      vertex 1526.7640870660543 -477.9975580386251 642.1625352278352
      vertex 1524.1683183368816 510.9799269592531 665.9570818946189
      vertex 1516.7026159912348 542.0768152231399 734.3926866799593
    endloop
  endfacet
  facet normal 0.05834201225397109 -1.1427973493012941e-17 0.9982966541094674
    outer loop
      vertex 1246.5134788379073 -686.4992773603685 860.203757725656
      vertex 562.0604286000361 678.4307554811239 900.2042606621981
      vertex 488.69523778216194 676.4871304631233 904.4918367490172
    endloop
  endfacet
  facet normal 0.058342012253970676 -2.222716775347525e-16 0.9982966541094673
    outer loop
      vertex 1246.5134788379073 -686.4992773603685 860.203757725656
      vertex 639.725004578058 679.6797265782952 895.6654218062758
      vertex 562.0604286000361 678.4307554811239 900.2042606621981
    endloop
  endfacet
  facet normal 0.05834201225397124 0 0.9982966541094673
    outer loop
      vertex 1246.5134788379073 -686.4992773603685 860.203757725656
      vertex 1246.5134788379073 686.4992773603685 860.203757725656
      vertex 639.725004578058 679.6797265782952 895.6654218062758
    endloop
  endfacet
  facet normal 0.9825289976749393 0 0.18610956108668672
    outer loop
      vertex 1516.7026159912348 -542.0768152231399 734.3926866799593
      vertex 1516.7026159912348 542.0768152231399 734.3926866799593
      vertex 1515.7429987478854 546.073908706238 739.4587980756038
    endloop
  endfacet
  facet normal 0.9825289976749404 3.04580128691068e-17 0.1861095610866803
    outer loop
      vertex 1516.7026159912348 -542.0768152231399 734.3926866799593
      vertex 1515.7429987478854 546.073908706238 739.4587980756038
      vertex 1515.534456960857 546.5773731168036 740.5597536191344
    endloop
  endfacet
  facet normal 0.9413184858819881 0 0.3375196411126937
    outer loop
      vertex 1515.534456960857 -546.5773731168036 740.5597536191344
      vertex 1515.534456960857 546.5773731168036 740.5597536191344
      vertex 1513.4159380942583 551.6919300966892 746.4681533947587
    endloop
  endfacet
  facet normal 0.8769295889407515 0 0.48061886775303003
    outer loop
      vertex 1513.4159380942583 -551.6919300966892 746.4681533947587
      vertex 1513.4159380942583 551.6919300966892 746.4681533947587
      vertex 1510.3992243558168 558.9749213178318 751.9724015966058
    endloop
  endfacet
  facet normal 0.6549305384409444 0 0.7556890827697955
    outer loop
      vertex 1501.9315005633246 -579.4178149400958 761.3260328347524
      vertex 1503.135750465095 576.5104984947551 760.2823495864868
      vertex 1501.9315005633246 579.4178149400958 761.3260328347524
    endloop
  endfacet
  facet normal 0.7909477742629728 0 0.6118836640967379
    outer loop
      vertex 1510.3992243558168 -558.9749213178318 751.9724015966058
      vertex 1510.3992243558168 558.9749213178318 751.9724015966058
      vertex 1506.5585972368717 568.2470153964069 756.9369653686881
    endloop
  endfacet
  facet normal 0.6989681514656441 0 0.7151527971256915
    outer loop
      vertex 1506.5585972368717 -568.2470153964069 756.9369653686881
      vertex 1506.5585972368717 568.2470153964069 756.9369653686881
      vertex 1503.135750465095 576.5104984947551 760.2823495864868
    endloop
  endfacet
  facet normal 0.6549305384409234 0 0.7556890827698136
    outer loop
      vertex 1501.9315005633246 -579.4178149400958 761.3260328347524
      vertex 1501.9315005633246 579.4178149400958 761.3260328347524
      vertex 1483.073908706238 610.1906080272688 777.6692791119027
    endloop
  endfacet
  facet normal 0.23547218007689716 0 0.9718810896451444
    outer loop
      vertex 1430.8434105068445 -661.899472408534 817.1664876192808
      vertex 1430.8434105068445 661.899472408534 817.1664876192808
      vertex 1430.443197131157 662.1447234805796 817.2634533047676
    endloop
  endfacet
  facet normal 0.6549305384409277 1.1717420943115291e-16 0.75568908276981
    outer loop
      vertex 1501.9315005633246 -579.4178149400958 761.3260328347524
      vertex 1483.073908706238 610.1906080272688 777.6692791119027
      vertex 1459.6345596729059 637.6345596729059 797.983381608711
    endloop
  endfacet
  facet normal 0.4604226432252138 0 0.8876998308017793
    outer loop
      vertex 1442.3705993518233 -652.3793747377503 812.2938019856811
      vertex 1442.3705993518233 652.3793747377503 812.2938019856811
      vertex 1436.798749268055 657.1381842765949 815.1837495267391
    endloop
  endfacet
  facet normal 0.5936209235470894 0 0.8047448037279277
    outer loop
      vertex 1447.4217633157969 -648.0652731570113 808.5678051188588
      vertex 1447.4217633157969 648.0652731570113 808.5678051188588
      vertex 1442.3705993518233 652.3793747377503 812.2938019856811
    endloop
  endfacet
  facet normal 0.3158872266380089 1.191780279811002e-16 0.9487967432737885
    outer loop
      vertex 1436.798749268055 -657.1381842765949 815.1837495267391
      vertex 1432.1906080272688 661.073908706238 816.7179590050362
      vertex 1430.8434105068445 661.899472408534 817.1664876192808
    endloop
  endfacet
  facet normal 0.31588722663797797 0 0.9487967432737987
    outer loop
      vertex 1436.798749268055 -657.1381842765949 815.1837495267391
      vertex 1436.798749268055 657.1381842765949 815.1837495267391
      vertex 1432.1906080272688 661.073908706238 816.7179590050362
    endloop
  endfacet
  facet normal 0.6549305384409256 -1.1832597726684668e-17 0.7556890827698115
    outer loop
      vertex 1501.9315005633246 -579.4178149400958 761.3260328347524
      vertex 1459.6345596729059 637.6345596729059 797.983381608711
      vertex 1447.4217633157969 648.0652731570113 808.5678051188588
    endloop
  endfacet
  facet normal 0.15340893295476957 0 0.9881627898730446
    outer loop
      vertex 1253.3984537050128 -686.6932494105768 859.1951030641794
      vertex 1253.3984537050128 686.6932494105769 859.1951030641794
      vertex 1247.196024991572 686.5080751621095 860.1580091565847
    endloop
  endfacet
  facet normal 0.06687628430277022 0 0.9977612753549092
    outer loop
      vertex 1247.196024991572 -686.5080751621095 860.1580091565847
      vertex 1247.196024991572 686.5080751621095 860.1580091565847
      vertex 1246.5134788379073 686.4992773603685 860.203757725656
    endloop
  endfacet
  facet normal 0.23046638388227417 2.719450465687327e-17 0.9730802874892843
    outer loop
      vertex 1430.443197131157 -662.1447234805796 817.2634533047676
      vertex 1372.0470175350051 692.0972831862256 831.0941274198397
      vertex 1253.3984537050128 686.6932494105769 859.1951030641794
    endloop
  endfacet
  facet normal 0.23046638388227142 -9.511400071201328e-17 0.973080287489285
    outer loop
      vertex 1430.443197131157 -662.1447234805796 817.2634533047676
      vertex 1401.4178149400957 679.9315005633246 824.1378859290628
      vertex 1372.0470175350051 692.0972831862256 831.0941274198397
    endloop
  endfacet
  facet normal 0.23046638388227558 0 0.973080287489284
    outer loop
      vertex 1430.443197131157 -662.1447234805796 817.2634533047676
      vertex 1430.443197131157 662.1447234805796 817.2634533047676
      vertex 1401.4178149400957 679.9315005633246 824.1378859290628
    endloop
  endfacet
  facet normal -0.8664592362861047 -4.024675250263724e-15 -0.4992478260889076
    outer loop
      vertex -1507.8749151155353 -650.7456388426995 187.3723831921816
      vertex -1510.0278160815471 -653.5815836969473 191.10880592520334
      vertex -1510.0308644789689 -645.8266299111482 191.11409650828423
    endloop
  endfacet
  facet normal -0.8664592362860397 -3.90341618920442e-15 -0.49924782608902035
    outer loop
      vertex -1510.0278160815471 -653.5815836969473 191.10880592520334
      vertex -1510.5413159507075 -652.7335726015838 192
      vertex -1510.0308644789689 -645.8266299111482 191.11409650828423
    endloop
  endfacet
  facet normal -0.8664592362860905 1.1106477224835761e-14 -0.49924782608893253
    outer loop
      vertex -1510.5413159507075 -652.7335726015838 192
      vertex -1510.350187065297 -643.9786648911017 191.66829021694042
      vertex -1510.0308644789689 -645.8266299111482 191.11409650828423
    endloop
  endfacet
  facet normal -0.6697756395050136 3.018431285963557e-15 -0.7425635277372907
    outer loop
      vertex -1499.2682104632258 -643.299209937983 178.28702227771282
      vertex -1499.4679498368855 -643.5193642049134 178.4671827107668
      vertex -1499.466765168306 -635.8874095396588 178.46611416629108
    endloop
  endfacet
  facet normal -0.6697756395050757 0 -0.7425635277372346
    outer loop
      vertex -1499.2682104632258 -643.299209937983 178.28702227771282
      vertex -1499.466765168306 -635.8874095396588 178.46611416629108
      vertex -1499.2682104632258 -635.6711560652006 178.28702227771282
    endloop
  endfacet
  facet normal -0.2596576777569952 0 -0.9657007250602251
    outer loop
      vertex -1488.2752169966698 -633.8108646109756 172.30594858527184
      vertex -1488.2752169966698 -626.2953207618336 172.30594858527184
      vertex -1487.1373543569805 -633.0300526252116 172
    endloop
  endfacet
  facet normal -0.2596576777569952 0 -0.9657007250602251
    outer loop
      vertex -1487.1373543569805 -633.0300526252116 172
      vertex -1488.2752169966698 -626.2953207618336 172.30594858527184
      vertex -1487.1373543569805 -625.5237674162171 172
    endloop
  endfacet
  facet normal -0.7776921186734868 -1.844312917417331e-17 -0.628645344016118
    outer loop
      vertex -1507.8749151155353 -650.7456388426995 187.3723831921816
      vertex -1503.9290794953704 -639.3682661689668 182.4910215586424
      vertex -1503.9290794953704 -647.0406853629944 182.4910215586424
    endloop
  endfacet
  facet normal -0.6697756395071611 0 -0.7425635277353537
    outer loop
      vertex -1503.9290794953704 -647.0406853629944 182.4910215586424
      vertex -1503.9290794953704 -639.3682661689668 182.4910215586424
      vertex -1503.9254310233594 -638.3702144503114 182.48773071875712
    endloop
  endfacet
  facet normal -0.7776921186734805 -5.403531819782145e-15 -0.6286453440161257
    outer loop
      vertex -1507.8749151155353 -650.7456388426995 187.3723831921816
      vertex -1507.851387676319 -643.0074581890499 187.34327758561787
      vertex -1503.9290794953704 -639.3682661689668 182.4910215586424
    endloop
  endfacet
  facet normal -0.866459236285115 0 -0.4992478260906253
    outer loop
      vertex -1507.8749151155353 -650.7456388426995 187.3723831921816
      vertex -1507.8906873317503 -643.035336744289 187.39975633574284
      vertex -1507.8749151155353 -643.0292873939718 187.3723831921816
    endloop
  endfacet
  facet normal -0.777692118674183 0 -0.6286453440152567
    outer loop
      vertex -1507.8749151155353 -650.7456388426995 187.3723831921816
      vertex -1507.8749151155353 -643.0292873939718 187.3723831921816
      vertex -1507.851387676319 -643.0074581890499 187.34327758561787
    endloop
  endfacet
  facet normal -0.8664592362861071 -8.141620782041655e-15 -0.49924782608890367
    outer loop
      vertex -1507.8749151155353 -650.7456388426995 187.3723831921816
      vertex -1510.0308644789689 -645.8266299111482 191.11409650828423
      vertex -1507.8906873317503 -643.035336744289 187.39975633574284
    endloop
  endfacet
  facet normal -0.8664592362859614 -1.8572212957710286e-16 -0.49924782608915624
    outer loop
      vertex -1510.5413159507075 -652.7335726015838 192
      vertex -1510.3169244581686 -360.1170350968296 191.61056198726516
      vertex -1510.350187065297 -643.9786648911017 191.66829021694042
    endloop
  endfacet
  facet normal -0.4075297371513493 9.062325012292721e-20 -0.9131919367456942
    outer loop
      vertex -1494.0070740804076 -638.8235675969513 174.86390175670385
      vertex -1491.1298512500334 4.320099833421409e-12 173.57988487415577
      vertex -1489.9785866778952 -635.7508755156398 173.066110573709
    endloop
  endfacet
  facet normal -0.5453670615440513 -1.5112497138512578e-16 -0.83819733248371
    outer loop
      vertex -1494.9302735448994 -639.8502070949971 175.4645748436451
      vertex -1496.6284020863625 -4.547473508864641e-13 176.56944995704774
      vertex -1494.0070740804076 -638.8235675969513 174.86390175670385
    endloop
  endfacet
  facet normal -0.6697756395048232 2.387119959734946e-17 -0.7425635277374625
    outer loop
      vertex -1499.4679498368855 -643.5193642049134 178.4671827107668
      vertex -1503.3846961537333 -646.668 182
      vertex -1501.3210083423594 2.1600499167107046e-12 180.13859990159662
    endloop
  endfacet
  facet normal -0.5453670615440337 -8.463536339575073e-17 -0.8381973324837213
    outer loop
      vertex -1494.9302735448994 -639.8502070949971 175.4645748436451
      vertex -1499.2682104632258 -643.299209937983 178.28702227771282
      vertex -1496.6284020863625 -4.547473508864641e-13 176.56944995704774
    endloop
  endfacet
  facet normal -0.6697756395042886 2.815705978836787e-15 -0.7425635277379447
    outer loop
      vertex -1499.4679498368855 -643.5193642049134 178.4671827107668
      vertex -1501.3210083423594 2.1600499167107046e-12 180.13859990159662
      vertex -1499.466765168306 -635.8874095396588 178.46611416629108
    endloop
  endfacet
  facet normal -0.669775639504727 -6.10595309360665e-16 -0.7425635277375492
    outer loop
      vertex -1503.3846961537333 -646.668 182
      vertex -1503.9290794953704 -647.0406853629944 182.4910215586424
      vertex -1501.5918086102304 2.3874235921539366e-12 180.382855666681
    endloop
  endfacet
  facet normal -0.40752973715135227 0 -0.913191936745693
    outer loop
      vertex -1488.2752169966698 -633.8108646109756 172.30594858527184
      vertex -1491.1298512500334 4.320099833421409e-12 173.57988487415577
      vertex -1488.2752169966698 -626.2953207618336 172.30594858527184
    endloop
  endfacet
  facet normal -0.4075297371513543 -1.0668895507467689e-17 -0.9131919367456921
    outer loop
      vertex -1488.2752169966698 -633.8108646109756 172.30594858527184
      vertex -1489.9785866778952 -635.7508755156398 173.066110573709
      vertex -1491.1298512500334 4.320099833421409e-12 173.57988487415577
    endloop
  endfacet
  facet normal -0.8664592362860826 0 -0.4992478260889459
    outer loop
      vertex -1510.5413159507075 -652.7335726015838 192
      vertex -1510.5413159507075 -644.9936488157941 192
      vertex -1510.3155591908974 78.42091024575109 191.60819252589667
    endloop
  endfacet
  facet normal -0.8664592362859809 -1.2614159077522438e-16 -0.49924782608912277
    outer loop
      vertex -1510.5413159507075 -652.7335726015838 192
      vertex -1510.3155591908974 78.42091024575109 191.60819252589667
      vertex -1510.3169244581686 -360.1170350968296 191.61056198726516
    endloop
  endfacet
  facet normal -0.5453670615440407 0 -0.838197332483717
    outer loop
      vertex -1499.2682104632258 -643.299209937983 178.28702227771282
      vertex -1499.2682104632258 -635.6711560652006 178.28702227771282
      vertex -1495.3374329320263 640.2251602562964 175.72949016839266
    endloop
  endfacet
  facet normal -0.6697756395046246 -1.1272027787558742e-15 -0.7425635277376416
    outer loop
      vertex -1503.3846961537333 -646.668 182
      vertex -1501.5918086102304 2.3874235921539366e-12 180.382855666681
      vertex -1501.3210083423594 2.1600499167107046e-12 180.13859990159662
    endloop
  endfacet
  facet normal -0.6697756395048264 -2.8239921966070194e-17 -0.7425635277374595
    outer loop
      vertex -1499.466765168306 -635.8874095396588 178.46611416629108
      vertex -1501.3210083423594 2.1600499167107046e-12 180.13859990159662
      vertex -1499.3680596770885 1.1368683772161603e-12 178.37708402808283
    endloop
  endfacet
  facet normal -0.6697756395044485 -2.0700683024430265e-15 -0.7425635277378002
    outer loop
      vertex -1503.9290794953704 -647.0406853629944 182.4910215586424
      vertex -1503.9254310233594 -638.3702144503114 182.48773071875712
      vertex -1499.8222977336504 643.8477618788779 178.78679656237364
    endloop
  endfacet
  facet normal -0.7776921186734825 -4.136329857750085e-17 -0.6286453440161233
    outer loop
      vertex -1503.9290794953704 -639.3682661689668 182.4910215586424
      vertex -1507.851387676319 -643.0074581890499 187.34327758561787
      vertex -1503.952341369971 639.3898489779948 182.5197986373476
    endloop
  endfacet
  facet normal -0.866459236285115 0 -0.49924782609062524
    outer loop
      vertex -1507.8749151155353 -643.0292873939718 187.3723831921816
      vertex -1507.8906873317503 -643.035336744289 187.39975633574284
      vertex -1507.8749151155353 643.0292873939718 187.3723831921816
    endloop
  endfacet
  facet normal -0.8664592362861243 -2.099029173929255e-16 -0.4992478260888736
    outer loop
      vertex -1507.8906873317503 -643.035336744289 187.39975633574284
      vertex -1509.7401735358512 -123.19510502265618 190.60959385567952
      vertex -1510.5413159507075 652.7335726015838 192
    endloop
  endfacet
  facet normal -0.5453670615440209 2.6257259922150366e-17 -0.8381973324837297
    outer loop
      vertex -1494.0070740804076 -638.8235675969513 174.86390175670385
      vertex -1496.6284020863625 -4.547473508864641e-13 176.56944995704774
      vertex -1494.0136940426585 629.6269454562088 174.86820898749593
    endloop
  endfacet
  facet normal -0.4075297371513394 -5.331410845972186e-17 -0.9131919367456987
    outer loop
      vertex -1494.0070740804076 -638.8235675969513 174.86390175670385
      vertex -1490.435023178158 636.1631515701413 173.26980427652597
      vertex -1491.1298512500334 4.320099833421409e-12 173.57988487415577
    endloop
  endfacet
  facet normal -0.40752973715135227 0 -0.913191936745693
    outer loop
      vertex -1488.2752169966698 -626.2953207618336 172.30594858527184
      vertex -1491.1298512500334 4.320099833421409e-12 173.57988487415577
      vertex -1488.2752169966698 626.2927615170911 172.30594858527184
    endloop
  endfacet
  facet normal -0.6697756395051279 2.7155496779143682e-17 -0.7425635277371876
    outer loop
      vertex -1499.2682104632258 -635.6711560652006 178.28702227771282
      vertex -1499.3680596770885 1.1368683772161603e-12 178.37708402808283
      vertex -1499.269446950024 635.2897978337645 178.28813756105913
    endloop
  endfacet
  facet normal -0.5453670615440708 1.3143135579652277e-16 -0.8381973324836972
    outer loop
      vertex -1499.2682104632258 -643.299209937983 178.28702227771282
      vertex -1495.3374329320263 640.2251602562964 175.72949016839266
      vertex -1496.6284020863625 -4.547473508864641e-13 176.56944995704774
    endloop
  endfacet
  facet normal -0.6697756395049155 6.233344984233049e-16 -0.7425635277373793
    outer loop
      vertex -1503.9290794953704 -647.0406853629944 182.4910215586424
      vertex -1499.8222977336504 643.8477618788779 178.78679656237364
      vertex -1501.5918086102304 2.3874235921539366e-12 180.382855666681
    endloop
  endfacet
  facet normal -0.6697756395048043 -5.091569501887771e-18 -0.7425635277374795
    outer loop
      vertex -1503.9254310233594 -638.3702144503114 182.48773071875712
      vertex -1503.6568094128872 1.1368683772161603e-13 182.24544005375913
      vertex -1499.8222977336504 643.8477618788779 178.78679656237364
    endloop
  endfacet
  facet normal -0.6697756395048424 0 -0.742563527737445
    outer loop
      vertex -1503.9290794953704 -639.3682661689668 182.4910215586424
      vertex -1503.9290794953704 647.0406853629944 182.4910215586424
      vertex -1503.6568094128872 1.1368683772161603e-13 182.24544005375913
    endloop
  endfacet
  facet normal -0.8664592362860827 0 -0.49924782608894597
    outer loop
      vertex -1510.5413159507075 -644.9936488157941 192
      vertex -1510.5413159507075 644.9936488157941 192
      vertex -1510.3155591908974 78.42091024575109 191.60819252589667
    endloop
  endfacet
  facet normal -0.5453670616025441 -4.084702032725162e-16 -0.838197332445652
    outer loop
      vertex -1494.0070740804076 -638.8235675969513 174.86390175670385
      vertex -1494.0136940426585 629.6269454562088 174.86820898749593
      vertex -1494.0125388916488 631.2268479318532 174.86745739680543
    endloop
  endfacet
  facet normal -0.5453670615358482 0 -0.8381973324890473
    outer loop
      vertex -1494.0070740804076 -638.8235675969513 174.86390175670385
      vertex -1494.0125388916488 631.2268479318532 174.86745739680543
      vertex -1494.0070740804076 638.7956982024051 174.86390175670385
    endloop
  endfacet
  facet normal -0.25965767775647147 0 -0.965700725060366
    outer loop
      vertex -1488.2752169966698 -626.2953207618336 172.30594858527184
      vertex -1488.2752169966698 626.2927615170911 172.30594858527184
      vertex -1488.2684626931941 626.2883770696857 172.30413248768608
    endloop
  endfacet
  facet normal -0.6697756397737282 -4.467552558762388e-16 -0.7425635274949159
    outer loop
      vertex -1499.2682104632258 -635.6711560652006 178.28702227771282
      vertex -1499.269446950024 635.2897978337645 178.28813756105913
      vertex -1499.2693942519406 635.6292931077226 178.28809002857034
    endloop
  endfacet
  facet normal -0.6697756395048263 -5.771823059913744e-17 -0.7425635277374595
    outer loop
      vertex -1499.3680596770885 1.1368683772161603e-12 178.37708402808283
      vertex -1501.3210083423594 2.1600499167107046e-12 180.13859990159662
      vertex -1499.269446950024 635.2897978337645 178.28813756105913
    endloop
  endfacet
  facet normal -0.40752973715135526 0 -0.9131919367456915
    outer loop
      vertex -1494.0070740804076 -638.8235675969513 174.86390175670385
      vertex -1494.0070740804076 638.7956982024051 174.86390175670385
      vertex -1490.435023178158 636.1631515701413 173.26980427652597
    endloop
  endfacet
  facet normal -0.6697756395091763 0 -0.7425635277335361
    outer loop
      vertex -1499.2682104632258 -635.6711560652006 178.28702227771282
      vertex -1499.2693942519406 635.6292931077226 178.28809002857034
      vertex -1499.2682104632258 643.2555794472769 178.28702227771282
    endloop
  endfacet
  facet normal -0.5453670615440405 0 -0.8381973324837169
    outer loop
      vertex -1499.2682104632258 -635.6711560652006 178.28702227771282
      vertex -1499.2682104632258 643.2555794472769 178.28702227771282
      vertex -1495.3374329320263 640.2251602562964 175.72949016839266
    endloop
  endfacet
  facet normal -0.8664592362860682 2.29274025527007e-17 -0.49924782608897106
    outer loop
      vertex -1509.7401735358512 -123.19510502265618 190.60959385567952
      vertex -1510.3155591908974 78.42091024575109 191.60819252589667
      vertex -1510.5413159507075 652.7335726015838 192
    endloop
  endfacet
  facet normal -0.7776921186725839 0 -0.628645344017235
    outer loop
      vertex -1503.9290794953704 -639.3682661689668 182.4910215586424
      vertex -1503.952341369971 639.3898489779948 182.5197986373476
      vertex -1503.9290794953704 647.0406853629944 182.4910215586424
    endloop
  endfacet
  facet normal -0.8664592362851149 -8.214334804773132e-20 -0.49924782609062546
    outer loop
      vertex -1507.8906873317503 -643.035336744289 187.39975633574284
      vertex -1507.8749151155353 650.7456388426995 187.3723831921816
      vertex -1507.8749151155353 643.0292873939718 187.3723831921816
    endloop
  endfacet
  facet normal -0.8664592362860929 4.783032936377121e-17 -0.49924782608892804
    outer loop
      vertex -1507.8906873317503 -643.035336744289 187.39975633574284
      vertex -1510.5413159507075 652.7335726015838 192
      vertex -1507.8749151155353 650.7456388426995 187.3723831921816
    endloop
  endfacet
  facet normal -0.259657677757047 -7.425566969500273e-17 -0.9657007250602111
    outer loop
      vertex -1487.1373543569805 -169.52751593575852 172
      vertex -1488.2684626931941 626.2883770696857 172.30413248768608
      vertex -1487.1373543569807 625.5541362959415 172
    endloop
  endfacet
  facet normal -0.4075297371513598 -2.6650400222611378e-17 -0.9131919367456897
    outer loop
      vertex -1491.1298512500334 4.320099833421409e-12 173.57988487415577
      vertex -1490.435023178158 636.1631515701413 173.26980427652597
      vertex -1488.308902953609 626.3290544285423 172.32098160146998
    endloop
  endfacet
  facet normal -0.5453670615440434 5.280114595490135e-17 -0.8381973324837152
    outer loop
      vertex -1496.6284020863625 -4.547473508864641e-13 176.56944995704774
      vertex -1495.3374329320263 640.2251602562964 175.72949016839266
      vertex -1494.038022181821 631.253904880326 174.8840379161427
    endloop
  endfacet
  facet normal -0.6697756395166214 7.717934298714291e-14 -0.7425635277268208
    outer loop
      vertex -1501.5918086102304 2.3874235921539366e-12 180.382855666681
      vertex -1499.2682104632258 643.2555794472769 178.28702227771282
      vertex -1499.2924701792456 635.6536631339046 178.30890399719448
    endloop
  endfacet
  facet normal -0.669775639504914 6.172168388123862e-16 -0.7425635277373805
    outer loop
      vertex -1501.5918086102304 2.3874235921539366e-12 180.382855666681
      vertex -1499.8222977336504 643.8477618788779 178.78679656237364
      vertex -1499.2682104632258 643.2555794472769 178.28702227771282
    endloop
  endfacet
  facet normal -0.669775639504796 -9.499377475876995e-17 -0.7425635277374869
    outer loop
      vertex -1503.6568094128872 1.1368683772161603e-13 182.24544005375913
      vertex -1503.3846961537336 646.668 182
      vertex -1499.8222977336504 643.8477618788779 178.78679656237364
    endloop
  endfacet
  facet normal -0.6697756395048815 -2.97769453247886e-17 -0.7425635277374099
    outer loop
      vertex -1503.6568094128872 1.1368683772161603e-13 182.24544005375913
      vertex -1503.9290794953704 647.0406853629944 182.4910215586424
      vertex -1503.3846961537336 646.668 182
    endloop
  endfacet
  facet normal -0.8664592362860831 -1.6237213112768457e-18 -0.49924782608894497
    outer loop
      vertex -1510.3155591908974 78.42091024575109 191.60819252589667
      vertex -1510.5413159507075 644.9936488157941 192
      vertex -1510.5413159507075 652.7335726015838 192
    endloop
  endfacet
  facet normal -0.5453670615448686 9.269996859801685e-15 -0.8381973324831781
    outer loop
      vertex -1494.0125388916488 631.2268479318532 174.86745739680543
      vertex -1494.038022181821 631.253904880326 174.8840379161427
      vertex -1494.0070740804076 638.7956982024051 174.86390175670385
    endloop
  endfacet
  facet normal -0.25965767775647147 0 -0.965700725060366
    outer loop
      vertex -1488.2752169966698 626.2927615170911 172.30594858527184
      vertex -1488.2752169966698 633.8082746552961 172.30594858527184
      vertex -1488.2684626931941 626.2883770696857 172.30413248768608
    endloop
  endfacet
  facet normal -0.407529737150302 0 -0.9131919367461615
    outer loop
      vertex -1488.2752169966698 626.2927615170911 172.30594858527184
      vertex -1488.308902953609 626.3290544285423 172.32098160146998
      vertex -1488.2752169966698 633.8082746552961 172.30594858527184
    endloop
  endfacet
  facet normal -0.259657677757047 -3.1544816458937468e-18 -0.9657007250602112
    outer loop
      vertex -1488.2684626931941 626.2883770696857 172.30413248768608
      vertex -1487.1373543569807 633.0607859314928 172
      vertex -1487.1373543569807 625.5541362959415 172
    endloop
  endfacet
  facet normal -0.40752973715133817 5.596294229795058e-15 -0.9131919367456993
    outer loop
      vertex -1488.308902953609 626.3290544285423 172.32098160146998
      vertex -1490.435023178158 636.1631515701413 173.26980427652597
      vertex -1488.2752169966698 633.8082746552961 172.30594858527184
    endloop
  endfacet
  facet normal -0.25965767775704396 -5.513278937568858e-16 -0.9657007250602121
    outer loop
      vertex -1488.2684626931941 626.2883770696857 172.30413248768608
      vertex -1488.2752169966698 633.8082746552961 172.30594858527184
      vertex -1487.1373543569807 633.0607859314928 172
    endloop
  endfacet
  facet normal -0.5453670615440226 4.328596542277029e-15 -0.8381973324837285
    outer loop
      vertex -1494.038022181821 631.253904880326 174.8840379161427
      vertex -1495.3374329320263 640.2251602562964 175.72949016839266
      vertex -1494.0070740804076 638.7956982024051 174.86390175670385
    endloop
  endfacet
  facet normal -0.6697756395029605 -1.749830703737189e-15 -0.7425635277391427
    outer loop
      vertex -1499.2693942519406 635.6292931077226 178.28809002857034
      vertex -1499.2924701792456 635.6536631339046 178.30890399719448
      vertex -1499.2682104632258 643.2555794472769 178.28702227771282
    endloop
  endfacet
  facet normal -0.7776921186734895 6.967274430108213e-15 -0.6286453440161145
    outer loop
      vertex -1503.952341369971 639.3898489779948 182.5197986373476
      vertex -1507.8749151155353 643.0292873939718 187.3723831921816
      vertex -1503.9290794953704 647.0406853629944 182.4910215586424
    endloop
  endfacet
  facet normal -0.7776921186734868 -1.8338125111861014e-17 -0.628645344016118
    outer loop
      vertex -1503.9290794953704 647.0406853629944 182.4910215586424
      vertex -1507.8749151155353 643.0292873939718 187.3723831921816
      vertex -1507.8749151155353 650.7456388426995 187.3723831921816
    endloop
  endfacet
  facet normal -0.8664592362860802 6.874917790443372e-14 -0.4992478260889502
    outer loop
      vertex -1507.8749151155353 650.7456388426995 187.3723831921816
      vertex -1510.5413159507075 652.7335726015838 192
      vertex -1510.0278160815471 653.5815836969473 191.10880592520328
    endloop
  endfacet
  facet normal 0.38268343326672577 0 -0.9238795321378168
    outer loop
      vertex 1479.9167846346015 -621.2537708812281 172
      vertex 1479.9167846346015 -613.8871253767077 172
      vertex 1483.073908706238 -617.512895323596 173.30772361217612
    endloop
  endfacet
  facet normal 0.38268343326672544 2.2407845480330392e-17 -0.9238795321378169
    outer loop
      vertex 1483.073908706238 -617.512895323596 173.30772361217612
      vertex 1485.5987422343937 606.0704541746283 174.3535439051594
      vertex 1485.6136986017227 -613.3186001725858 174.35973903536797
    endloop
  endfacet
  facet normal 0.38268343326672577 -5.1297893740900674e-20 -0.9238795321378168
    outer loop
      vertex 1483.073908706238 -617.512895323596 173.30772361217612
      vertex 1479.9167846346015 -613.8871253767077 172
      vertex 1479.9167846346015 613.8871253767077 172
    endloop
  endfacet
  facet normal 0.5224985639219092 1.170454834475929e-19 -0.8526401648406804
    outer loop
      vertex 1485.6136986017227 -613.3186001725858 174.35973903536797
      vertex 1490.9654887095094 604.4804725234362 177.63932022452354
      vertex 1490.9654887095094 -604.4804725234362 177.63932022452354
    endloop
  endfacet
  facet normal 0.6494480485799715 -2.964796263105997e-20 -0.7604059653866918
    outer loop
      vertex 1490.9654887095094 -604.4804725234362 177.63932022452354
      vertex 1495.7383498623967 596.5984077803683 181.71572875231504
      vertex 1495.7383498623967 -596.5984077803683 181.71572875231504
    endloop
  endfacet
  facet normal 0.760405965386692 -2.998632342054903e-20 -0.6494480485799716
    outer loop
      vertex 1495.7383498623967 -596.5984077803683 181.71572875231504
      vertex 1499.8147583901882 589.8664885172635 186.4885899052024
      vertex 1499.8147583901882 -589.8664885172635 186.4885899052024
    endloop
  endfacet
  facet normal 0.8526401648406794 9.586263007673013e-18 -0.5224985639219106
    outer loop
      vertex 1499.8147583901882 -589.8664885172635 186.4885899052024
      vertex 1503.0943395793438 583.5297988953669 191.84038001298904
      vertex 1501.9315005633246 -586.370828719377 189.9427991988722
    endloop
  endfacet
  facet normal 0.8526401648406821 2.4738914578269268e-20 -0.5224985639219064
    outer loop
      vertex 1501.9315005633246 -586.370828719377 189.9427991988722
      vertex 1503.0943395793438 583.5297988953669 191.84038001298904
      vertex 1503.0943395793438 -583.5297988953669 191.84038001298904
    endloop
  endfacet
  facet normal 0.923879532137702 0 -0.38268343326700294
    outer loop
      vertex 1503.0943395793438 -583.5297988953669 191.84038001298904
      vertex 1503.0943395793438 583.5297988953669 191.84038001298904
      vertex 1503.160456342972 -583.3682634680658 192
    endloop
  endfacet
  facet normal 0.9238795321377021 0 -0.38268343326700294
    outer loop
      vertex 1503.160456342972 -583.3682634680658 192
      vertex 1503.0943395793438 583.5297988953669 191.84038001298904
      vertex 1503.160456342972 -576.450853229314 192
    endloop
  endfacet
  facet normal 0.3826834332667374 -6.491290908179169e-18 -0.923879532137812
    outer loop
      vertex 1483.073908706238 -617.512895323596 173.30772361217612
      vertex 1481.4753164092092 9.72974876566252 172.64556500021385
      vertex 1485.5987422343937 606.0704541746283 174.3535439051594
    endloop
  endfacet
  facet normal 0.3826834332644234 -6.917763138534568e-15 -0.9238795321387707
    outer loop
      vertex 1483.073908706238 -617.512895323596 173.30772361217612
      vertex 1479.9167846346015 613.8871253767077 172
      vertex 1481.4753164092092 9.72974876566252 172.64556500021385
    endloop
  endfacet
  facet normal 0.6494480485799715 0 -0.7604059653866919
    outer loop
      vertex 1490.9654887095094 -604.4804725234362 177.63932022452354
      vertex 1490.9654887095094 604.4804725234362 177.63932022452354
      vertex 1495.7383498623967 596.5984077803683 181.71572875231504
    endloop
  endfacet
  facet normal 0.7604059653866919 0 -0.6494480485799715
    outer loop
      vertex 1495.7383498623967 -596.5984077803683 181.71572875231504
      vertex 1495.7383498623967 596.5984077803683 181.71572875231504
      vertex 1499.8147583901882 589.8664885172635 186.4885899052024
    endloop
  endfacet
  facet normal 0.8526401648406822 -1.7705053639490586e-17 -0.5224985639219064
    outer loop
      vertex 1499.8147583901882 -589.8664885172635 186.4885899052024
      vertex 1501.9315005633246 586.370828719377 189.9427991988722
      vertex 1503.0943395793438 583.5297988953669 191.84038001298904
    endloop
  endfacet
  facet normal 0.9238795321377021 0 -0.382683433267003
    outer loop
      vertex 1503.160456342972 -576.450853229314 192
      vertex 1503.0943395793438 583.5297988953669 191.84038001298904
      vertex 1503.160456342972 576.450853229314 192
    endloop
  endfacet
  facet normal 0.8526401648406794 0 -0.5224985639219107
    outer loop
      vertex 1499.8147583901882 -589.8664885172635 186.4885899052024
      vertex 1499.8147583901882 589.8664885172635 186.4885899052024
      vertex 1501.9315005633246 586.370828719377 189.9427991988722
    endloop
  endfacet
  facet normal 0.38268343326516674 0 -0.9238795321384626
    outer loop
      vertex 1485.6136986017227 -613.3186001725858 174.35973903536797
      vertex 1485.5987422343937 606.0704541746283 174.3535439051594
      vertex 1485.6136986017227 613.3186001725858 174.35973903536797
    endloop
  endfacet
  facet normal 0.5224985639219092 0 -0.8526401648406804
    outer loop
      vertex 1485.6136986017227 -613.3186001725858 174.35973903536797
      vertex 1485.6136986017227 613.3186001725858 174.35973903536797
      vertex 1490.9654887095094 604.4804725234362 177.63932022452354
    endloop
  endfacet
  facet normal 0.38268343326455423 -6.51674217896408e-15 -0.9238795321387164
    outer loop
      vertex 1481.4753164092092 9.72974876566252 172.64556500021385
      vertex 1479.9167846346015 613.8871253767077 172
      vertex 1479.9356154790448 613.8650772906618 172.00779999118083
    endloop
  endfacet
  facet normal 0.9238795321377021 -4.1957205263645093e-19 -0.38268343326700294
    outer loop
      vertex 1503.0943395793438 583.5297988953669 191.84038001298904
      vertex 1503.160456342972 583.3682634680658 192
      vertex 1503.160456342972 576.450853229314 192
    endloop
  endfacet
  facet normal 0.38268343326672954 -3.774728542412709e-15 -0.9238795321378154
    outer loop
      vertex 1483.073908706238 610.1906080272688 173.30772361217612
      vertex 1485.6136986017227 613.3186001725858 174.35973903536797
      vertex 1485.5987422343937 606.0704541746283 174.3535439051594
    endloop
  endfacet
  facet normal 0.3826834332667324 -6.485733787524258e-15 -0.9238795321378143
    outer loop
      vertex 1483.073908706238 610.1906080272688 173.30772361217612
      vertex 1479.9356154790448 613.8650772906618 172.00779999118083
      vertex 1485.6136986017227 613.3186001725858 174.35973903536797
    endloop
  endfacet
  facet normal 0.3826834332645612 0 -0.9238795321387133
    outer loop
      vertex 1479.9167846346015 613.8871253767077 172
      vertex 1479.9167846346015 621.2537708812281 172
      vertex 1479.9356154790448 613.8650772906618 172.00779999118083
    endloop
  endfacet
  facet normal 0.3826834332667334 6.485823985130899e-15 -0.9238795321378137
    outer loop
      vertex 1479.9356154790448 613.8650772906618 172.00779999118083
      vertex 1479.9167846346015 621.2537708812281 172
      vertex 1485.6136986017227 613.3186001725858 174.35973903536797
    endloop
  endfacet
  facet normal 0.382683433266679 -3.9138561650552773e-14 -0.9238795321378362
    outer loop
      vertex 1485.6136986017227 613.3186001725858 174.35973903536797
      vertex 1479.9167846346015 621.2537708812281 172
      vertex 1483.073908706238 617.512895323596 173.3077236121761
    endloop
  endfacet
  facet normal -0.005090843119363544 -5.217500674643876e-22 0.9999870415742066
    outer loop
      vertex 470 -684.2484567512927 912.18909090531
      vertex 478.7310783714056 -684.221110202593 912.2335400315524
      vertex 478.7310783714056 684.2703437062584 912.2335400315524
    endloop
  endfacet
  facet normal 0.026872311947604262 0 0.9996388742193806
    outer loop
      vertex 478.7310783714056 -684.221110202593 912.2335400315524
      vertex 481.26677648723125 -684.2630473357772 912.1653753447532
      vertex 478.7310783714056 684.2703437062584 912.2335400315524
    endloop
  endfacet
  facet normal 0.05880714063120004 -4.113027497507462e-21 0.9982693625524036
    outer loop
      vertex 481.26677648723125 -684.2630473357772 912.1653753447532
      vertex 484 -684.3621069800571 912.0043636323624
      vertex 484 684.4219739823225 912.0043636323624
    endloop
  endfacet
  facet normal -0.005090843119363544 0 0.9999870415742067
    outer loop
      vertex 470 -684.2484567512927 912.18909090531
      vertex 478.7310783714056 684.2703437062584 912.2335400315524
      vertex 470 684.2997526388831 912.18909090531
    endloop
  endfacet
  facet normal 0.026872311947604262 0 0.9996388742193806
    outer loop
      vertex 481.26677648723125 -684.2630473357772 912.1653753447532
      vertex 481.26677648723125 684.3154435957483 912.1653753447532
      vertex 478.7310783714056 684.2703437062584 912.2335400315524
    endloop
  endfacet
  facet normal 0.05880714063120004 0 0.9982693625524036
    outer loop
      vertex 481.26677648723125 -684.2630473357772 912.1653753447532
      vertex 484 684.4219739823225 912.0043636323624
      vertex 481.26677648723125 684.3154435957483 912.1653753447532
    endloop
  endfacet
  facet normal -0.8526401643540995 -0.5224985647159368 1.9199822780945907e-14
    outer loop
      vertex -1509.6182227579982 -646.499999999694 192
      vertex -1511.0085577517748 -644.2311794944253 192.81091184169054
      vertex -1510.5413159507075 -644.9936488157941 192
    endloop
  endfacet
  facet normal -0.8526401643541047 -0.5224985647159284 -1.3717592119151752e-14
    outer loop
      vertex -1509.6182227579982 -646.499999999694 192
      vertex -1513.2528467327356 -640.5688327344398 198.67269288748503
      vertex -1511.0085577517748 -644.2311794944253 192.81091184169054
    endloop
  endfacet
  facet normal -0.8526401643541004 -0.5224985647159356 -4.78484543035171e-15
    outer loop
      vertex -1509.6182227579982 -646.499999999694 192
      vertex -1513.920782902604 -639.4788599687456 201.8285575520884
      vertex -1513.2528467327356 -640.5688327344398 198.67269288748503
    endloop
  endfacet
  facet normal -0.5224985647159408 -0.8526401643540971 -1.802456227750781e-16
    outer loop
      vertex -1473.3527004778548 -684.6444840803742 242.85931210964918
      vertex -1461.4788599687456 -691.9207829026042 832.011928895029
      vertex -1477.534230275097 -682.0820393249937 239.44271910233576
    endloop
  endfacet
  facet normal -0.5224985647159579 -0.8526401643540867 2.895369086592942e-16
    outer loop
      vertex -1473.3527004778548 -684.6444840803742 242.85931210964918
      vertex -1470.4363020792898 -686.4316553175449 245.52889139205217
      vertex -1461.4788599687456 -691.9207829026042 832.011928895029
    endloop
  endfacet
  facet normal -0.5224985647159539 -0.8526401643540892 2.057706587350957e-16
    outer loop
      vertex -1470.4363020792898 -686.4316553175449 245.52889139205217
      vertex -1467.0408702507964 -688.5123786181211 249.75163664668798
      vertex -1461.4788599687456 -691.9207829026042 832.011928895029
    endloop
  endfacet
  facet normal -0.5224985647159084 -0.8526401643541169 -3.8959409258210414e-16
    outer loop
      vertex -1467.0408702507964 -688.5123786181211 249.75163664668798
      vertex -1464.7652151478405 -689.906901858747 254.24788973480463
      vertex -1461.4788599687456 -691.9207829026042 832.011928895029
    endloop
  endfacet
  facet normal -0.8526401643540973 -0.5224985647159405 1.5381350999964013e-20
    outer loop
      vertex -1509.6182227579982 -646.499999999694 192
      vertex -1513.920782902604 -639.4788599687456 876.954540673327
      vertex -1513.920782902604 -639.4788599687456 201.8285575520884
    endloop
  endfacet
  facet normal -0.8526401643540935 -0.5224985647159468 7.890201411324596e-17
    outer loop
      vertex -1509.6182227579982 -646.499999999694 192
      vertex -1504.0820393249937 -655.5342302750968 204.04564036769543
      vertex -1508.688452795148 -648.0172466822128 883.240240752697
    endloop
  endfacet
  facet normal -0.7604059656000299 -0.6494480483301847 -1.2904941032417132e-17
    outer loop
      vertex -1504.0820393249937 -655.5342302750968 204.04564036769543
      vertex -1491.8528137423857 -669.8528137423857 223.1370849915263
      vertex -1498.6010816469789 -661.9516071942817 890.6472706049681
    endloop
  endfacet
  facet normal -0.9238795325112839 -0.3826834323650971 0
    outer loop
      vertex -1513.920782902604 -639.4788599687456 201.8285575520884
      vertex -1513.920782902604 -639.4788599687456 876.954540673327
      vertex -1514.5525202080607 -637.9537111980551 204.81338983029127
    endloop
  endfacet
  facet normal -0.9238795325112847 -0.38268343236509456 6.7635978314672865e-18
    outer loop
      vertex -1514.5525202080607 -637.9537111980551 204.81338983029127
      vertex -1513.920782902604 -639.4788599687456 876.954540673327
      vertex -1521.1267819554184 -622.0820393249937 255.08715612362076
    endloop
  endfacet
  facet normal -0.6494480483301877 -0.7604059656000275 1.9044897830143888e-17
    outer loop
      vertex -1491.8528137423857 -669.8528137423857 223.1370849915263
      vertex -1477.534230275097 -682.0820393249937 239.44271910233576
      vertex -1480.4637118652463 -679.5800256804263 895.0986681208014
    endloop
  endfacet
  facet normal -0.5224985647159627 -0.8526401643540837 -5.427126780807815e-20
    outer loop
      vertex -1463.6653709368832 -690.5808872580528 258.9069379866123
      vertex -1461.4788599687456 -691.9207829026042 279.4520045384887
      vertex -1461.4788599687456 -691.9207829026042 832.011928895029
    endloop
  endfacet
  facet normal -0.5224985647159495 -0.8526401643540918 -6.891636104231776e-17
    outer loop
      vertex -1464.7652151478405 -689.906901858747 254.24788973480463
      vertex -1463.6653709368832 -690.5808872580528 258.9069379866123
      vertex -1461.4788599687456 -691.9207829026042 832.011928895029
    endloop
  endfacet
  facet normal -0.23344536385590614 -0.9723699203976766 4.573039121330978e-19
    outer loop
      vertex -1444.0820393249937 -699.1267819554184 389.94399002620554
      vertex -1425.7721358048277 -703.5226008714166 457.34654674502815
      vertex -1425.7721358048277 -703.5226008714166 571.5987457139594
    endloop
  endfacet
  facet normal -0.38268343236508967 -0.9238795325112868 8.959207109465257e-20
    outer loop
      vertex -1461.4788599687456 -691.9207829026042 279.4520045384887
      vertex -1444.0820393249937 -699.1267819554184 389.94399002620554
      vertex -1444.0820393249937 -699.1267819554184 794.5407338057721
    endloop
  endfacet
  facet normal -0.07845909572783823 -0.9969173337331285 -3.961701181049977e-15
    outer loop
      vertex -1425.7721358048277 -703.5226008714166 457.34654674502815
      vertex -1408.0083847716396 -704.920638397336 478.7831221446395
      vertex -1407.24988279365 -704.9803337976336 481.21930430829525
    endloop
  endfacet
  facet normal -0.07845909572784339 -0.9969173337331282 0
    outer loop
      vertex -1425.7721358048277 -703.5226008714166 457.34654674502815
      vertex -1407.24988279365 -704.9803337976336 481.21930430829525
      vertex -1425.7721358048277 -703.5226008714166 571.5987457139594
    endloop
  endfacet
  facet normal -0.9723699203976777 -0.2334453638559004 0
    outer loop
      vertex -1521.1267819554184 -622.0820393249937 255.08715612362076
      vertex -1521.1267819554184 -622.0820393249937 867.036593484465
      vertex -1525.5226008714164 -603.7721358048277 288.7022419451599
    endloop
  endfacet
  facet normal -0.9969173337331276 -0.07845909572784945 -2.7466983572105287e-19
    outer loop
      vertex -1525.5226008714164 -603.7721358048277 288.7022419451599
      vertex -1526.3112848326564 -593.7509559211763 853.7550671175122
      vertex -1526.66231302917 -589.290719788104 297.4176878556609
    endloop
  endfacet
  facet normal -0.9969173337331277 -0.07845909572784891 2.4939000790995506e-20
    outer loop
      vertex -1526.66231302917 -589.290719788104 297.4176878556609
      vertex -1527 -585 846.3643374666572
      vertex -1527 -585 302.60429802536964
    endloop
  endfacet
  facet normal -0.2334453638559056 -0.9723699203976764 -5.336174682985893e-17
    outer loop
      vertex -1444.0820393249937 -699.1267819554184 389.94399002620554
      vertex -1425.7721358048277 -703.5226008714166 571.5987457139594
      vertex -1440.2691993346261 -700.042163848877 787.3858410641551
    endloop
  endfacet
  facet normal -0.3826834323650896 -0.9238795325112868 0
    outer loop
      vertex -1461.4788599687456 -691.9207829026042 279.4520045384887
      vertex -1444.0820393249937 -699.1267819554184 794.5407338057721
      vertex -1461.4788599687456 -691.9207829026042 832.011928895029
    endloop
  endfacet
  facet normal -0.2334453638559886 -0.9723699203976566 7.86340844608414e-16
    outer loop
      vertex -1444.0820393249937 -699.1267819554184 389.94399002620554
      vertex -1440.2691993346261 -700.042163848877 787.3858410641551
      vertex -1440.3206066513321 -700.0298220440745 787.8891144916415
    endloop
  endfacet
  facet normal -0.23344536385592032 -0.972369920397673 1.060924042089814e-16
    outer loop
      vertex -1444.0820393249937 -699.1267819554184 389.94399002620554
      vertex -1440.3206066513321 -700.0298220440745 787.8891144916415
      vertex -1442.5014050054392 -699.5062586814165 792.567454829812
    endloop
  endfacet
  facet normal -0.5224985647159457 -0.8526401643540941 0
    outer loop
      vertex -1477.534230275097 -682.0820393249937 239.44271910233576
      vertex -1461.4788599687456 -691.9207829026042 832.011928895029
      vertex -1477.534230275097 -682.0820393249937 883.1733955185689
    endloop
  endfacet
  facet normal -0.6494480483303697 -0.7604059655998721 -1.3878001203515752e-15
    outer loop
      vertex -1477.534230275097 -682.0820393249937 239.44271910233576
      vertex -1480.2196424908675 -679.7884806189965 895.0999007944091
      vertex -1480.4637118652463 -679.5800256804263 895.0986681208014
    endloop
  endfacet
  facet normal -0.760405965600014 -0.6494480483302033 0
    outer loop
      vertex -1491.8528137423857 -669.8528137423857 223.1370849915263
      vertex -1491.8528137423857 -669.8528137423857 893.3145128285811
      vertex -1492.8143465518951 -668.7270034695687 893.0785268619657
    endloop
  endfacet
  facet normal -0.6494480483301824 -0.7604059656000319 -1.3093037912770191e-16
    outer loop
      vertex -1491.8528137423857 -669.8528137423857 223.1370849915263
      vertex -1480.4637118652463 -679.5800256804263 895.0986681208014
      vertex -1486.7185234874487 -674.2379118826908 894.5746055021882
    endloop
  endfacet
  facet normal -0.6494480483301923 -0.7604059656000235 0
    outer loop
      vertex -1491.8528137423857 -669.8528137423857 223.1370849915263
      vertex -1486.7185234874487 -674.2379118826908 894.5746055021882
      vertex -1491.8528137423857 -669.8528137423857 893.3145128285811
    endloop
  endfacet
  facet normal -0.23344536385589482 -0.9723699203976791 0
    outer loop
      vertex -1444.0820393249937 -699.1267819554184 389.94399002620554
      vertex -1442.5014050054392 -699.5062586814165 792.567454829812
      vertex -1444.0820393249937 -699.1267819554184 794.5407338057721
    endloop
  endfacet
  facet normal -0.6494480483301738 -0.7604059656000394 0
    outer loop
      vertex -1477.534230275097 -682.0820393249937 239.44271910233576
      vertex -1477.534230275097 -682.0820393249937 883.1733955185689
      vertex -1480.2196424908675 -679.7884806189965 895.0999007944091
    endloop
  endfacet
  facet normal -0.8526401643540984 -0.5224985647159388 -2.4517376222234318e-17
    outer loop
      vertex -1509.6182227579982 -646.499999999694 192
      vertex -1511.9329844489694 -642.7226522289815 879.5313164442778
      vertex -1513.920782902604 -639.4788599687456 876.954540673327
    endloop
  endfacet
  facet normal -0.8526401643540911 -0.5224985647159508 6.677472555617695e-17
    outer loop
      vertex -1509.6182227579982 -646.499999999694 192
      vertex -1508.688452795148 -648.0172466822128 883.240240752697
      vertex -1511.9329844489694 -642.7226522289815 879.5313164442778
    endloop
  endfacet
  facet normal -0.7604059656001149 -0.6494480483300855 0
    outer loop
      vertex -1504.0820393249937 -655.5342302750968 204.04564036769543
      vertex -1503.9362401664257 -655.7049391566458 887.3407023400068
      vertex -1504.0820393249937 -655.5342302750968 887.2148990782679
    endloop
  endfacet
  facet normal -0.8526401643540966 -0.5224985647159415 0
    outer loop
      vertex -1504.0820393249937 -655.5342302750968 204.04564036769543
      vertex -1504.0820393249937 -655.5342302750968 887.2148990782679
      vertex -1508.688452795148 -648.0172466822128 883.240240752697
    endloop
  endfacet
  facet normal -0.7604059656000285 -0.6494480483301864 -4.364180673725659e-17
    outer loop
      vertex -1504.0820393249937 -655.5342302750968 204.04564036769543
      vertex -1498.6010816469789 -661.9516071942817 890.6472706049681
      vertex -1503.9362401664257 -655.7049391566458 887.3407023400068
    endloop
  endfacet
  facet normal -0.7604059656000322 -0.6494480483301823 -6.126476229404155e-17
    outer loop
      vertex -1491.8528137423857 -669.8528137423857 223.1370849915263
      vertex -1492.8143465518951 -668.7270034695687 893.0785268619657
      vertex -1498.6010816469789 -661.9516071942817 890.6472706049681
    endloop
  endfacet
  facet normal -0.9238795325112849 -0.3826834323650944 1.1680202446431109e-17
    outer loop
      vertex -1521.1267819554184 -622.0820393249937 255.08715612362076
      vertex -1513.920782902604 -639.4788599687456 876.954540673327
      vertex -1518.6712902113795 -628.0101207957475 870.79647564888
    endloop
  endfacet
  facet normal -0.9238795325112844 -0.38268343236509544 0
    outer loop
      vertex -1521.1267819554184 -622.0820393249937 255.08715612362076
      vertex -1518.6712902113795 -628.0101207957475 870.79647564888
      vertex -1521.1267819554184 -622.0820393249937 867.036593484465
    endloop
  endfacet
  facet normal -0.9723699203976774 -0.2334453638559026 0
    outer loop
      vertex -1525.5226008714164 -603.7721358048277 288.7022419451599
      vertex -1524.6711328402162 -607.3187553994256 859.813714787364
      vertex -1525.5226008714164 -603.7721358048277 856.6684301875449
    endloop
  endfacet
  facet normal -0.9723699203976771 -0.23344536385590345 -9.701807145357804e-17
    outer loop
      vertex -1525.5226008714164 -603.7721358048277 288.7022419451599
      vertex -1521.1267819554184 -622.0820393249937 867.036593484465
      vertex -1522.1033925414085 -618.0141634757013 865.5411941483617
    endloop
  endfacet
  facet normal -0.9723699203976782 -0.2334453638558986 2.610273200052687e-17
    outer loop
      vertex -1525.5226008714164 -603.7721358048277 288.7022419451599
      vertex -1522.1033925414085 -618.0141634757013 865.5411941483617
      vertex -1524.6711328402162 -607.3187553994256 859.813714787364
    endloop
  endfacet
  facet normal -0.9969173337331276 -0.07845909572784947 0
    outer loop
      vertex -1525.5226008714164 -603.7721358048277 288.7022419451599
      vertex -1525.5226008714164 -603.7721358048277 856.6684301875449
      vertex -1526.3112848326564 -593.7509559211763 853.7550671175122
    endloop
  endfacet
  facet normal -0.9969173337331276 -0.07845909572784915 2.033607715003571e-18
    outer loop
      vertex -1526.66231302917 -589.290719788104 297.4176878556609
      vertex -1526.3112848326564 -593.7509559211763 853.7550671175122
      vertex -1527 -585 846.3643374666572
    endloop
  endfacet
  facet normal -0.996917333733128 -0.07845909572784672 2.894338011774219e-15
    outer loop
      vertex -1526.9834625199437 -585.2101286074155 847.5144351571798
      vertex -1527 -585 846.3643374666572
      vertex -1526.3112848326564 -593.7509559211763 853.7550671175122
    endloop
  endfacet
  facet normal -0.8526401643540422 0.5224985647160304 1.4015470510738017e-13
    outer loop
      vertex -1511.0085577517748 644.2311794944253 192.81091184169054
      vertex -1509.618222757998 646.499999999694 192
      vertex -1510.5413159507075 644.9936488157941 192
    endloop
  endfacet
  facet normal -0.8526401643540727 0.5224985647159807 -5.1060221644986923e-14
    outer loop
      vertex -1511.0085577517748 644.2311794944253 192.81091184169054
      vertex -1504.0820393249937 655.5342302750968 204.04564036769537
      vertex -1509.618222757998 646.499999999694 192
    endloop
  endfacet
  facet normal -0.852640164354095 0.5224985647159441 -3.8953670572600847e-17
    outer loop
      vertex -1511.0085577517748 644.2311794944253 192.81091184169054
      vertex -1513.2528467327356 640.5688327344398 198.67269288748503
      vertex -1511.9329844489694 642.7226522289815 879.5313164442778
    endloop
  endfacet
  facet normal -0.9238795325112839 0.38268343236509716 -2.0323141524924705e-20
    outer loop
      vertex -1514.5525202080607 637.9537111980551 204.81338983029127
      vertex -1513.920782902604 639.4788599687456 876.954540673327
      vertex -1513.920782902604 639.4788599687456 201.8285575520884
    endloop
  endfacet
  facet normal -0.8526401643540943 0.5224985647159456 -4.47621017370055e-17
    outer loop
      vertex -1513.2528467327356 640.5688327344398 198.67269288748503
      vertex -1513.920782902604 639.4788599687456 201.8285575520884
      vertex -1511.9329844489694 642.7226522289815 879.5313164442778
    endloop
  endfacet
  facet normal -0.9238795325112849 0.3826834323650946 1.8933036716478635e-19
    outer loop
      vertex -1514.5525202080607 637.9537111980551 204.81338983029127
      vertex -1521.1267819554184 622.0820393249937 255.0871561236216
      vertex -1521.1267819554184 622.0820393249937 867.036593484465
    endloop
  endfacet
  facet normal -0.8526401643540954 0.5224985647159438 3.396857713467621e-17
    outer loop
      vertex -1511.0085577517748 644.2311794944253 192.81091184169054
      vertex -1508.688452795148 648.0172466822128 883.240240752697
      vertex -1504.0820393249937 655.5342302750968 204.04564036769537
    endloop
  endfacet
  facet normal -0.76040596560003 0.6494480483301847 0
    outer loop
      vertex -1504.0820393249937 655.5342302750968 204.04564036769537
      vertex -1504.0820393249937 655.5342302750968 887.2148990782679
      vertex -1491.8528137423857 669.8528137423857 223.13708499152636
    endloop
  endfacet
  facet normal -0.9723699203976778 0.23344536385590048 1.4021080862677653e-17
    outer loop
      vertex -1521.1267819554184 622.0820393249937 255.0871561236216
      vertex -1525.5226008714164 603.7721358048277 288.7022419451601
      vertex -1524.6711328402162 607.3187553994256 859.813714787364
    endloop
  endfacet
  facet normal -0.9969173337331276 0.07845909572784944 1.5180598576087964e-19
    outer loop
      vertex -1526.66231302917 589.290719788104 297.4176878556609
      vertex -1525.5226008714164 603.7721358048277 856.6684301875449
      vertex -1525.5226008714164 603.7721358048277 288.7022419451601
    endloop
  endfacet
  facet normal -0.9969173337331277 0.07845909572784891 4.0082053570188196e-18
    outer loop
      vertex -1526.66231302917 589.290719788104 297.4176878556609
      vertex -1527 585 302.60429802536964
      vertex -1526.3112848326564 593.7509559211763 853.7550671175122
    endloop
  endfacet
  facet normal -0.6494480483301877 0.7604059656000276 0
    outer loop
      vertex -1491.8528137423857 669.8528137423857 223.13708499152636
      vertex -1491.8528137423857 669.8528137423857 893.3145128285811
      vertex -1477.534230275097 682.0820393249937 239.4427191023357
    endloop
  endfacet
  facet normal -0.522498564715941 0.8526401643540971 0
    outer loop
      vertex -1477.534230275097 682.0820393249937 239.4427191023357
      vertex -1477.534230275097 682.0820393249937 883.1733955185689
      vertex -1473.3527004778548 684.6444840803742 242.85931210964918
    endloop
  endfacet
  facet normal -0.5224985647159435 0.8526401643540956 -2.1672771315607866e-17
    outer loop
      vertex -1473.3527004778548 684.6444840803742 242.85931210964918
      vertex -1477.534230275097 682.0820393249937 883.1733955185689
      vertex -1469.2398785041498 687.1648246273398 246.83534914255142
    endloop
  endfacet
  facet normal -0.5224985647159648 0.8526401643540824 -4.0555936689497676e-16
    outer loop
      vertex -1469.2398785041498 687.1648246273398 246.83534914255142
      vertex -1477.534230275097 682.0820393249937 883.1733955185689
      vertex -1466.1926863648755 689.032146371901 251.1567026823759
    endloop
  endfacet
  facet normal -0.5224985647159479 0.8526401643540928 1.3417663928529909e-17
    outer loop
      vertex -1466.1926863648755 689.032146371901 251.1567026823759
      vertex -1477.534230275097 682.0820393249937 883.1733955185689
      vertex -1464.286156039704 690.2004696577787 255.71696666628122
    endloop
  endfacet
  facet normal -0.522498564715842 0.8526401643541578 3.086114162186165e-15
    outer loop
      vertex -1464.286156039704 690.2004696577787 255.71696666628122
      vertex -1477.534230275097 682.0820393249937 883.1733955185689
      vertex -1463.6653709368832 690.5808872580528 258.9069379866123
    endloop
  endfacet
  facet normal -0.5224985647159593 0.8526401643540858 -4.962023147256438e-16
    outer loop
      vertex -1463.6653709368832 690.5808872580528 258.9069379866123
      vertex -1477.534230275097 682.0820393249937 883.1733955185689
      vertex -1461.4788599687456 691.9207829026042 279.4520045384883
    endloop
  endfacet
  facet normal -0.38268343236508967 0.9238795325112868 0
    outer loop
      vertex -1461.4788599687456 691.9207829026042 279.4520045384883
      vertex -1461.4788599687456 691.9207829026042 832.0119288950291
      vertex -1444.0820393249937 699.1267819554184 389.943990026206
    endloop
  endfacet
  facet normal -0.07845909572784304 0.9969173337331282 0
    outer loop
      vertex -1425.7721358048277 703.5226008714166 457.3465467450287
      vertex -1425.7721358048277 703.5226008714166 571.5987457139623
      vertex -1408.0083847716396 704.920638397336 478.7831221446395
    endloop
  endfacet
  facet normal -0.078459095727848 0.9969173337331277 -9.558830691140724e-16
    outer loop
      vertex -1408.0083847716396 704.920638397336 478.7831221446395
      vertex -1425.7721358048277 703.5226008714166 571.5987457139623
      vertex -1407.24988279365 704.9803337976336 481.21930430829525
    endloop
  endfacet
  facet normal -0.23344536385590595 0.9723699203976764 -5.0391395243500826e-17
    outer loop
      vertex -1444.0820393249937 699.1267819554184 389.943990026206
      vertex -1440.2691993346261 700.042163848877 787.3858410641551
      vertex -1425.7721358048277 703.5226008714166 457.3465467450287
    endloop
  endfacet
  facet normal -0.2334453638559049 0.9723699203976768 0
    outer loop
      vertex -1425.7721358048277 703.5226008714166 457.3465467450287
      vertex -1440.2691993346261 700.042163848877 787.3858410641551
      vertex -1425.7721358048277 703.5226008714166 571.5987457139623
    endloop
  endfacet
  facet normal -0.9969173337331276 0.07845909572784915 0
    outer loop
      vertex -1527 585 302.60429802536964
      vertex -1527 585 846.3643374666572
      vertex -1526.3112848326564 593.7509559211763 853.7550671175122
    endloop
  endfacet
  facet normal -0.9969173337331276 0.07845909572784947 -4.936664142964529e-19
    outer loop
      vertex -1526.66231302917 589.290719788104 297.4176878556609
      vertex -1526.3112848326564 593.7509559211763 853.7550671175122
      vertex -1525.5226008714164 603.7721358048277 856.6684301875449
    endloop
  endfacet
  facet normal -0.9723699203976772 0.23344536385590253 0
    outer loop
      vertex -1525.5226008714164 603.7721358048277 288.7022419451601
      vertex -1525.5226008714164 603.7721358048277 856.6684301875449
      vertex -1524.6711328402162 607.3187553994256 859.813714787364
    endloop
  endfacet
  facet normal -0.9723699203976782 0.23344536385589862 -3.300211595747844e-17
    outer loop
      vertex -1521.1267819554184 622.0820393249937 255.0871561236216
      vertex -1524.6711328402162 607.3187553994256 859.813714787364
      vertex -1522.1033925414085 618.0141634757013 865.5411941483617
    endloop
  endfacet
  facet normal -0.9723699203976771 0.2334453638559033 0
    outer loop
      vertex -1521.1267819554184 622.0820393249937 255.0871561236216
      vertex -1522.1033925414085 618.0141634757013 865.5411941483617
      vertex -1521.1267819554184 622.0820393249937 867.036593484465
    endloop
  endfacet
  facet normal -0.9238795325112844 0.3826834323650954 2.3685160993859276e-17
    outer loop
      vertex -1514.5525202080607 637.9537111980551 204.81338983029127
      vertex -1521.1267819554184 622.0820393249937 867.036593484465
      vertex -1518.6712902113795 628.0101207957475 870.79647564888
    endloop
  endfacet
  facet normal -0.9238795325112847 0.3826834323650944 7.184259328624276e-18
    outer loop
      vertex -1514.5525202080607 637.9537111980551 204.81338983029127
      vertex -1518.6712902113795 628.0101207957475 870.79647564888
      vertex -1513.920782902604 639.4788599687456 876.954540673327
    endloop
  endfacet
  facet normal -0.8526401643540985 0.5224985647159387 0
    outer loop
      vertex -1513.920782902604 639.4788599687456 201.8285575520884
      vertex -1513.920782902604 639.4788599687456 876.954540673327
      vertex -1511.9329844489694 642.7226522289815 879.5313164442778
    endloop
  endfacet
  facet normal -0.8526401643540912 0.5224985647159509 -1.8907850371758307e-17
    outer loop
      vertex -1511.0085577517748 644.2311794944253 192.81091184169054
      vertex -1511.9329844489694 642.7226522289815 879.5313164442778
      vertex -1508.688452795148 648.0172466822128 883.240240752697
    endloop
  endfacet
  facet normal -0.8526401643540967 0.5224985647159416 0
    outer loop
      vertex -1504.0820393249937 655.5342302750968 204.04564036769537
      vertex -1508.688452795148 648.0172466822128 883.240240752697
      vertex -1504.0820393249937 655.5342302750968 887.2148990782679
    endloop
  endfacet
  facet normal -0.7604059656001113 0.6494480483300896 -3.615688456698306e-15
    outer loop
      vertex -1491.8528137423857 669.8528137423857 223.13708499152636
      vertex -1504.0820393249937 655.5342302750968 887.2148990782679
      vertex -1503.9362401664257 655.7049391566458 887.3407023400068
    endloop
  endfacet
  facet normal -0.7604059656000285 0.6494480483301865 2.555471418939489e-17
    outer loop
      vertex -1491.8528137423857 669.8528137423857 223.13708499152636
      vertex -1503.9362401664257 655.7049391566458 887.3407023400068
      vertex -1498.6010816469789 661.9516071942817 890.6472706049681
    endloop
  endfacet
  facet normal -0.760405965600032 0.6494480483301823 -6.124452969342041e-17
    outer loop
      vertex -1491.8528137423857 669.8528137423857 223.13708499152636
      vertex -1498.6010816469789 661.9516071942817 890.6472706049681
      vertex -1492.8143465518951 668.7270034695687 893.0785268619657
    endloop
  endfacet
  facet normal -0.2334453638559203 0.9723699203976731 9.494045730203448e-17
    outer loop
      vertex -1444.0820393249937 699.1267819554184 389.943990026206
      vertex -1442.1226994208564 699.5971778482199 792.0723082199693
      vertex -1440.2691993346261 700.042163848877 787.3858410641551
    endloop
  endfacet
  facet normal -0.760405965600014 0.6494480483302034 0
    outer loop
      vertex -1491.8528137423857 669.8528137423857 223.13708499152636
      vertex -1492.8143465518951 668.7270034695687 893.0785268619657
      vertex -1491.8528137423857 669.8528137423857 893.3145128285811
    endloop
  endfacet
  facet normal -0.6494480483301924 0.7604059656000236 -1.790201872283662e-16
    outer loop
      vertex -1477.534230275097 682.0820393249937 239.4427191023357
      vertex -1491.8528137423857 669.8528137423857 893.3145128285811
      vertex -1486.7185234874487 674.2379118826908 894.5746055021882
    endloop
  endfacet
  facet normal -0.6494480483301827 0.7604059656000319 5.818711800230789e-17
    outer loop
      vertex -1477.534230275097 682.0820393249937 239.4427191023357
      vertex -1486.7185234874487 674.2379118826908 894.5746055021882
      vertex -1480.4637118652463 679.5800256804263 895.0986681208014
    endloop
  endfacet
  facet normal -0.6494480483303694 0.7604059655998724 -1.3877313147315e-15
    outer loop
      vertex -1477.534230275097 682.0820393249937 239.4427191023357
      vertex -1480.4637118652463 679.5800256804263 895.0986681208014
      vertex -1480.2196424908675 679.7884806189965 895.0999007944091
    endloop
  endfacet
  facet normal -0.5224985647159457 0.8526401643540942 0
    outer loop
      vertex -1461.4788599687456 691.9207829026042 279.4520045384883
      vertex -1477.534230275097 682.0820393249937 883.1733955185689
      vertex -1461.4788599687456 691.9207829026042 832.0119288950291
    endloop
  endfacet
  facet normal -0.6494480483301737 0.7604059656000393 0
    outer loop
      vertex -1477.534230275097 682.0820393249937 239.4427191023357
      vertex -1480.2196424908675 679.7884806189965 895.0999007944091
      vertex -1477.534230275097 682.0820393249937 883.1733955185689
    endloop
  endfacet
  facet normal -0.2334453638558948 0.9723699203976791 0
    outer loop
      vertex -1444.0820393249937 699.1267819554184 389.943990026206
      vertex -1444.0820393249937 699.1267819554184 794.5407338057723
      vertex -1442.5014050054392 699.5062586814165 792.567454829812
    endloop
  endfacet
  facet normal -0.2334453638559309 0.9723699203976705 1.4983048682524974e-16
    outer loop
      vertex -1444.0820393249937 699.1267819554184 389.943990026206
      vertex -1442.5014050054392 699.5062586814165 792.567454829812
      vertex -1442.1226994208564 699.5971778482199 792.0723082199693
    endloop
  endfacet
  facet normal -0.3826834323650896 0.9238795325112868 0
    outer loop
      vertex -1444.0820393249937 699.1267819554184 389.943990026206
      vertex -1461.4788599687456 691.9207829026042 832.0119288950291
      vertex -1444.0820393249937 699.1267819554184 794.5407338057723
    endloop
  endfacet
  facet normal -0.996917333733128 0.07845909572784672 2.8958176311627496e-15
    outer loop
      vertex -1527 585 846.3643374666572
      vertex -1526.9834625199437 585.2101286074155 847.5144351571798
      vertex -1526.3112848326564 593.7509559211763 853.7550671175122
    endloop
  endfacet
  facet normal 0.760405965600024 -0.6494480483301918 -3.915795778725324e-14
    outer loop
      vertex 1469.9781534250044 -625.5237674162171 172
      vertex 1471.4194095330372 -623.8362733274698 171.33084804564714
      vertex 1474.1832260478068 -620.6002599603372 170.6057280509799
    endloop
  endfacet
  facet normal 0.7604059656000318 -0.6494480483301827 1.7183672417687357e-14
    outer loop
      vertex 1469.9781534250044 -625.5237674162171 172
      vertex 1474.1832260478068 -620.6002599603372 170.6057280509799
      vertex 1479.8147583901882 -614.0065827607111 171.95773934572935
    endloop
  endfacet
  facet normal 0.7604059656000327 -0.6494480483301814 5.712200450073294e-13
    outer loop
      vertex 1469.9781534250044 -625.5237674162171 172
      vertex 1479.8147583901882 -614.0065827607111 171.95773934572935
      vertex 1479.9167846346015 -613.8871253767077 172
    endloop
  endfacet
  facet normal 0.9969173337331279 -0.07845909572784761 1.1548863834870101e-15
    outer loop
      vertex 1526.164222098887 -485.61956512551234 295.9758841767907
      vertex 1526.9545003175735 -475.57812828034145 302.2026626691222
      vertex 1527 -475 304.1099918410182
    endloop
  endfacet
  facet normal 0.6494480483301871 -0.7604059656000278 -1.3137835959838327e-16
    outer loop
      vertex 1432.1906080272688 -661.073908706238 211.431878276185
      vertex 1449.2544627128896 -646.4999999996938 192
      vertex 1459.6345596729059 -637.6345596729059 797.983381608711
    endloop
  endfacet
  facet normal 0.6494480483301828 -0.7604059656000316 7.549229820001148e-19
    outer loop
      vertex 1449.2544627128896 -646.4999999996938 192
      vertex 1459.6345596729059 -637.6345596729059 192
      vertex 1459.6345596729059 -637.6345596729059 797.983381608711
    endloop
  endfacet
  facet normal 0.38268343236509056 -0.9238795325112864 0
    outer loop
      vertex 1401.4178149400957 -679.9315005633246 236.5753340866599
      vertex 1401.4178149400957 -679.9315005633246 824.1378859290628
      vertex 1390.0396662139935 -684.6444840803742 242.85931210964918
    endloop
  endfacet
  facet normal 0.38268343236509467 -0.9238795325112847 -9.33402948640558e-17
    outer loop
      vertex 1390.0396662139935 -684.6444840803742 242.85931210964918
      vertex 1401.4178149400957 -679.9315005633246 824.1378859290628
      vertex 1385.725053174933 -686.4316553175449 245.52889139205217
    endloop
  endfacet
  facet normal 0.3826834323650941 -0.9238795325112849 -7.402220736615199e-17
    outer loop
      vertex 1380.7017427631363 -688.5123786181211 249.75163664668798
      vertex 1385.725053174933 -686.4316553175449 245.52889139205217
      vertex 1401.4178149400957 -679.9315005633246 824.1378859290628
    endloop
  endfacet
  facet normal 0.3826834323650759 -0.9238795325112926 6.949564285012451e-16
    outer loop
      vertex 1380.7017427631363 -688.5123786181211 249.75163664668798
      vertex 1401.4178149400957 -679.9315005633246 824.1378859290628
      vertex 1377.3350658425727 -689.906901858747 254.24788973480463
    endloop
  endfacet
  facet normal 0.38268343236512026 -0.9238795325112741 -1.5012480518412495e-15
    outer loop
      vertex 1377.3350658425727 -689.906901858747 254.24788973480463
      vertex 1401.4178149400957 -679.9315005633246 824.1378859290628
      vertex 1375.7079211507273 -690.5808872580528 258.9069379866123
    endloop
  endfacet
  facet normal 0.5224985647159464 -0.8526401643540936 0
    outer loop
      vertex 1432.1906080272688 -661.073908706238 211.431878276185
      vertex 1432.1906080272688 -661.073908706238 816.7179590050362
      vertex 1401.4178149400957 -679.9315005633246 236.5753340866599
    endloop
  endfacet
  facet normal 0.7604059656000294 -0.6494480483301855 -7.539835441395337e-19
    outer loop
      vertex 1459.6345596729059 -637.6345596729059 192
      vertex 1483.073908706238 -610.1906080272688 192
      vertex 1483.073908706238 -610.1906080272688 777.6692791119028
    endloop
  endfacet
  facet normal 0.8526401643540927 -0.5224985647159479 0
    outer loop
      vertex 1483.073908706238 -610.1906080272688 192
      vertex 1501.9315005633246 -579.4178149400958 192
      vertex 1483.073908706238 -610.1906080272688 777.6692791119028
    endloop
  endfacet
  facet normal 0.9238795325112811 -0.3826834323651036 0
    outer loop
      vertex 1501.9315005633246 -579.4178149400958 192
      vertex 1503.160456342972 -576.450853229314 192
      vertex 1501.9315005633246 -579.4178149400958 761.3260328347524
    endloop
  endfacet
  facet normal 0.9238795325112885 -0.38268343236508556 1.0993333004461549e-16
    outer loop
      vertex 1503.160456342972 -576.450853229314 192
      vertex 1505.4963392689824 -570.8115329892241 197.63932022452354
      vertex 1501.9315005633246 -579.4178149400958 761.3260328347524
    endloop
  endfacet
  facet normal 0.9238795325112824 -0.3826834323651002 -1.519211430008695e-16
    outer loop
      vertex 1505.4963392689824 -570.8115329892241 197.63932022452354
      vertex 1506.6183007135987 -568.1028784531718 201.86589233577251
      vertex 1501.9315005633246 -579.4178149400958 761.3260328347524
    endloop
  endfacet
  facet normal 0.923879532511286 -0.3826834323650917 -2.181214077496821e-17
    outer loop
      vertex 1506.6183007135987 -568.1028784531718 201.86589233577251
      vertex 1515.7429987478854 -546.073908706238 245.7996236053977
      vertex 1513.4159380942583 -551.6919300966892 746.4681533947587
    endloop
  endfacet
  facet normal 0.0784590957278434 -0.9969173337331281 0
    outer loop
      vertex 1332.9799269592531 -702.1683183368817 436.58088121338375
      vertex 1332.9799269592531 -702.1683183368817 655.5642628367283
      vertex 1298.0083847716396 -704.920638397336 478.7831221446395
    endloop
  endfacet
  facet normal 0.07845909572784808 -0.9969173337331277 -9.318424138784235e-16
    outer loop
      vertex 1298.0083847716396 -704.920638397336 478.7831221446395
      vertex 1332.9799269592531 -702.1683183368817 655.5642628367283
      vertex 1297.24988279365 -704.9803337976336 481.21930430829525
    endloop
  endfacet
  facet normal 0.3826834323650881 -0.9238795325112874 2.125508536537742e-16
    outer loop
      vertex 1375.7079211507273 -690.5808872580528 258.9069379866123
      vertex 1401.4178149400957 -679.9315005633246 824.1378859290628
      vertex 1368.073908706238 -693.7429987478853 307.39264750230626
    endloop
  endfacet
  facet normal 0.23344536385590775 -0.972369920397676 0
    outer loop
      vertex 1368.073908706238 -693.7429987478853 307.39264750230626
      vertex 1368.073908706238 -693.7429987478853 822.5364064958699
      vertex 1332.9799269592531 -702.1683183368817 436.58088121338375
    endloop
  endfacet
  facet normal 0.9723699203976776 -0.23344536385590145 1.274678029349241e-18
    outer loop
      vertex 1515.7429987478854 -546.073908706238 245.7996236053977
      vertex 1524.1683183368816 -510.9799269592531 286.3659771759799
      vertex 1524.1683183368816 -510.9799269592531 665.9570818946189
    endloop
  endfacet
  facet normal 0.9969173337331279 -0.07845909572784683 7.831009553233148e-18
    outer loop
      vertex 1524.1683183368816 -510.9799269592531 286.3659771759799
      vertex 1526.164222098887 -485.61956512551234 295.9758841767907
      vertex 1526.7640870660543 -477.9975580386251 642.1625352278352
    endloop
  endfacet
  facet normal 0.9969173337331279 -0.0784590957278467 4.978319296156783e-18
    outer loop
      vertex 1526.164222098887 -485.61956512551234 295.9758841767907
      vertex 1527 -475 304.1099918410182
      vertex 1526.7640870660543 -477.9975580386251 642.1625352278352
    endloop
  endfacet
  facet normal 0.9969173337331279 -0.07845909572784675 0
    outer loop
      vertex 1524.1683183368816 -510.9799269592531 286.3659771759799
      vertex 1526.7640870660543 -477.9975580386251 642.1625352278352
      vertex 1524.1683183368816 -510.9799269592531 665.9570818946189
    endloop
  endfacet
  facet normal 0.9969173337331277 -0.07845909572784728 0
    outer loop
      vertex 1527 -475 304.1099918410182
      vertex 1527 -475 637.8246348202229
      vertex 1526.7640870660543 -477.9975580386251 642.1625352278352
    endloop
  endfacet
  facet normal 0.23344536385590559 -0.9723699203976766 0
    outer loop
      vertex 1332.9799269592531 -702.1683183368817 436.58088121338375
      vertex 1341.8359977593161 -700.042163848877 787.3858410641551
      vertex 1332.9799269592531 -702.1683183368817 655.5642628367283
    endloop
  endfacet
  facet normal 0.5224985647159462 -0.8526401643540937 0
    outer loop
      vertex 1401.4178149400957 -679.9315005633246 236.5753340866599
      vertex 1430.443197131157 -662.1447234805796 817.2634533047676
      vertex 1401.4178149400957 -679.9315005633246 824.1378859290628
    endloop
  endfacet
  facet normal 0.5224985647159222 -0.8526401643541086 1.7859450400649393e-15
    outer loop
      vertex 1401.4178149400957 -679.9315005633246 236.5753340866599
      vertex 1432.1906080272688 -661.073908706238 816.7179590050362
      vertex 1430.8434105068445 -661.899472408534 817.1664876192808
    endloop
  endfacet
  facet normal 0.5224985647160391 -0.852640164354037 -6.2644365816824134e-15
    outer loop
      vertex 1401.4178149400957 -679.9315005633246 236.5753340866599
      vertex 1430.8434105068445 -661.899472408534 817.1664876192808
      vertex 1430.443197131157 -662.1447234805796 817.2634533047676
    endloop
  endfacet
  facet normal 0.6494480483301858 -0.760405965600029 -1.894237762461758e-17
    outer loop
      vertex 1432.1906080272688 -661.073908706238 211.431878276185
      vertex 1459.6345596729059 -637.6345596729059 797.983381608711
      vertex 1447.4217633157969 -648.0652731570113 808.5678051188588
    endloop
  endfacet
  facet normal 0.7604059656000294 -0.6494480483301855 0
    outer loop
      vertex 1459.6345596729059 -637.6345596729059 192
      vertex 1483.073908706238 -610.1906080272688 777.6692791119028
      vertex 1459.6345596729059 -637.6345596729059 797.983381608711
    endloop
  endfacet
  facet normal 0.6494480483301804 -0.7604059656000337 0
    outer loop
      vertex 1432.1906080272688 -661.073908706238 211.431878276185
      vertex 1436.798749268055 -657.1381842765949 815.1837495267391
      vertex 1432.1906080272688 -661.073908706238 816.7179590050362
    endloop
  endfacet
  facet normal 0.649448048330188 -0.7604059656000273 -1.0023344902107375e-16
    outer loop
      vertex 1432.1906080272688 -661.073908706238 211.431878276185
      vertex 1442.3705993518233 -652.3793747377503 812.2938019856811
      vertex 1436.798749268055 -657.1381842765949 815.1837495267391
    endloop
  endfacet
  facet normal 0.6494480483301871 -0.7604059656000279 -7.048472799199741e-17
    outer loop
      vertex 1432.1906080272688 -661.073908706238 211.431878276185
      vertex 1447.4217633157969 -648.0652731570113 808.5678051188588
      vertex 1442.3705993518233 -652.3793747377503 812.2938019856811
    endloop
  endfacet
  facet normal 0.8526401643540928 -0.5224985647159479 0
    outer loop
      vertex 1501.9315005633246 -579.4178149400958 192
      vertex 1501.9315005633246 -579.4178149400958 761.3260328347524
      vertex 1483.073908706238 -610.1906080272688 777.6692791119028
    endloop
  endfacet
  facet normal 0.9238795325112844 -0.38268343236509555 -4.0681533388395545e-17
    outer loop
      vertex 1506.6183007135987 -568.1028784531718 201.86589233577251
      vertex 1503.135750465095 -576.5104984947551 760.2823495864868
      vertex 1501.9315005633246 -579.4178149400958 761.3260328347524
    endloop
  endfacet
  facet normal 0.9238795325112859 -0.38268343236509206 2.1213411023198123e-17
    outer loop
      vertex 1506.6183007135987 -568.1028784531718 201.86589233577251
      vertex 1506.5585972368717 -568.2470153964069 756.9369653686881
      vertex 1503.135750465095 -576.5104984947551 760.2823495864868
    endloop
  endfacet
  facet normal 0.923879532511285 -0.382683432365094 5.549496643523715e-17
    outer loop
      vertex 1506.6183007135987 -568.1028784531718 201.86589233577251
      vertex 1513.4159380942583 -551.6919300966892 746.4681533947587
      vertex 1510.3992243558168 -558.9749213178318 751.9724015966058
    endloop
  endfacet
  facet normal 0.9238795325112857 -0.38268343236509217 2.1165267292350547e-17
    outer loop
      vertex 1506.6183007135987 -568.1028784531718 201.86589233577251
      vertex 1510.3992243558168 -558.9749213178318 751.9724015966058
      vertex 1506.5585972368717 -568.2470153964069 756.9369653686881
    endloop
  endfacet
  facet normal 0.9238795325112922 -0.38268343236507685 0
    outer loop
      vertex 1515.7429987478854 -546.073908706238 245.7996236053977
      vertex 1515.7429987478854 -546.073908706238 739.4587980756038
      vertex 1515.534456960857 -546.5773731168036 740.5597536191344
    endloop
  endfacet
  facet normal 0.9723699203976777 -0.23344536385590117 0
    outer loop
      vertex 1515.7429987478854 -546.073908706238 245.7996236053977
      vertex 1516.7026159912348 -542.0768152231399 734.3926866799593
      vertex 1515.7429987478854 -546.073908706238 739.4587980756038
    endloop
  endfacet
  facet normal 0.9238795325112861 -0.3826834323650915 -1.7446995989496217e-17
    outer loop
      vertex 1515.7429987478854 -546.073908706238 245.7996236053977
      vertex 1515.534456960857 -546.5773731168036 740.5597536191344
      vertex 1513.4159380942583 -551.6919300966892 746.4681533947587
    endloop
  endfacet
  facet normal 0.38268343236509095 -0.9238795325112862 0
    outer loop
      vertex 1368.073908706238 -693.7429987478853 307.39264750230626
      vertex 1401.4178149400957 -679.9315005633246 824.1378859290628
      vertex 1368.073908706238 -693.7429987478853 822.5364064958699
    endloop
  endfacet
  facet normal 0.2334453638560249 -0.9723699203976479 -3.0912613484618216e-15
    outer loop
      vertex 1332.9799269592531 -702.1683183368817 436.58088121338375
      vertex 1341.887405076022 -700.0298220440745 787.8891144916415
      vertex 1341.8359977593161 -700.042163848877 787.3858410641551
    endloop
  endfacet
  facet normal 0.2334453638559214 -0.9723699203976727 -4.1064332276277977e-16
    outer loop
      vertex 1332.9799269592531 -702.1683183368817 436.58088121338375
      vertex 1344.0682034301292 -699.5062586814165 792.567454829812
      vertex 1341.887405076022 -700.0298220440745 787.8891144916415
    endloop
  endfacet
  facet normal 0.2334453638559071 -0.9723699203976762 6.052942958595361e-17
    outer loop
      vertex 1332.9799269592531 -702.1683183368817 436.58088121338375
      vertex 1368.073908706238 -693.7429987478853 822.5364064958699
      vertex 1344.0682034301292 -699.5062586814165 792.567454829812
    endloop
  endfacet
  facet normal 0.9723699203976776 -0.23344536385590145 2.748421527673986e-18
    outer loop
      vertex 1515.7429987478854 -546.073908706238 245.7996236053977
      vertex 1524.1683183368816 -510.9799269592531 665.9570818946189
      vertex 1516.7026159912348 -542.0768152231399 734.3926866799593
    endloop
  endfacet
  facet normal 0.3826834323650907 -0.9238795325112863 4.880098047792854e-15
    outer loop
      vertex 1368.073908706238 -693.7429987478853 822.5364064958699
      vertex 1401.4178149400957 -679.9315005633246 824.1378859290628
      vertex 1372.0470175350051 -692.0972831862256 831.0941274198397
    endloop
  endfacet
  facet normal 0.9238795325112811 0.3826834323651035 2.1260864493812337e-14
    outer loop
      vertex 1505.4963392689824 570.8115329892241 197.63932022452354
      vertex 1503.160456342972 576.450853229314 192
      vertex 1501.9315005633246 579.4178149400958 192
    endloop
  endfacet
  facet normal 0.7604059655998873 0.6494480483303519 1.4108033773353142e-12
    outer loop
      vertex 1479.8147583901882 614.0065827607111 171.95773934572935
      vertex 1474.1475900773548 620.6419843208788 170.59717261142615
      vertex 1479.9167846346015 613.8871253767077 172
    endloop
  endfacet
  facet normal 0.7604059656000322 0.6494480483301822 -2.6767966979239428e-15
    outer loop
      vertex 1479.9167846346015 613.8871253767077 172
      vertex 1474.1475900773548 620.6419843208788 170.59717261142615
      vertex 1471.0485365219301 624.2705098316073 171.46830450743437
    endloop
  endfacet
  facet normal 0.7604059656000334 0.6494480483301808 -4.9788963645788616e-14
    outer loop
      vertex 1479.9167846346015 613.8871253767077 172
      vertex 1471.0485365219301 624.2705098316073 171.46830450743437
      vertex 1469.9522159513926 625.5541362959415 172
    endloop
  endfacet
  facet normal 0.9969173337331279 0.07845909572784686 5.2429367677949335e-18
    outer loop
      vertex 1526.9545003175735 475.57812828034145 302.2026626691222
      vertex 1526.164222098887 485.61956512551234 295.9758841767907
      vertex 1527 475 637.8246348202229
    endloop
  endfacet
  facet normal 0.9969173337331281 0.07845909572784385 -8.053372662506135e-22
    outer loop
      vertex 1526.9545003175735 475.57812828034145 302.2026626691222
      vertex 1527 475 637.8246348202229
      vertex 1527 475 304.1099918410182
    endloop
  endfacet
  facet normal 0.9969173337331279 0.07845909572784683 -1.0817772460277318e-19
    outer loop
      vertex 1526.164222098887 485.61956512551234 295.9758841767907
      vertex 1524.1683183368816 510.9799269592531 286.36597717597976
      vertex 1524.1683183368816 510.9799269592531 665.9570818946189
    endloop
  endfacet
  facet normal 0.9723699203976774 0.23344536385590142 1.909927929447562e-18
    outer loop
      vertex 1524.1683183368816 510.9799269592531 286.36597717597976
      vertex 1515.7429987478854 546.073908706238 245.7996236053977
      vertex 1516.7026159912348 542.0768152231399 734.3926866799593
    endloop
  endfacet
  facet normal 0.9969173337331279 0.0784590957278468 2.6400772247890076e-18
    outer loop
      vertex 1526.164222098887 485.61956512551234 295.9758841767907
      vertex 1524.1683183368816 510.9799269592531 665.9570818946189
      vertex 1527 475 637.8246348202229
    endloop
  endfacet
  facet normal 0.923879532511286 0.3826834323650917 -2.829691087906289e-17
    outer loop
      vertex 1505.4963392689824 570.8115329892241 197.63932022452354
      vertex 1501.9315005633246 579.4178149400958 192
      vertex 1506.5585972368717 568.2470153964069 756.9369653686881
    endloop
  endfacet
  facet normal 0.9238795325112823 0.38268343236510044 1.8660239864916276e-17
    outer loop
      vertex 1505.4963392689824 570.8115329892241 197.63932022452354
      vertex 1506.5585972368717 568.2470153964069 756.9369653686881
      vertex 1506.6183007135987 568.1028784531718 201.86589233577251
    endloop
  endfacet
  facet normal 0.9238795325112859 0.38268343236509184 2.1272794180690713e-17
    outer loop
      vertex 1506.6183007135987 568.1028784531718 201.86589233577251
      vertex 1506.5585972368717 568.2470153964069 756.9369653686881
      vertex 1515.7429987478854 546.073908706238 245.7996236053977
    endloop
  endfacet
  facet normal 0.7604059656000293 0.6494480483301857 0
    outer loop
      vertex 1483.073908706238 610.1906080272688 192
      vertex 1459.6345596729059 637.6345596729059 192
      vertex 1483.073908706238 610.1906080272688 777.6692791119027
    endloop
  endfacet
  facet normal 0.8526401643540928 0.5224985647159479 0
    outer loop
      vertex 1501.9315005633246 579.4178149400958 192
      vertex 1483.073908706238 610.1906080272688 192
      vertex 1501.9315005633246 579.4178149400958 761.3260328347524
    endloop
  endfacet
  facet normal 0.6494480483301877 0.7604059656000276 0
    outer loop
      vertex 1459.6345596729059 637.6345596729059 192
      vertex 1449.2544627128896 646.499999999694 192
      vertex 1459.6345596729059 637.6345596729059 797.983381608711
    endloop
  endfacet
  facet normal 0.5224985647159466 0.8526401643540937 -2.402190262771941e-18
    outer loop
      vertex 1432.1906080272688 661.073908706238 211.4318782761849
      vertex 1401.4178149400957 679.9315005633246 236.57533408665984
      vertex 1401.4178149400957 679.9315005633246 824.1378859290628
    endloop
  endfacet
  facet normal 0.38268343236509067 0.9238795325112864 0
    outer loop
      vertex 1401.4178149400957 679.9315005633246 236.57533408665984
      vertex 1390.0396662139935 684.6444840803742 242.85931210964918
      vertex 1401.4178149400957 679.9315005633246 824.1378859290628
    endloop
  endfacet
  facet normal 0.38268343236509705 0.9238795325112839 -1.465771988996088e-16
    outer loop
      vertex 1390.0396662139935 684.6444840803742 242.85931210964918
      vertex 1383.9550258837105 687.1648246273398 246.83534914255142
      vertex 1401.4178149400957 679.9315005633246 824.1378859290628
    endloop
  endfacet
  facet normal 0.38268343236508556 0.9238795325112886 2.6310895841411835e-16
    outer loop
      vertex 1379.4469124026766 689.032146371901 251.1567026823759
      vertex 1401.4178149400957 679.9315005633246 824.1378859290628
      vertex 1383.9550258837105 687.1648246273398 246.83534914255142
    endloop
  endfacet
  facet normal 0.38268343236509045 0.9238795325112864 3.836078777528795e-17
    outer loop
      vertex 1379.4469124026766 689.032146371901 251.1567026823759
      vertex 1376.6263304806744 690.2004696577787 255.71696666628122
      vertex 1401.4178149400957 679.9315005633246 824.1378859290628
    endloop
  endfacet
  facet normal 0.38268343236511226 0.9238795325112775 -1.0703816433529544e-15
    outer loop
      vertex 1376.6263304806744 690.2004696577787 255.71696666628122
      vertex 1375.7079211507273 690.5808872580528 258.9069379866123
      vertex 1401.4178149400957 679.9315005633246 824.1378859290628
    endloop
  endfacet
  facet normal 0.6494480483301844 0.7604059656000304 4.33200632734592e-17
    outer loop
      vertex 1449.2544627128896 646.499999999694 192
      vertex 1432.1906080272688 661.073908706238 211.4318782761849
      vertex 1447.4217633157969 648.0652731570113 808.5678051188588
    endloop
  endfacet
  facet normal 0.07845909572783898 0.9969173337331284 -3.9023507983245666e-15
    outer loop
      vertex 1332.9799269592531 702.1683183368817 436.58088121338335
      vertex 1298.0083847716396 704.920638397336 478.7831221446395
      vertex 1297.24988279365 704.9803337976336 481.21930430829525
    endloop
  endfacet
  facet normal 0.07845909572784357 0.9969173337331281 0
    outer loop
      vertex 1332.9799269592531 702.1683183368817 436.58088121338335
      vertex 1297.24988279365 704.9803337976336 481.21930430829525
      vertex 1332.9799269592531 702.1683183368817 655.5642628367337
    endloop
  endfacet
  facet normal 0.2334453638559077 0.972369920397676 -1.8543113174798345e-18
    outer loop
      vertex 1368.073908706238 693.7429987478853 307.39264750230427
      vertex 1332.9799269592531 702.1683183368817 436.58088121338335
      vertex 1332.9799269592531 702.1683183368817 655.5642628367337
    endloop
  endfacet
  facet normal 0.38268343236508756 0.9238795325112876 1.0771492440792321e-16
    outer loop
      vertex 1375.7079211507273 690.5808872580528 258.9069379866123
      vertex 1368.073908706238 693.7429987478853 307.39264750230427
      vertex 1372.0470175350051 692.0972831862256 831.0941274198397
    endloop
  endfacet
  facet normal 0.9723699203976776 0.23344536385590145 0
    outer loop
      vertex 1524.1683183368816 510.9799269592531 286.36597717597976
      vertex 1516.7026159912348 542.0768152231399 734.3926866799593
      vertex 1524.1683183368816 510.9799269592531 665.9570818946189
    endloop
  endfacet
  facet normal 0.9969173337331281 0.07845909572784622 7.409923942471186e-16
    outer loop
      vertex 1527 475 637.8246348202229
      vertex 1524.1683183368816 510.9799269592531 665.9570818946189
      vertex 1526.7640870660543 477.9975580386251 642.1625352278352
    endloop
  endfacet
  facet normal 0.9723699203976777 0.23344536385590117 0
    outer loop
      vertex 1515.7429987478854 546.073908706238 245.7996236053977
      vertex 1515.7429987478854 546.073908706238 739.4587980756038
      vertex 1516.7026159912348 542.0768152231399 734.3926866799593
    endloop
  endfacet
  facet normal 0.9238795325112922 0.38268343236507685 0
    outer loop
      vertex 1515.7429987478854 546.073908706238 245.7996236053977
      vertex 1515.534456960857 546.5773731168036 740.5597536191344
      vertex 1515.7429987478854 546.073908706238 739.4587980756038
    endloop
  endfacet
  facet normal 0.9238795325112861 0.3826834323650915 -1.7480648258237932e-17
    outer loop
      vertex 1515.7429987478854 546.073908706238 245.7996236053977
      vertex 1513.4159380942583 551.6919300966892 746.4681533947587
      vertex 1515.534456960857 546.5773731168036 740.5597536191344
    endloop
  endfacet
  facet normal 0.9238795325112851 0.382683432365094 -5.0969647262888276e-17
    outer loop
      vertex 1515.7429987478854 546.073908706238 245.7996236053977
      vertex 1510.3992243558168 558.9749213178318 751.9724015966058
      vertex 1513.4159380942583 551.6919300966892 746.4681533947587
    endloop
  endfacet
  facet normal 0.9238795325112843 0.38268343236509555 0
    outer loop
      vertex 1501.9315005633246 579.4178149400958 192
      vertex 1501.9315005633246 579.4178149400958 761.3260328347524
      vertex 1503.135750465095 576.5104984947551 760.2823495864868
    endloop
  endfacet
  facet normal 0.9238795325112857 0.38268343236509206 -2.1490570271756392e-17
    outer loop
      vertex 1501.9315005633246 579.4178149400958 192
      vertex 1503.135750465095 576.5104984947551 760.2823495864868
      vertex 1506.5585972368717 568.2470153964069 756.9369653686881
    endloop
  endfacet
  facet normal 0.9238795325112857 0.3826834323650922 4.291158608029843e-18
    outer loop
      vertex 1515.7429987478854 546.073908706238 245.7996236053977
      vertex 1506.5585972368717 568.2470153964069 756.9369653686881
      vertex 1510.3992243558168 558.9749213178318 751.9724015966058
    endloop
  endfacet
  facet normal 0.8526401643540927 0.5224985647159479 0
    outer loop
      vertex 1483.073908706238 610.1906080272688 192
      vertex 1483.073908706238 610.1906080272688 777.6692791119027
      vertex 1501.9315005633246 579.4178149400958 761.3260328347524
    endloop
  endfacet
  facet normal 0.23344536385590692 0.9723699203976763 -9.251338704518696e-17
    outer loop
      vertex 1368.073908706238 693.7429987478853 307.39264750230427
      vertex 1332.9799269592531 702.1683183368817 655.5642628367337
      vertex 1341.8359977593161 700.042163848877 787.3858410641551
    endloop
  endfacet
  facet normal 0.5224985647160398 0.8526401643540364 3.587505100356809e-16
    outer loop
      vertex 1432.1906080272688 661.073908706238 211.4318782761849
      vertex 1430.443197131157 662.1447234805796 817.2634533047676
      vertex 1430.8434105068445 661.899472408534 817.1664876192808
    endloop
  endfacet
  facet normal 0.5224985647159464 0.8526401643540938 -1.1178563598286612e-17
    outer loop
      vertex 1432.1906080272688 661.073908706238 211.4318782761849
      vertex 1401.4178149400957 679.9315005633246 824.1378859290628
      vertex 1430.443197131157 662.1447234805796 817.2634533047676
    endloop
  endfacet
  facet normal 0.23344536385591907 0.9723699203976733 6.242131211456685e-16
    outer loop
      vertex 1368.073908706238 693.7429987478853 307.39264750230427
      vertex 1341.8359977593161 700.042163848877 787.3858410641551
      vertex 1343.6894978455464 699.5971778482199 792.0723082199693
    endloop
  endfacet
  facet normal 0.23344536385592987 0.9723699203976707 1.2422072643250197e-15
    outer loop
      vertex 1368.073908706238 693.7429987478853 307.39264750230427
      vertex 1343.6894978455464 699.5971778482199 792.0723082199693
      vertex 1344.0682034301292 699.5062586814165 792.567454829812
    endloop
  endfacet
  facet normal 0.7604059656000294 0.6494480483301855 0
    outer loop
      vertex 1459.6345596729059 637.6345596729059 192
      vertex 1459.6345596729059 637.6345596729059 797.983381608711
      vertex 1483.073908706238 610.1906080272688 777.6692791119027
    endloop
  endfacet
  facet normal 0.6494480483301859 0.7604059656000289 5.091041927447102e-17
    outer loop
      vertex 1449.2544627128896 646.499999999694 192
      vertex 1447.4217633157969 648.0652731570113 808.5678051188588
      vertex 1459.6345596729059 637.6345596729059 797.983381608711
    endloop
  endfacet
  facet normal 0.6494480483301879 0.7604059656000273 -1.0014853668026956e-16
    outer loop
      vertex 1432.1906080272688 661.073908706238 211.4318782761849
      vertex 1436.798749268055 657.1381842765949 815.1837495267391
      vertex 1442.3705993518233 652.3793747377503 812.2938019856811
    endloop
  endfacet
  facet normal 0.6494480483301871 0.760405965600028 -7.36720744789594e-17
    outer loop
      vertex 1432.1906080272688 661.073908706238 211.4318782761849
      vertex 1442.3705993518233 652.3793747377503 812.2938019856811
      vertex 1447.4217633157969 648.0652731570113 808.5678051188588
    endloop
  endfacet
  facet normal 0.6494480483301804 0.7604059656000337 0
    outer loop
      vertex 1432.1906080272688 661.073908706238 211.4318782761849
      vertex 1432.1906080272688 661.073908706238 816.7179590050362
      vertex 1436.798749268055 657.1381842765949 815.1837495267391
    endloop
  endfacet
  facet normal 0.5224985647159224 0.8526401643541085 0
    outer loop
      vertex 1432.1906080272688 661.073908706238 211.4318782761849
      vertex 1430.8434105068445 661.899472408534 817.1664876192808
      vertex 1432.1906080272688 661.073908706238 816.7179590050362
    endloop
  endfacet
  facet normal 0.3826834323650897 0.9238795325112866 1.2445354070095886e-16
    outer loop
      vertex 1375.7079211507273 690.5808872580528 258.9069379866123
      vertex 1372.0470175350051 692.0972831862256 831.0941274198397
      vertex 1401.4178149400957 679.9315005633246 824.1378859290628
    endloop
  endfacet
  facet normal 0.23344536385590722 0.9723699203976762 0
    outer loop
      vertex 1368.073908706238 693.7429987478853 307.39264750230427
      vertex 1344.0682034301292 699.5062586814165 792.567454829812
      vertex 1368.073908706238 693.7429987478853 822.5364064958696
    endloop
  endfacet
  facet normal 0.38268343236509966 0.9238795325112826 0
    outer loop
      vertex 1368.073908706238 693.7429987478853 307.39264750230427
      vertex 1368.073908706238 693.7429987478853 822.5364064958696
      vertex 1372.0470175350051 692.0972831862256 831.0941274198397
    endloop
  endfacet
  facet normal -0.8553972912333269 -0.5179724646645679 -9.26405329327768e-14
    outer loop
      vertex -1510.0278160815471 -653.5815836969473 191.10880592520334
      vertex -1509.6182227579982 -654.2579999996904 192
      vertex -1510.5413159507075 -652.7335726015838 192
    endloop
  endfacet
  facet normal -0.8553972912333269 0.517972464664568 -9.267141403651422e-14
    outer loop
      vertex -1510.0278160815471 653.5815836969473 191.10880592520328
      vertex -1510.5413159507075 652.7335726015838 192
      vertex -1509.6182227579982 654.2579999996904 192
    endloop
  endfacet
  facet normal 0.6539202527887897 -0.7565634824604247 -1.4708995609958935e-15
    outer loop
      vertex 1449.2544627128896 -654.2579999996902 192
      vertex 1458.0358344583751 -646.668 182
      vertex 1459.6345596729059 -645.2861743889807 192
    endloop
  endfacet
  facet normal 0.764214923674651 -0.6449616658631327 -1.4778512929197904e-14
    outer loop
      vertex 1464.2222619185604 -639.8502070949971 175.4645748436451
      vertex 1467.6819061134613 -635.7508755156398 173.066110573709
      vertex 1459.6345596729059 -645.2861743889807 192
    endloop
  endfacet
  facet normal 0.7642149236746476 -0.6449616658631369 -1.8229180428051507e-14
    outer loop
      vertex 1459.6345596729059 -645.2861743889807 192
      vertex 1467.6819061134613 -635.7508755156398 173.066110573709
      vertex 1469.9781534250044 -633.0300526252117 172
    endloop
  endfacet
  facet normal 0.7642149236746725 -0.6449616658631074 1.263285963412252e-14
    outer loop
      vertex 1459.6345596729059 -645.2861743889807 192
      vertex 1469.9781534250044 -633.0300526252117 172
      vertex 1479.9167846346015 -621.2537708812281 172
    endloop
  endfacet
  facet normal 0.7642149236746589 -0.6449616658631233 -1.9905868964531434e-14
    outer loop
      vertex 1459.6345596729059 -645.2861743889807 192
      vertex 1479.9167846346015 -621.2537708812281 172
      vertex 1483.073908706238 -617.512895323596 173.30772361217612
    endloop
  endfacet
  facet normal 0.764214923674659 -0.6449616658631233 0
    outer loop
      vertex 1459.6345596729059 -645.2861743889807 180.44957063089615
      vertex 1461.1256648637084 -643.5193642049134 178.4671827107668
      vertex 1459.6345596729059 -645.2861743889807 192
    endloop
  endfacet
  facet normal 0.7642149236746825 -0.6449616658630954 6.2033815314798194e-15
    outer loop
      vertex 1464.2222619185604 -639.8502070949971 175.4645748436451
      vertex 1459.6345596729059 -645.2861743889807 192
      vertex 1461.1256648637084 -643.5193642049134 178.4671827107668
    endloop
  endfacet
  facet normal 0.6539202527887843 -0.7565634824604295 0
    outer loop
      vertex 1459.6345596729059 -645.2861743889807 180.44957063089615
      vertex 1459.6345596729059 -645.2861743889807 192
      vertex 1458.0358344583751 -646.668 182
    endloop
  endfacet
  facet normal 0.7642149236746657 -0.6449616658631154 4.7459478380534055e-17
    outer loop
      vertex 1459.6345596729059 -645.2861743889807 192
      vertex 1483.073908706238 -617.512895323596 173.30772361217612
      vertex 1483.073908706238 -617.512895323596 192
    endloop
  endfacet
  facet normal 0.8553972912333236 -0.5179724646645733 0
    outer loop
      vertex 1483.073908706238 -617.512895323596 173.30772361217612
      vertex 1485.6136986017227 -613.3186001725858 174.35973903536797
      vertex 1483.073908706238 -617.512895323596 192
    endloop
  endfacet
  facet normal 0.8553972912333283 -0.5179724646645654 2.5814983241062633e-15
    outer loop
      vertex 1483.073908706238 -617.512895323596 192
      vertex 1485.6136986017227 -613.3186001725858 174.35973903536797
      vertex 1490.9654887095094 -604.4804725234362 177.63932022452354
    endloop
  endfacet
  facet normal 0.8553972912333251 -0.5179724646645708 -4.183762084608407e-15
    outer loop
      vertex 1483.073908706238 -617.512895323596 192
      vertex 1490.9654887095094 -604.4804725234362 177.63932022452354
      vertex 1495.7383498623967 -596.5984077803683 181.71572875231504
    endloop
  endfacet
  facet normal 0.8553972912333265 -0.5179724646645684 2.510744824231959e-15
    outer loop
      vertex 1483.073908706238 -617.512895323596 192
      vertex 1495.7383498623967 -596.5984077803683 181.71572875231504
      vertex 1499.8147583901882 -589.8664885172635 186.4885899052024
    endloop
  endfacet
  facet normal 0.8553972912333259 -0.5179724646645696 -5.936794267618519e-15
    outer loop
      vertex 1483.073908706238 -617.512895323596 192
      vertex 1499.8147583901882 -589.8664885172635 186.4885899052024
      vertex 1501.9315005633246 -586.370828719377 189.9427991988722
    endloop
  endfacet
  facet normal 0.8553972912333261 -0.5179724646645694 -7.202876096569557e-16
    outer loop
      vertex 1483.073908706238 -617.512895323596 192
      vertex 1501.9315005633246 -586.370828719377 189.9427991988722
      vertex 1501.9315005633246 -586.370828719377 192
    endloop
  endfacet
  facet normal 0.9254784983580611 -0.3788001439768845 0
    outer loop
      vertex 1501.9315005633246 -586.370828719377 189.9427991988722
      vertex 1503.0943395793438 -583.5297988953669 191.84038001298904
      vertex 1501.9315005633246 -586.370828719377 192
    endloop
  endfacet
  facet normal 0.9254784983580575 -0.3788001439768928 -1.7433032128596118e-13
    outer loop
      vertex 1501.9315005633246 -586.370828719377 192
      vertex 1503.0943395793438 -583.5297988953669 191.84038001298904
      vertex 1503.160456342972 -583.3682634680658 192
    endloop
  endfacet
  facet normal 0.7642149236746717 0.6449616658631082 -6.115591026699067e-15
    outer loop
      vertex 1469.9522159513926 633.0607859314928 172
      vertex 1483.073908706238 617.512895323596 192
      vertex 1479.9167846346015 621.2537708812281 172
    endloop
  endfacet
  facet normal 0.8553972912333319 0.5179724646645595 -1.9637293633477578e-14
    outer loop
      vertex 1501.9315005633246 586.370828719377 192
      vertex 1490.9654887095094 604.4804725234362 177.63932022452354
      vertex 1485.6136986017227 613.3186001725858 174.35973903536797
    endloop
  endfacet
  facet normal 0.9254784983581944 0.37880014397655876 -5.691946575747768e-13
    outer loop
      vertex 1503.0943395793438 583.5297988953669 191.84038001298904
      vertex 1501.9315005633246 586.370828719377 189.9427991988722
      vertex 1503.160456342972 583.3682634680658 192
    endloop
  endfacet
  facet normal 0.8553972912333233 0.5179724646645736 1.6995502820857896e-17
    outer loop
      vertex 1499.8147583901882 589.8664885172635 186.4885899052024
      vertex 1501.9315005633246 586.370828719377 192
      vertex 1501.9315005633246 586.370828719377 189.9427991988722
    endloop
  endfacet
  facet normal 0.9254784983580576 0.3788001439768929 0
    outer loop
      vertex 1501.9315005633246 586.370828719377 189.9427991988722
      vertex 1501.9315005633246 586.370828719377 192
      vertex 1503.160456342972 583.3682634680658 192
    endloop
  endfacet
  facet normal 0.8553972912333222 0.5179724646645755 8.294845180586083e-15
    outer loop
      vertex 1501.9315005633246 586.370828719377 192
      vertex 1495.7383498623967 596.5984077803683 181.71572875231504
      vertex 1490.9654887095094 604.4804725234362 177.63932022452354
    endloop
  endfacet
  facet normal 0.8553972912333305 0.5179724646645617 -1.0417347034426866e-14
    outer loop
      vertex 1499.8147583901882 589.8664885172635 186.4885899052024
      vertex 1495.7383498623967 596.5984077803683 181.71572875231504
      vertex 1501.9315005633246 586.370828719377 192
    endloop
  endfacet
  facet normal 0.8553972912333235 0.5179724646645731 8.803367296865667e-18
    outer loop
      vertex 1485.6136986017227 613.3186001725858 174.35973903536797
      vertex 1483.073908706238 617.512895323596 173.3077236121761
      vertex 1483.073908706238 617.512895323596 192
    endloop
  endfacet
  facet normal 0.7642149236746555 0.6449616658631274 -3.986886693038539e-18
    outer loop
      vertex 1479.9167846346015 621.2537708812281 172
      vertex 1483.073908706238 617.512895323596 192
      vertex 1483.073908706238 617.512895323596 173.3077236121761
    endloop
  endfacet
  facet normal 0.855397291233326 0.5179724646645693 1.2440621441924178e-15
    outer loop
      vertex 1501.9315005633246 586.370828719377 192
      vertex 1485.6136986017227 613.3186001725858 174.35973903536797
      vertex 1483.073908706238 617.512895323596 192
    endloop
  endfacet
  facet normal 0.7642149236746597 0.6449616658631226 1.2961517250263089e-14
    outer loop
      vertex 1467.3339643988083 636.1631515701413 173.26980427652597
      vertex 1483.073908706238 617.512895323596 192
      vertex 1469.9522159513926 633.0607859314928 172
    endloop
  endfacet
  facet normal 0.7642149236746592 0.644961665863123 1.3759263094406888e-14
    outer loop
      vertex 1467.3339643988083 636.1631515701413 173.26980427652597
      vertex 1463.9058189807945 640.2251602562964 175.72949016839266
      vertex 1483.073908706238 617.512895323596 192
    endloop
  endfacet
  facet normal 0.7642149236746735 0.6449616658631061 -2.672858115379479e-14
    outer loop
      vertex 1463.9058189807945 640.2251602562964 175.72949016839266
      vertex 1460.8485125806212 643.8477618788779 178.78679656237364
      vertex 1483.073908706238 617.512895323596 192
    endloop
  endfacet
  facet normal 0.6539202527887843 0.7565634824604294 0
    outer loop
      vertex 1459.6345596729059 645.2861743889807 180.4256340731397
      vertex 1458.0358344583751 646.668 182
      vertex 1459.6345596729059 645.2861743889807 192
    endloop
  endfacet
  facet normal 0.7642149236746598 0.6449616658631223 2.84872075358894e-14
    outer loop
      vertex 1460.8485125806212 643.8477618788779 178.78679656237364
      vertex 1459.6345596729059 645.2861743889807 180.4256340731397
      vertex 1483.073908706238 617.512895323596 192
    endloop
  endfacet
  facet normal 0.7642149236746657 0.6449616658631153 0
    outer loop
      vertex 1459.6345596729059 645.2861743889807 180.4256340731397
      vertex 1459.6345596729059 645.2861743889807 192
      vertex 1483.073908706238 617.512895323596 192
    endloop
  endfacet
  facet normal 0.6539202527887945 0.7565634824604206 -2.8399277678508234e-15
    outer loop
      vertex 1449.2544627128896 654.2579999996904 192
      vertex 1459.6345596729059 645.2861743889807 192
      vertex 1458.0358344583751 646.668 182
    endloop
  endfacet
  facet normal 3.696153473682532e-19 -0.36861299359838007 -0.9295829500106165
    outer loop
      vertex -1487.1373543569805 -625.5237674162171 172
      vertex -1484.6486910789445 -623.8362733274698 171.33084804564714
      vertex -1327.102719689166 -623.8362733274698 171.33084804564714
    endloop
  endfacet
  facet normal 0 -0.8000000000117553 -0.5999999999843262
    outer loop
      vertex -1509.6182227579982 -646.499999999694 192
      vertex -1331.5864134141104 -646.499999999694 192
      vertex -1504.0820393249937 -655.5342302750968 204.04564036769543
    endloop
  endfacet
  facet normal -9.965009956819563e-17 -0.8000000000117511 -0.599999999984332
    outer loop
      vertex -1504.0820393249937 -655.5342302750968 204.04564036769543
      vertex -1334.8584094275236 -665.1399578807102 216.85327717570254
      vertex -1491.8528137423857 -669.8528137423857 223.1370849915263
    endloop
  endfacet
  facet normal 0 -0.36861299359838007 -0.9295829500106167
    outer loop
      vertex -1487.1373543569805 -625.5237674162171 172
      vertex -1327.102719689166 -623.8362733274698 171.33084804564714
      vertex -1327.251067105943 -625.5237674162171 172
    endloop
  endfacet
  facet normal -3.6921017036113575e-16 -0.8000000000117529 -0.5999999999843296
    outer loop
      vertex -1504.0820393249937 -655.5342302750968 204.04564036769543
      vertex -1331.5864134141104 -646.499999999694 192
      vertex -1334.8584094275236 -665.1399578807102 216.85327717570254
    endloop
  endfacet
  facet normal -8.195168446942248e-17 -0.800000000011753 -0.5999999999843293
    outer loop
      vertex -1491.8528137423857 -669.8528137423857 223.1370849915263
      vertex -1335.9938574340515 -684.6444840803742 242.85931210964918
      vertex -1477.534230275097 -682.0820393249937 239.44271910233576
    endloop
  endfacet
  facet normal 2.9007628099572003e-17 -0.8000000000117526 -0.5999999999843297
    outer loop
      vertex -1491.8528137423857 -669.8528137423857 223.1370849915263
      vertex -1334.8584094275236 -665.1399578807102 216.85327717570254
      vertex -1335.9938574340515 -684.6444840803742 242.85931210964918
    endloop
  endfacet
  facet normal 0 -0.8000000000117514 -0.5999999999843316
    outer loop
      vertex -1473.3527004778548 -684.6444840803742 242.85931210964918
      vertex -1477.534230275097 -682.0820393249937 239.44271910233576
      vertex -1335.9938574340515 -684.6444840803742 242.85931210964918
    endloop
  endfacet
  facet normal 3.400459233040151e-16 -0.8309781848297575 -0.5563050029768216
    outer loop
      vertex -1473.3527004778548 -684.6444840803742 242.85931210964918
      vertex -1336 -684.7386687156501 243
      vertex -1470.4363020792898 -686.4316553175449 245.52889139205217
    endloop
  endfacet
  facet normal 1.0774181648888458e-18 -0.8970162975742626 -0.4419974681897647
    outer loop
      vertex -1470.4363020792898 -686.4316553175449 245.52889139205217
      vertex -1335.7052171778298 -688.5123786181211 249.75163664668798
      vertex -1467.0408702507964 -688.5123786181211 249.75163664668798
    endloop
  endfacet
  facet normal -1.824584294973091e-19 -0.9551161764009851 -0.2962314797201039
    outer loop
      vertex -1467.0408702507964 -688.5123786181211 249.75163664668798
      vertex -1335.5089065284474 -689.906901858747 254.24788973480463
      vertex -1464.7652151478405 -689.906901858747 254.24788973480463
    endloop
  endfacet
  facet normal -2.7559899402360265e-19 -0.9896979244056744 -0.14317129051279753
    outer loop
      vertex -1464.7652151478405 -689.906901858747 254.24788973480463
      vertex -1335.3054880887173 -690.5808872580528 258.9069379866123
      vertex -1463.6653709368832 -690.5808872580528 258.9069379866123
    endloop
  endfacet
  facet normal 0 -0.8309781848297491 -0.5563050029768342
    outer loop
      vertex -1470.4363020792898 -686.4316553175449 245.52889139205217
      vertex -1336 -684.7386687156501 243
      vertex -1335.8895862173097 -686.4316553175449 245.52889139205217
    endloop
  endfacet
  facet normal 0 -0.8309781848299108 -0.5563050029765925
    outer loop
      vertex -1473.3527004778548 -684.6444840803742 242.85931210964918
      vertex -1335.9938574340515 -684.6444840803742 242.85931210964918
      vertex -1336 -684.7386687156501 243
    endloop
  endfacet
  facet normal 0 -0.8970162975742626 -0.44199746818976465
    outer loop
      vertex -1470.4363020792898 -686.4316553175449 245.52889139205217
      vertex -1335.8895862173097 -686.4316553175449 245.52889139205217
      vertex -1335.7052171778298 -688.5123786181211 249.75163664668798
    endloop
  endfacet
  facet normal 0 -0.9551161764009851 -0.2962314797201039
    outer loop
      vertex -1467.0408702507964 -688.5123786181211 249.75163664668798
      vertex -1335.7052171778298 -688.5123786181211 249.75163664668798
      vertex -1335.5089065284474 -689.906901858747 254.24788973480463
    endloop
  endfacet
  facet normal 0 -0.9896979244056745 -0.14317129051279753
    outer loop
      vertex -1464.7652151478405 -689.906901858747 254.24788973480463
      vertex -1335.5089065284474 -689.906901858747 254.24788973480463
      vertex -1335.3054880887173 -690.5808872580528 258.9069379866123
    endloop
  endfacet
  facet normal 0 -0.21865594295094026 -0.9758020181431453
    outer loop
      vertex -1484.6486910789445 -623.8362733274698 171.33084804564714
      vertex -1482.2137765437365 -620.9145252990653 170.67614805698395
      vertex -1327.102719689166 -623.8362733274698 171.33084804564714
    endloop
  endfacet
  facet normal -1.6579627048769403e-16 -0.2186559429509487 -0.9758020181431435
    outer loop
      vertex -1482.2137765437365 -620.9145252990653 170.67614805698395
      vertex -1478.6789114919466 -619.2426406890154 170.30151519179344
      vertex -1327.102719689166 -623.8362733274698 171.33084804564714
    endloop
  endfacet
  facet normal 0 -0.07088902044009718 -0.9974842087878101
    outer loop
      vertex -1478.6789114919466 -619.2426406890154 170.30151519179344
      vertex -1475.97200550884 -615.2058776104931 170.0146312713623
      vertex -1326.8745220893836 -619.2426406890154 170.30151519179344
    endloop
  endfacet
  facet normal 1.585937654169475e-15 -0.07088902044003889 -0.9974842087878143
    outer loop
      vertex -1475.97200550884 -615.2058776104931 170.0146312713623
      vertex -1474.8902071788907 -615 170
      vertex -1326.8745220893836 -619.2426406890154 170.30151519179344
    endloop
  endfacet
  facet normal 0 -0.21865594295094348 -0.9758020181431446
    outer loop
      vertex -1478.6789114919466 -619.2426406890154 170.30151519179344
      vertex -1326.8745220893836 -619.2426406890154 170.30151519179344
      vertex -1327.102719689166 -623.8362733274698 171.33084804564714
    endloop
  endfacet
  facet normal 0 -0.07088902044009394 -0.9974842087878103
    outer loop
      vertex -1474.8902071788907 -615 170
      vertex -1326.8076777806573 -615 170
      vertex -1326.8745220893836 -619.2426406890154 170.30151519179344
    endloop
  endfacet
  facet normal 0 -0.997880105966248 -0.06507913733900747
    outer loop
      vertex -1463.6653709368832 -690.5808872580528 258.9069379866123
      vertex -1335.3054880887173 -690.5808872580528 258.9069379866123
      vertex -1461.4788599687456 -691.9207829026042 279.4520045384887
    endloop
  endfacet
  facet normal -9.77886082412193e-16 -0.9978801059662478 -0.06507913733901347
    outer loop
      vertex -1335.3054880887173 -690.5808872580528 258.9069379866123
      vertex -1334.8584094275236 -691.2486993126166 269.14672282429746
      vertex -1461.4788599687456 -691.9207829026042 279.4520045384887
    endloop
  endfacet
  facet normal -5.4967939843588535e-16 -0.9978801059662481 -0.06507913733900822
    outer loop
      vertex -1461.4788599687456 -691.9207829026042 279.4520045384887
      vertex -1334.8584094275236 -691.2486993126166 269.14672282429746
      vertex -1331.4423259036623 -692.9409426043434 295.0944533000791
    endloop
  endfacet
  facet normal -3.8820181653255794e-16 -0.997880105966248 -0.06507913733900955
    outer loop
      vertex -1461.4788599687456 -691.9207829026042 279.4520045384887
      vertex -1331.4423259036623 -692.9409426043434 295.0944533000791
      vertex -1444.0820393249937 -699.1267819554184 389.94399002620554
    endloop
  endfacet
  facet normal -7.143475305882714e-16 -0.997880105966248 -0.06507913733900994
    outer loop
      vertex -1331.4423259036623 -692.9409426043434 295.0944533000791
      vertex -1325.7777478867206 -694.6073291409573 320.6457135307562
      vertex -1444.0820393249937 -699.1267819554184 389.94399002620554
    endloop
  endfacet
  facet normal 8.818790914844407e-16 -0.9978801059662481 -0.06507913733900722
    outer loop
      vertex -1325.7777478867206 -694.6073291409573 320.6457135307562
      vertex -1317.9077862357726 -696.2351767147229 345.6060429977006
      vertex -1444.0820393249937 -699.1267819554184 389.94399002620554
    endloop
  endfacet
  facet normal 1.8069857558547952e-16 -0.9978801059662481 -0.06507913733900922
    outer loop
      vertex -1317.9077862357726 -696.2351767147229 345.6060429977006
      vertex -1307.892336110995 -697.8120964226828 369.7854785222098
      vertex -1444.0820393249937 -699.1267819554184 389.94399002620554
    endloop
  endfacet
  facet normal -2.5865635945012333e-17 -0.9978801059662479 -0.06507913733901062
    outer loop
      vertex -1444.0820393249937 -699.1267819554184 389.94399002620554
      vertex -1307.892336110995 -697.8120964226828 369.7854785222098
      vertex -1295.8076211353316 -699.3260869536891 393
    endloop
  endfacet
  facet normal -4.674497119122164e-17 -0.997880105966248 -0.0650791373390096
    outer loop
      vertex -1444.0820393249937 -699.1267819554184 389.94399002620554
      vertex -1295.8076211353316 -699.3260869536891 393
      vertex -1425.7721358048277 -703.5226008714166 457.34654674502815
    endloop
  endfacet
  facet normal -1.5281616843878763e-15 -0.9978801059662479 -0.06507913733901258
    outer loop
      vertex -1295.8076211353316 -699.3260869536891 393
      vertex -1281.7456132866976 -700.7656259256286 415.0729309053138
      vertex -1425.7721358048277 -703.5226008714166 457.34654674502815
    endloop
  endfacet
  facet normal 6.427722522817456e-16 -0.9978801059662482 -0.06507913733900521
    outer loop
      vertex -1281.7456132866976 -700.7656259256286 415.0729309053138
      vertex -1265.8133329356933 -702.119757577707 435.83628290596175
      vertex -1425.7721358048277 -703.5226008714166 457.34654674502815
    endloop
  endfacet
  facet normal 2.4234327182240996e-17 -0.9978801059662482 -0.06507913733900729
    outer loop
      vertex -1425.7721358048277 -703.5226008714166 457.34654674502815
      vertex -1228.8362829059618 -704.5313043185313 472.81333293569344
      vertex -1408.0083847716396 -704.920638397336 478.7831221446395
    endloop
  endfacet
  facet normal 0 -0.9996999202393315 -0.024496315508137054
    outer loop
      vertex -1408.0083847716396 -704.920638397336 478.7831221446395
      vertex -1217.8814077298102 -704.9803337976336 481.21930430829525
      vertex -1407.24988279365 -704.9803337976336 481.21930430829525
    endloop
  endfacet
  facet normal -1.2752102760395983e-17 -0.9998699525320676 0.016126934721791376
    outer loop
      vertex -1407.24988279365 -704.9803337976336 481.21930430829525
      vertex -1186 -704.6321351390568 502.8076211353316
      vertex -1425.7721358048277 -703.5226008714166 571.5987457139594
    endloop
  endfacet
  facet normal -1.2608579158725148e-16 -0.9978801059662479 -0.0650791373390109
    outer loop
      vertex -1265.8133329356933 -702.119757577707 435.83628290596175
      vertex -1248.1320343559642 -703.3781761504054 455.13203435596427
      vertex -1425.7721358048277 -703.5226008714166 457.34654674502815
    endloop
  endfacet
  facet normal -6.60313645325062e-17 -0.9978801059662481 -0.06507913733900614
    outer loop
      vertex -1425.7721358048277 -703.5226008714166 457.34654674502815
      vertex -1248.1320343559642 -703.3781761504054 455.13203435596427
      vertex -1228.8362829059618 -704.5313043185313 472.81333293569344
    endloop
  endfacet
  facet normal 0 -0.9978801059662481 -0.06507913733900801
    outer loop
      vertex -1408.0083847716396 -704.920638397336 478.7831221446395
      vertex -1228.8362829059618 -704.5313043185313 472.81333293569344
      vertex -1221.0563021383496 -704.920638397336 478.7831221446395
    endloop
  endfacet
  facet normal 0 -0.9996999202393315 -0.024496315508137058
    outer loop
      vertex -1408.0083847716396 -704.920638397336 478.7831221446395
      vertex -1221.0563021383496 -704.920638397336 478.7831221446395
      vertex -1217.8814077298102 -704.9803337976336 481.21930430829525
    endloop
  endfacet
  facet normal 0 -0.9998699525320676 0.01612693472179186
    outer loop
      vertex -1407.24988279365 -704.9803337976336 481.21930430829525
      vertex -1217.8814077298102 -704.9803337976336 481.21930430829525
      vertex -1208.0729309053138 -704.8589417173102 488.74561328669756
    endloop
  endfacet
  facet normal 3.792125887590369e-17 -0.9998699525320677 0.01612693472179086
    outer loop
      vertex -1407.24988279365 -704.9803337976336 481.21930430829525
      vertex -1208.0729309053138 -704.8589417173102 488.74561328669756
      vertex -1186 -704.6321351390568 502.8076211353316
    endloop
  endfacet
  facet normal 9.144561946286054e-16 -0.9998699525320675 0.01612693472179461
    outer loop
      vertex -1186 -704.6321351390568 502.8076211353316
      vertex -1162.7854785222098 -704.4372203813421 514.892336110995
      vertex -1425.7721358048277 -703.5226008714166 571.5987457139594
    endloop
  endfacet
  facet normal -1.7137335402252161e-15 -0.9998699525320678 0.016126934721782425
    outer loop
      vertex -1162.7854785222098 -704.4372203813421 514.892336110995
      vertex -1138.6060429977006 -704.2756808631652 524.9077862357725
      vertex -1425.7721358048277 -703.5226008714166 571.5987457139594
    endloop
  endfacet
  facet normal 4.005477150554277e-20 -0.36861299359838 -0.9295829500106166
    outer loop
      vertex -744.7489328940569 -625.5237674162171 172
      vertex -744.897280310834 -623.8362733274698 171.33084804564714
      vertex 708.897280310834 -623.8362733274698 171.33084804564714
    endloop
  endfacet
  facet normal -6.7479508711720705e-19 -0.8000000000117526 -0.5999999999843298
    outer loop
      vertex -737.1415905724764 -665.1399578807102 216.85327717570254
      vertex 470 -684.6444840803742 242.85931210964918
      vertex -736.0061425659485 -684.6444840803742 242.85931210964918
    endloop
  endfacet
  facet normal 6.564221076004577e-20 -0.8309781848297491 -0.5563050029768342
    outer loop
      vertex -736 -684.7386687156501 243
      vertex 470 -686.4316553175449 245.52889139205217
      vertex -736.1104137826902 -686.4316553175449 245.52889139205217
    endloop
  endfacet
  facet normal 0 -0.8970162975742626 -0.4419974681897646
    outer loop
      vertex -736.2947828221701 -688.5123786181211 249.75163664668798
      vertex -736.1104137826902 -686.4316553175449 245.52889139205217
      vertex 470 -688.5123786181211 249.75163664668798
    endloop
  endfacet
  facet normal -1.9547515270464e-20 -0.9551161764009851 -0.29623147972010394
    outer loop
      vertex -736.2947828221701 -688.5123786181211 249.75163664668798
      vertex 470 -689.906901858747 254.24788973480463
      vertex -736.4910934715525 -689.906901858747 254.24788973480463
    endloop
  endfacet
  facet normal -2.931633005433182e-20 -0.9896979244056745 -0.14317129051279753
    outer loop
      vertex -736.4910934715525 -689.906901858747 254.24788973480463
      vertex 470 -690.5808872580528 258.9069379866123
      vertex -736.6945119112827 -690.5808872580528 258.9069379866123
    endloop
  endfacet
  facet normal 0 -0.8309781848299108 -0.5563050029765925
    outer loop
      vertex -736.0061425659485 -684.6444840803742 242.85931210964918
      vertex 470 -684.6444840803742 242.85931210964918
      vertex -736 -684.7386687156501 243
    endloop
  endfacet
  facet normal -6.3292835133766045e-18 -0.8000000000117529 -0.5999999999843296
    outer loop
      vertex -740.4135865858894 -646.499999999694 192
      vertex 470 -684.6444840803742 242.85931210964918
      vertex -737.1415905724764 -665.1399578807102 216.85327717570254
    endloop
  endfacet
  facet normal 0 -0.21865594295094345 -0.9758020181431445
    outer loop
      vertex -744.897280310834 -623.8362733274698 171.33084804564714
      vertex -745.1254779106164 -619.2426406890154 170.30151519179344
      vertex 708.897280310834 -623.8362733274698 171.33084804564714
    endloop
  endfacet
  facet normal 0 -0.07088902044009394 -0.9974842087878103
    outer loop
      vertex -745.1254779106164 -619.2426406890154 170.30151519179344
      vertex -745.1923222193428 -615 170
      vertex 709.1254779106165 -619.2426406890154 170.30151519179344
    endloop
  endfacet
  facet normal -1.2182769870212828e-15 -0.9978801059662484 -0.06507913733900253
    outer loop
      vertex -736.6945119112827 -690.5808872580528 258.9069379866123
      vertex 470 -704.920638397336 478.7831221446395
      vertex -737.1415905724764 -691.2486993126165 269.14672282429746
    endloop
  endfacet
  facet normal -2.088443329264081e-16 -0.9978801059662481 -0.06507913733900832
    outer loop
      vertex -737.1415905724764 -691.2486993126165 269.14672282429746
      vertex 470 -704.920638397336 478.7831221446395
      vertex -740.5576740963377 -692.9409426043433 295.0944533000791
    endloop
  endfacet
  facet normal 7.865915805671065e-17 -0.9978801059662479 -0.06507913733901094
    outer loop
      vertex -806.1866670643066 -702.119757577707 435.83628290596175
      vertex 470 -704.920638397336 478.7831221446395
      vertex -823.8679656440357 -703.3781761504054 455.13203435596427
    endloop
  endfacet
  facet normal -8.113776001043652e-18 -0.9978801059662482 -0.06507913733900622
    outer loop
      vertex -823.8679656440357 -703.3781761504054 455.13203435596427
      vertex 470 -704.920638397336 478.7831221446395
      vertex -843.1637170940382 -704.5313043185313 472.81333293569344
    endloop
  endfacet
  facet normal -1.957356157907059e-20 -0.9978801059662481 -0.065079137339008
    outer loop
      vertex -843.1637170940382 -704.5313043185313 472.81333293569344
      vertex 470 -704.920638397336 478.7831221446395
      vertex -850.9436978616504 -704.920638397336 478.7831221446395
    endloop
  endfacet
  facet normal 0 -0.9996999202393315 -0.02449631550813705
    outer loop
      vertex -850.9436978616504 -704.920638397336 478.7831221446395
      vertex 470 -704.9803337976336 481.21930430829525
      vertex -854.1185922701898 -704.9803337976336 481.21930430829525
    endloop
  endfacet
  facet normal 6.104523861509874e-17 -0.997880105966248 -0.06507913733901008
    outer loop
      vertex -740.5576740963377 -692.9409426043433 295.0944533000791
      vertex 470 -704.920638397336 478.7831221446395
      vertex -746.2222521132795 -694.6073291409572 320.6457135307562
    endloop
  endfacet
  facet normal 2.333316019274553e-16 -0.9978801059662479 -0.0650791373390114
    outer loop
      vertex -746.2222521132795 -694.6073291409572 320.6457135307562
      vertex 470 -704.920638397336 478.7831221446395
      vertex -754.0922137642275 -696.2351767147229 345.6060429977006
    endloop
  endfacet
  facet normal 4.739873948322467e-16 -0.9978801059662478 -0.0650791373390136
    outer loop
      vertex -764.107663889005 -697.8120964226829 369.7854785222098
      vertex -754.0922137642275 -696.2351767147229 345.6060429977006
      vertex 470 -704.920638397336 478.7831221446395
    endloop
  endfacet
  facet normal -2.1284898986408827e-16 -0.9978801059662483 -0.06507913733900587
    outer loop
      vertex -764.107663889005 -697.8120964226829 369.7854785222098
      vertex 470 -704.920638397336 478.7831221446395
      vertex -776.1923788646684 -699.3260869536891 393
    endloop
  endfacet
  facet normal -3.376966751123068e-17 -0.9978801059662481 -0.06507913733900847
    outer loop
      vertex -776.1923788646684 -699.3260869536891 393
      vertex 470 -704.920638397336 478.7831221446395
      vertex -790.2543867133024 -700.7656259256285 415.0729309053138
    endloop
  endfacet
  facet normal 5.1073800475262185e-17 -0.9978801059662479 -0.06507913733901012
    outer loop
      vertex -790.2543867133024 -700.7656259256285 415.0729309053138
      vertex 470 -704.920638397336 478.7831221446395
      vertex -806.1866670643066 -702.119757577707 435.83628290596175
    endloop
  endfacet
  facet normal -2.190388674761775e-17 -0.9998699525320676 0.016126934721792826
    outer loop
      vertex -1138.6060429977006 -704.2756808631652 524.9077862357725
      vertex -1113.6457135307562 -704.1487459977996 532.7777478867205
      vertex -1425.7721358048277 -703.5226008714166 571.5987457139594
    endloop
  endfacet
  facet normal 9.991259934033367e-16 -0.9998699525320675 0.01612693472180103
    outer loop
      vertex -1113.6457135307562 -704.1487459977996 532.7777478867205
      vertex -1088.094453300079 -704.0573818362159 538.4423259036623
      vertex -1425.7721358048277 -703.5226008714166 571.5987457139594
    endloop
  endfacet
  facet normal 8.943914978279175e-16 -0.9998699525320675 0.016126934721799966
    outer loop
      vertex -1425.7721358048277 -703.5226008714166 571.5987457139594
      vertex -1088.094453300079 -704.0573818362159 538.4423259036623
      vertex -1062.1467228242975 -704.0022837148512 541.8584094275236
    endloop
  endfacet
  facet normal 6.533630659162839e-21 -0.9998699525320676 0.01612693472179113
    outer loop
      vertex -1425.7721358048277 -703.5226008714166 571.5987457139594
      vertex 470 -700.042163848877 787.3858410641551
      vertex -1440.2691993346261 -700.042163848877 787.3858410641551
    endloop
  endfacet
  facet normal 5.911695730332898e-16 -0.9820064469943148 0.1888473935790539
    outer loop
      vertex -1480.2196424908675 -679.7884806189965 895.0999007944091
      vertex -1477.534230275097 -682.0820393249937 883.1733955185689
      vertex -1368.2464821110163 -679.6797265782952 895.6654218062758
    endloop
  endfacet
  facet normal 0 -0.9996994453013784 0.02451569016194055
    outer loop
      vertex -1440.2691993346261 -700.042163848877 787.3858410641551
      vertex 470 -700.0298220440745 787.8891144916415
      vertex -1440.3206066513321 -700.0298220440745 787.8891144916415
    endloop
  endfacet
  facet normal -6.1657217622023746e-21 -0.9937960445669489 0.1112179023497861
    outer loop
      vertex -1440.3206066513321 -700.0298220440745 787.8891144916415
      vertex 470 -699.5062586814165 792.567454829812
      vertex -1442.5014050054392 -699.5062586814165 792.567454829812
    endloop
  endfacet
  facet normal -3.300473206229117e-17 -0.982006446994314 0.18884739357905722
    outer loop
      vertex -1444.0820393249937 -699.1267819554184 794.5407338057721
      vertex 470 -679.6797265782952 895.6654218062758
      vertex -1461.4788599687456 -691.9207829026042 832.011928895029
    endloop
  endfacet
  facet normal 6.488050921765053e-17 -0.9820064469943144 0.18884739357905542
    outer loop
      vertex -1444.0820393249937 -699.1267819554184 794.5407338057721
      vertex -1442.5014050054392 -699.5062586814165 792.567454829812
      vertex 470 -679.6797265782952 895.6654218062758
    endloop
  endfacet
  facet normal 2.2030233505596836e-17 -0.9820064469943144 0.18884739357905564
    outer loop
      vertex -1461.4788599687456 -691.9207829026042 832.011928895029
      vertex 470 -679.6797265782952 895.6654218062758
      vertex -1477.534230275097 -682.0820393249937 883.1733955185689
    endloop
  endfacet
  facet normal -6.345138782092596e-20 -0.9820064469943137 0.18884739357905883
    outer loop
      vertex -1477.534230275097 -682.0820393249937 883.1733955185689
      vertex 470 -679.6797265782952 895.6654218062758
      vertex -1368.2464821110163 -679.6797265782952 895.6654218062758
    endloop
  endfacet
  facet normal 9.968543144186021e-17 -0.9998699525320677 0.016126934721790255
    outer loop
      vertex -1425.7721358048277 -703.5226008714166 571.5987457139594
      vertex -1062.1467228242975 -704.0022837148512 541.8584094275236
      vertex 470 -700.042163848877 787.3858410641551
    endloop
  endfacet
  facet normal -1.1724058874340364e-16 -0.9998699525320676 0.01612693472179171
    outer loop
      vertex -863.9270690946862 -704.8589417173102 488.74561328669756
      vertex -854.1185922701898 -704.9803337976336 481.21930430829525
      vertex 470 -700.042163848877 787.3858410641551
    endloop
  endfacet
  facet normal -3.185141127193622e-15 -0.9998699525320672 0.016126934721810742
    outer loop
      vertex -1062.1467228242975 -704.0022837148512 541.8584094275236
      vertex -1036 -703.9838709636782 543
      vertex 470 -700.042163848877 787.3858410641551
    endloop
  endfacet
  facet normal -1.5911306236672035e-15 -0.9998699525320675 0.016126934721800927
    outer loop
      vertex -1036 -703.9838709636782 543
      vertex -1009.8532771757026 -704.0022837148513 541.8584094275236
      vertex 470 -700.042163848877 787.3858410641551
    endloop
  endfacet
  facet normal 5.429985884204402e-16 -0.9998699525320677 0.016126934721787924
    outer loop
      vertex -958.3542864692438 -704.1487459977994 532.7777478867205
      vertex 470 -700.042163848877 787.3858410641551
      vertex -983.9055466999209 -704.0573818362159 538.4423259036623
    endloop
  endfacet
  facet normal 1.3108103050496677e-15 -0.9998699525320678 0.01612693472178344
    outer loop
      vertex -1009.8532771757026 -704.0022837148513 541.8584094275236
      vertex -983.9055466999209 -704.0573818362159 538.4423259036623
      vertex 470 -700.042163848877 787.3858410641551
    endloop
  endfacet
  facet normal 2.3466474929043552e-16 -0.9998699525320676 0.016126934721790203
    outer loop
      vertex -933.3939570022994 -704.2756808631652 524.9077862357725
      vertex -909.2145214777902 -704.4372203813422 514.892336110995
      vertex 470 -700.042163848877 787.3858410641551
    endloop
  endfacet
  facet normal 6.34405485891493e-16 -0.9998699525320677 0.01612693472178818
    outer loop
      vertex -886 -704.6321351390568 502.8076211353316
      vertex 470 -700.042163848877 787.3858410641551
      vertex -909.2145214777902 -704.4372203813422 514.892336110995
    endloop
  endfacet
  facet normal 4.467592529123809e-17 -0.9998699525320676 0.016126934721790987
    outer loop
      vertex -863.9270690946862 -704.8589417173102 488.74561328669756
      vertex 470 -700.042163848877 787.3858410641551
      vertex -886 -704.6321351390568 502.8076211353316
    endloop
  endfacet
  facet normal -1.8485125625687868e-15 -0.9998699525320673 0.016126934721801333
    outer loop
      vertex -958.3542864692438 -704.1487459977994 532.7777478867205
      vertex -933.3939570022994 -704.2756808631652 524.9077862357725
      vertex 470 -700.042163848877 787.3858410641551
    endloop
  endfacet
  facet normal 0 -0.9683972783297069 0.24941273288189642
    outer loop
      vertex -1368.2464821110163 -679.6797265782952 895.6654218062758
      vertex 470 -679.6797265782952 895.6654218062758
      vertex -654.4390529026452 -678.7512286603451 899.2705098316073
    endloop
  endfacet
  facet normal 0 -0.9996994453013784 0.024515690161940547
    outer loop
      vertex -1440.2691993346261 -700.042163848877 787.3858410641551
      vertex 470 -700.042163848877 787.3858410641551
      vertex 470 -700.0298220440745 787.8891144916415
    endloop
  endfacet
  facet normal 0 -0.993796044566949 0.11121790234978611
    outer loop
      vertex -1440.3206066513321 -700.0298220440745 787.8891144916415
      vertex 470 -700.0298220440745 787.8891144916415
      vertex 470 -699.5062586814165 792.567454829812
    endloop
  endfacet
  facet normal 0 -0.9820064469943144 0.1888473935790566
    outer loop
      vertex -1442.5014050054392 -699.5062586814165 792.567454829812
      vertex 470 -699.5062586814165 792.567454829812
      vertex 470 -679.6797265782952 895.6654218062758
    endloop
  endfacet
  facet normal 0 0.07845909640619599 -0.9969173336797406
    outer loop
      vertex -1475.97200550884 615.1859079278627 170.0146312713623
      vertex -1326.8076777806573 615 170
      vertex -1474.8902071788907 615 170
    endloop
  endfacet
  facet normal 1.2433929364702686e-19 0.07845909640617808 -0.996917333679742
    outer loop
      vertex -1475.97200550884 615.1859079278627 170.0146312713623
      vertex -1479.318967812775 619.6930339485407 170.3693497851491
      vertex -1326.8895606566732 619.6930339485407 170.3693497851491
    endloop
  endfacet
  facet normal 1.302352959939688e-19 0.23344536236148417 -0.9723699207564555
    outer loop
      vertex -1482.2137765437365 620.9709407283307 170.67614805698395
      vertex -1326.8895606566732 619.6930339485407 170.3693497851491
      vertex -1479.318967812775 619.6930339485407 170.3693497851491
    endloop
  endfacet
  facet normal 2.8484803389715497e-17 0.2334453623614874 -0.9723699207564547
    outer loop
      vertex -1482.2137765437365 620.9709407283307 170.67614805698395
      vertex -1485.1599095646015 624.2705098316073 171.46830450743437
      vertex -1326.8895606566732 619.6930339485407 170.3693497851491
    endloop
  endfacet
  facet normal -2.154932155807976e-17 0.0784590964061788 -0.996917333679742
    outer loop
      vertex -1475.97200550884 615.1859079278627 170.0146312713623
      vertex -1326.8895606566732 619.6930339485407 170.3693497851491
      vertex -1326.8076777806573 615 170
    endloop
  endfacet
  facet normal 0 0.2334453623614865 -0.9723699207564549
    outer loop
      vertex -1485.1599095646015 624.2705098316073 171.46830450743437
      vertex -1327.13319305309 624.2705098316073 171.46830450743437
      vertex -1326.8895606566732 619.6930339485407 170.3693497851491
    endloop
  endfacet
  facet normal 0 0.38268343360446117 -0.9238795319979223
    outer loop
      vertex -1487.1373543569807 625.5541362959415 172
      vertex -1327.251067105943 625.5541362959415 172
      vertex -1485.1599095646015 624.2705098316073 171.46830450743437
    endloop
  endfacet
  facet normal -1.3515035663640247e-14 0.8000000000117571 -0.5999999999843239
    outer loop
      vertex -1509.618222757998 646.499999999694 192
      vertex -1504.0820393249937 655.5342302750968 204.04564036769537
      vertex -1491.8528137423857 669.8528137423857 223.13708499152636
    endloop
  endfacet
  facet normal -1.372412880492283e-16 0.8000000000117533 -0.5999999999843291
    outer loop
      vertex -1509.618222757998 646.499999999694 192
      vertex -1491.8528137423857 669.8528137423857 223.13708499152636
      vertex -1334.8584094275236 665.1399578807102 216.85327717570254
    endloop
  endfacet
  facet normal 0 0.38268343360446117 -0.9238795319979224
    outer loop
      vertex -1485.1599095646015 624.2705098316073 171.46830450743437
      vertex -1327.251067105943 625.5541362959415 172
      vertex -1327.13319305309 624.2705098316073 171.46830450743437
    endloop
  endfacet
  facet normal -5.108607866976766e-16 0.8000000000117545 -0.5999999999843273
    outer loop
      vertex -1509.618222757998 646.499999999694 192
      vertex -1334.8584094275236 665.1399578807102 216.85327717570254
      vertex -1331.5864134141104 646.4999999996941 192
    endloop
  endfacet
  facet normal -3.105374397616415e-16 0.8000000000117512 -0.5999999999843318
    outer loop
      vertex -1491.8528137423857 669.8528137423857 223.13708499152636
      vertex -1477.534230275097 682.0820393249937 239.4427191023357
      vertex -1334.8584094275236 665.1399578807102 216.85327717570254
    endloop
  endfacet
  facet normal 1.1257457091954684e-15 0.8000000000117555 -0.599999999984326
    outer loop
      vertex -1477.534230275097 682.0820393249937 239.4427191023357
      vertex -1473.3527004778548 684.6444840803742 242.85931210964918
      vertex -1334.8584094275236 665.1399578807102 216.85327717570254
    endloop
  endfacet
  facet normal 0 0.8000000000117528 -0.5999999999843298
    outer loop
      vertex -1473.3527004778548 684.6444840803742 242.85931210964918
      vertex -1335.9938574340515 684.6444840803742 242.85931210964918
      vertex -1334.8584094275236 665.1399578807102 216.85327717570254
    endloop
  endfacet
  facet normal 0 0.8446093243964222 -0.5353831236998597
    outer loop
      vertex -1473.3527004778548 684.6444840803742 242.85931210964918
      vertex -1469.2398785041498 687.1648246273398 246.83534914255142
      vertex -1335.9938574340515 684.6444840803742 242.85931210964918
    endloop
  endfacet
  facet normal 0 0.9179631545983516 -0.39666566123102087
    outer loop
      vertex -1469.2398785041498 687.1648246273398 246.83534914255142
      vertex -1466.1926863648755 689.032146371901 251.1567026823759
      vertex -1335.8325450400528 687.1648246273398 246.83534914255142
    endloop
  endfacet
  facet normal 0 0.9687136853981192 -0.24818097373165807
    outer loop
      vertex -1466.1926863648755 689.032146371901 251.1567026823759
      vertex -1464.286156039704 690.2004696577787 255.71696666628122
      vertex -1335.6438706698632 689.032146371901 251.1567026823759
    endloop
  endfacet
  facet normal 0 0.9929641704267562 -0.11841518588721615
    outer loop
      vertex -1464.286156039704 690.2004696577787 255.71696666628122
      vertex -1463.6653709368832 690.5808872580528 258.9069379866123
      vertex -1335.444765244414 690.2004696577787 255.71696666628122
    endloop
  endfacet
  facet normal 8.001560196066407e-15 0.8446093243965435 -0.5353831236996682
    outer loop
      vertex -1469.2398785041498 687.1648246273398 246.83534914255142
      vertex -1336 684.7336636809624 243
      vertex -1335.9938574340515 684.6444840803742 242.85931210964918
    endloop
  endfacet
  facet normal 0 0.8446093243964177 -0.5353831236998668
    outer loop
      vertex -1469.2398785041498 687.1648246273398 246.83534914255142
      vertex -1335.8325450400528 687.1648246273398 246.83534914255142
      vertex -1336 684.7336636809624 243
    endloop
  endfacet
  facet normal 0 0.9179631545983514 -0.39666566123102076
    outer loop
      vertex -1466.1926863648755 689.032146371901 251.1567026823759
      vertex -1335.6438706698632 689.032146371901 251.1567026823759
      vertex -1335.8325450400528 687.1648246273398 246.83534914255142
    endloop
  endfacet
  facet normal 0 0.9687136853981191 -0.24818097373165804
    outer loop
      vertex -1464.286156039704 690.2004696577787 255.71696666628122
      vertex -1335.444765244414 690.2004696577787 255.71696666628122
      vertex -1335.6438706698632 689.032146371901 251.1567026823759
    endloop
  endfacet
  facet normal 0 0.9929641704267561 -0.11841518588721614
    outer loop
      vertex -1463.6653709368832 690.5808872580528 258.9069379866123
      vertex -1335.305488088717 690.5808872580528 258.9069379866123
      vertex -1335.444765244414 690.2004696577787 255.71696666628122
    endloop
  endfacet
  facet normal 0 0.997880105966248 -0.06507913733900872
    outer loop
      vertex -1463.6653709368832 690.5808872580528 258.9069379866123
      vertex -1461.4788599687456 691.9207829026042 279.4520045384883
      vertex -1335.305488088717 690.5808872580528 258.9069379866123
    endloop
  endfacet
  facet normal -7.744263465412065e-16 0.9978801059662478 -0.06507913733901347
    outer loop
      vertex -1335.305488088717 690.5808872580528 258.9069379866123
      vertex -1461.4788599687456 691.9207829026042 279.4520045384883
      vertex -1334.8584094275236 691.2486993126166 269.14672282429746
    endloop
  endfacet
  facet normal 4.802044617810218e-18 0.9978801059662484 -0.06507913733900393
    outer loop
      vertex -1461.4788599687456 691.9207829026042 279.4520045384883
      vertex -1331.4423259036623 692.9409426043433 295.0944533000791
      vertex -1334.8584094275236 691.2486993126166 269.14672282429746
    endloop
  endfacet
  facet normal 6.42864768772535e-16 0.997880105966248 -0.0650791373390092
    outer loop
      vertex -1461.4788599687456 691.9207829026042 279.4520045384883
      vertex -1444.0820393249937 699.1267819554184 389.943990026206
      vertex -1331.4423259036623 692.9409426043433 295.0944533000791
    endloop
  endfacet
  facet normal -8.783947773924005e-17 0.997880105966248 -0.06507913733901008
    outer loop
      vertex -1331.4423259036623 692.9409426043433 295.0944533000791
      vertex -1444.0820393249937 699.1267819554184 389.943990026206
      vertex -1325.7777478867206 694.6073291409572 320.6457135307562
    endloop
  endfacet
  facet normal -7.670486696625266e-16 0.9978801059662479 -0.06507913733901123
    outer loop
      vertex -1325.7777478867206 694.6073291409572 320.6457135307562
      vertex -1444.0820393249937 699.1267819554184 389.943990026206
      vertex -1317.9077862357726 696.2351767147229 345.6060429977006
    endloop
  endfacet
  facet normal -2.285501730053482e-17 0.9978801059662481 -0.06507913733900914
    outer loop
      vertex -1317.9077862357726 696.2351767147229 345.6060429977006
      vertex -1444.0820393249937 699.1267819554184 389.943990026206
      vertex -1307.892336110995 697.8120964226828 369.7854785222098
    endloop
  endfacet
  facet normal -7.528993880761332e-17 0.997880105966248 -0.06507913733900948
    outer loop
      vertex -1444.0820393249937 699.1267819554184 389.943990026206
      vertex -1425.7721358048277 703.5226008714166 457.3465467450287
      vertex -1307.892336110995 697.8120964226828 369.7854785222098
    endloop
  endfacet
  facet normal -6.682379380317681e-16 0.997880105966248 -0.06507913733901027
    outer loop
      vertex -1307.892336110995 697.8120964226828 369.7854785222098
      vertex -1425.7721358048277 703.5226008714166 457.3465467450287
      vertex -1295.8076211353316 699.3260869536891 393
    endloop
  endfacet
  facet normal 1.903492471395884e-16 0.9978801059662481 -0.06507913733900855
    outer loop
      vertex -1295.8076211353316 699.3260869536891 393
      vertex -1425.7721358048277 703.5226008714166 457.3465467450287
      vertex -1281.7456132866976 700.7656259256285 415.0729309053138
    endloop
  endfacet
  facet normal -2.3406142613844076e-16 0.997880105966248 -0.06507913733901
    outer loop
      vertex -1281.7456132866976 700.7656259256285 415.0729309053138
      vertex -1425.7721358048277 703.5226008714166 457.3465467450287
      vertex -1265.8133329356933 702.119757577707 435.83628290596175
    endloop
  endfacet
  facet normal -3.0675036274630263e-16 0.9978801059662481 -0.06507913733900873
    outer loop
      vertex -1425.7721358048277 703.5226008714166 457.3465467450287
      vertex -1408.0083847716396 704.920638397336 478.7831221446395
      vertex -1248.1320343559642 703.3781761504054 455.13203435596427
    endloop
  endfacet
  facet normal 0 0.9996999202393315 -0.024496315508137058
    outer loop
      vertex -1408.0083847716396 704.920638397336 478.7831221446395
      vertex -1407.24988279365 704.9803337976336 481.21930430829525
      vertex -1221.0563021383496 704.920638397336 478.7831221446395
    endloop
  endfacet
  facet normal 0 0.9998699525320677 0.016126934721790855
    outer loop
      vertex -1407.24988279365 704.9803337976336 481.21930430829525
      vertex -1425.7721358048277 703.5226008714166 571.5987457139623
      vertex -1217.8814077298102 704.9803337976336 481.21930430829525
    endloop
  endfacet
  facet normal -3.319965344445069e-16 0.9978801059662479 -0.0650791373390107
    outer loop
      vertex -1265.8133329356933 702.119757577707 435.83628290596175
      vertex -1425.7721358048277 703.5226008714166 457.3465467450287
      vertex -1248.1320343559642 703.3781761504054 455.13203435596427
    endloop
  endfacet
  facet normal 5.770656944172704e-17 0.9978801059662482 -0.06507913733900628
    outer loop
      vertex -1408.0083847716396 704.920638397336 478.7831221446395
      vertex -1228.8362829059618 704.5313043185313 472.81333293569344
      vertex -1248.1320343559642 703.3781761504054 455.13203435596427
    endloop
  endfacet
  facet normal 0 0.9978801059662481 -0.06507913733900801
    outer loop
      vertex -1408.0083847716396 704.920638397336 478.7831221446395
      vertex -1221.0563021383496 704.920638397336 478.7831221446395
      vertex -1228.8362829059618 704.5313043185313 472.81333293569344
    endloop
  endfacet
  facet normal 0 0.9996999202393315 -0.024496315508137054
    outer loop
      vertex -1407.24988279365 704.9803337976336 481.21930430829525
      vertex -1217.8814077298102 704.9803337976336 481.21930430829525
      vertex -1221.0563021383496 704.920638397336 478.7831221446395
    endloop
  endfacet
  facet normal 2.807025527633998e-16 0.9998699525320675 0.016126934721791497
    outer loop
      vertex -1217.8814077298102 704.9803337976336 481.21930430829525
      vertex -1425.7721358048277 703.5226008714166 571.5987457139623
      vertex -1208.0729309053138 704.8589417173102 488.74561328669756
    endloop
  endfacet
  facet normal 3.7522442419055656e-17 0.9998699525320676 0.01612693472179086
    outer loop
      vertex -1208.0729309053138 704.8589417173102 488.74561328669756
      vertex -1425.7721358048277 703.5226008714166 571.5987457139623
      vertex -1186 704.6321351390568 502.8076211353316
    endloop
  endfacet
  facet normal -6.971702975044521e-16 0.9998699525320677 0.016126934721788302
    outer loop
      vertex -1186 704.6321351390568 502.8076211353316
      vertex -1425.7721358048277 703.5226008714166 571.5987457139623
      vertex -1162.7854785222098 704.4372203813422 514.892336110995
    endloop
  endfacet
  facet normal 1.3402613955694992e-15 0.9998699525320676 0.01612693472179775
    outer loop
      vertex -1162.7854785222098 704.4372203813422 514.892336110995
      vertex -1425.7721358048277 703.5226008714166 571.5987457139623
      vertex -1138.6060429977006 704.2756808631651 524.9077862357725
    endloop
  endfacet
  facet normal 0 0.07845909640617879 -0.9969173336797419
    outer loop
      vertex -745.1923222193428 615 170
      vertex -745.1104393433269 619.6930339485407 170.3693497851491
      vertex 709.1923222193428 615 170
    endloop
  endfacet
  facet normal 0 0.23344536236148647 -0.9723699207564548
    outer loop
      vertex -745.1104393433269 619.6930339485407 170.3693497851491
      vertex -744.8668069469101 624.2705098316073 171.46830450743437
      vertex 709.1104393433269 619.6930339485407 170.3693497851491
    endloop
  endfacet
  facet normal 4.780150988352296e-18 0.3826834336044612 -0.9238795319979223
    outer loop
      vertex -744.8668069469101 624.2705098316073 171.46830450743437
      vertex -744.7489328940569 625.5541362959415 172
      vertex 470 624.3893038519685 171.5175106019835
    endloop
  endfacet
  facet normal 0 0.8000000000117528 -0.5999999999843296
    outer loop
      vertex -740.4135865858894 646.499999999694 192
      vertex -737.1415905724764 665.1399578807102 216.85327717570254
      vertex 470 646.499999999694 192
    endloop
  endfacet
  facet normal -6.999683255465184e-18 0.8000000000117526 -0.5999999999843298
    outer loop
      vertex -737.1415905724764 665.1399578807102 216.85327717570254
      vertex -736.0061425659485 684.6444840803742 242.85931210964918
      vertex 470 646.499999999694 192
    endloop
  endfacet
  facet normal -3.255349543767475e-17 0.8446093243964178 -0.5353831236998668
    outer loop
      vertex -736 684.7336636809624 243
      vertex -736.1674549599472 687.1648246273398 246.83534914255142
      vertex 470 684.6444840803742 242.85931210964918
    endloop
  endfacet
  facet normal 0 0.9179631545983516 -0.39666566123102087
    outer loop
      vertex -736.1674549599472 687.1648246273398 246.83534914255142
      vertex -736.3561293301369 689.032146371901 251.1567026823759
      vertex 470 687.1648246273398 246.83534914255142
    endloop
  endfacet
  facet normal 0 0.9687136853981191 -0.24818097373165807
    outer loop
      vertex -736.3561293301369 689.032146371901 251.1567026823759
      vertex -736.555234755586 690.2004696577787 255.71696666628122
      vertex 470 689.032146371901 251.1567026823759
    endloop
  endfacet
  facet normal 0 0.9929641704267561 -0.11841518588721614
    outer loop
      vertex -736.555234755586 690.2004696577787 255.71696666628122
      vertex -736.6945119112828 690.5808872580528 258.9069379866123
      vertex 470 690.2004696577787 255.71696666628122
    endloop
  endfacet
  facet normal 0 0.9978801059662478 -0.06507913733901351
    outer loop
      vertex -736.6945119112828 690.5808872580528 258.9069379866123
      vertex -737.1415905724764 691.2486993126166 269.14672282429746
      vertex 470 690.5808872580528 258.9069379866123
    endloop
  endfacet
  facet normal 0 0.8446093243965439 -0.5353831236996678
    outer loop
      vertex -736.0061425659485 684.6444840803742 242.85931210964918
      vertex -736 684.7336636809624 243
      vertex 470 684.6444840803742 242.85931210964918
    endloop
  endfacet
  facet normal 4.444838230906998e-17 0.997880105966248 -0.06507913733900828
    outer loop
      vertex -737.1415905724764 691.2486993126166 269.14672282429746
      vertex -740.5576740963377 692.9409426043434 295.0944533000791
      vertex 470 690.5808872580528 258.9069379866123
    endloop
  endfacet
  facet normal 1.23540676395175e-16 0.9978801059662483 -0.06507913733900565
    outer loop
      vertex -740.5576740963377 692.9409426043434 295.0944533000791
      vertex -746.2222521132795 694.6073291409572 320.6457135307562
      vertex 470 690.5808872580528 258.9069379866123
    endloop
  endfacet
  facet normal -1.7641391468661968e-16 0.9978801059662479 -0.06507913733901152
    outer loop
      vertex -746.2222521132795 694.6073291409572 320.6457135307562
      vertex -754.0922137642275 696.2351767147229 345.6060429977006
      vertex 470 690.5808872580528 258.9069379866123
    endloop
  endfacet
  facet normal -3.4873561139364e-16 0.9978801059662477 -0.06507913733901394
    outer loop
      vertex -764.107663889005 697.8120964226829 369.7854785222098
      vertex 470 690.5808872580528 258.9069379866123
      vertex -754.0922137642275 696.2351767147229 345.6060429977006
    endloop
  endfacet
  facet normal 4.0967725702032093e-16 0.9978801059662483 -0.06507913733900555
    outer loop
      vertex -764.107663889005 697.8120964226829 369.7854785222098
      vertex -776.1923788646684 699.3260869536891 393
      vertex 470 690.5808872580528 258.9069379866123
    endloop
  endfacet
  facet normal 6.638452551011127e-16 0.9978801059662483 -0.06507913733900456
    outer loop
      vertex -806.1866670643066 702.119757577707 435.83628290596175
      vertex -823.8679656440357 703.3781761504052 455.13203435596427
      vertex 470 690.5808872580528 258.9069379866123
    endloop
  endfacet
  facet normal -6.718938649021025e-16 0.9978801059662478 -0.06507913733901333
    outer loop
      vertex -823.8679656440357 703.3781761504052 455.13203435596427
      vertex -843.1637170940382 704.5313043185313 472.81333293569344
      vertex 470 690.5808872580528 258.9069379866123
    endloop
  endfacet
  facet normal 2.522926207746094e-16 0.9978801059662482 -0.06507913733900769
    outer loop
      vertex -843.1637170940382 704.5313043185313 472.81333293569344
      vertex -850.9436978616503 704.920638397336 478.7831221446395
      vertex 470 690.5808872580528 258.9069379866123
    endloop
  endfacet
  facet normal -1.9596800807679532e-16 0.9998699525320677 0.016126934721786737
    outer loop
      vertex -1425.7721358048277 703.5226008714166 571.5987457139623
      vertex 470 704.9803337976336 481.21930430829525
      vertex -1036 703.9838709636782 543
    endloop
  endfacet
  facet normal 0 0.9996999202393314 -0.024496315508137054
    outer loop
      vertex -850.9436978616503 704.920638397336 478.7831221446395
      vertex -854.1185922701898 704.9803337976336 481.21930430829525
      vertex 470 704.920638397336 478.7831221446395
    endloop
  endfacet
  facet normal 4.257473859529821e-21 0.9998699525320676 0.01612693472179186
    outer loop
      vertex -863.9270690946862 704.8589417173102 488.74561328669756
      vertex 470 704.9803337976336 481.21930430829525
      vertex -854.1185922701898 704.9803337976336 481.21930430829525
    endloop
  endfacet
  facet normal -5.385935832273584e-18 0.9998699525320676 0.01612693472179091
    outer loop
      vertex -863.9270690946862 704.8589417173102 488.74561328669756
      vertex -886 704.6321351390568 502.8076211353316
      vertex 470 704.9803337976336 481.21930430829525
    endloop
  endfacet
  facet normal -1.162328659291079e-15 0.999869952532068 0.016126934721760168
    outer loop
      vertex -958.3542864692438 704.1487459977994 532.7777478867205
      vertex -983.9055466999209 704.057381836216 538.4423259036623
      vertex 470 704.9803337976336 481.21930430829525
    endloop
  endfacet
  facet normal 3.113246063327652e-14 0.9998699525320552 0.01612693472255023
    outer loop
      vertex -1036 703.9838709636782 543
      vertex 470 704.9803337976336 481.21930430829525
      vertex -1009.8532771757026 704.0022837148513 541.8584094275236
    endloop
  endfacet
  facet normal 9.578902004129456e-16 0.9998699525320672 0.016126934721814028
    outer loop
      vertex -1009.8532771757026 704.0022837148513 541.8584094275236
      vertex 470 704.9803337976336 481.21930430829525
      vertex -983.9055466999209 704.057381836216 538.4423259036623
    endloop
  endfacet
  facet normal -7.041783875375185e-17 0.9998699525320677 0.016126934721786824
    outer loop
      vertex -886 704.6321351390568 502.8076211353316
      vertex -909.2145214777902 704.4372203813422 514.892336110995
      vertex 470 704.9803337976336 481.21930430829525
    endloop
  endfacet
  facet normal -1.9627420638473586e-18 0.9998699525320677 0.01612693472178963
    outer loop
      vertex -933.3939570022994 704.2756808631652 524.9077862357725
      vertex 470 704.9803337976336 481.21930430829525
      vertex -909.2145214777902 704.4372203813422 514.892336110995
    endloop
  endfacet
  facet normal 6.048207999072151e-16 0.9998699525320672 0.016126934721809115
    outer loop
      vertex -958.3542864692438 704.1487459977994 532.7777478867205
      vertex 470 704.9803337976336 481.21930430829525
      vertex -933.3939570022994 704.2756808631652 524.9077862357725
    endloop
  endfacet
  facet normal 1.0446659372209631e-16 0.9978801059662481 -0.06507913733900837
    outer loop
      vertex -776.1923788646684 699.3260869536891 393
      vertex -790.2543867133024 700.7656259256285 415.0729309053138
      vertex 470 690.5808872580528 258.9069379866123
    endloop
  endfacet
  facet normal -1.3063072052578724e-16 0.9978801059662479 -0.06507913733901025
    outer loop
      vertex -790.2543867133024 700.7656259256285 415.0729309053138
      vertex -806.1866670643066 702.119757577707 435.83628290596175
      vertex 470 690.5808872580528 258.9069379866123
    endloop
  endfacet
  facet normal 3.4882984641322347e-16 0.9998699525320676 0.01612693472179165
    outer loop
      vertex -1138.6060429977006 704.2756808631651 524.9077862357725
      vertex -1425.7721358048277 703.5226008714166 571.5987457139623
      vertex -1113.6457135307562 704.1487459977994 532.7777478867205
    endloop
  endfacet
  facet normal -2.6871970473984305e-16 0.9998699525320676 0.016126934721786685
    outer loop
      vertex -1113.6457135307562 704.1487459977994 532.7777478867205
      vertex -1425.7721358048277 703.5226008714166 571.5987457139623
      vertex -1088.094453300079 704.0573818362159 538.4423259036623
    endloop
  endfacet
  facet normal -8.965313051003563e-16 0.9998699525320678 0.016126934721780284
    outer loop
      vertex -1425.7721358048277 703.5226008714166 571.5987457139623
      vertex -1062.1467228242975 704.0022837148513 541.8584094275236
      vertex -1088.094453300079 704.0573818362159 538.4423259036623
    endloop
  endfacet
  facet normal 1.3129090647532396e-15 0.9998699525320675 0.016126934721807314
    outer loop
      vertex -1425.7721358048277 703.5226008714166 571.5987457139623
      vertex -1036 703.9838709636782 543
      vertex -1062.1467228242975 704.0022837148513 541.8584094275236
    endloop
  endfacet
  facet normal 2.3790368826011625e-17 0.9998699525320676 0.01612693472179135
    outer loop
      vertex -1425.7721358048277 703.5226008714166 571.5987457139623
      vertex -1440.2691993346261 700.042163848877 787.3858410641551
      vertex 470 704.9803337976336 481.21930430829525
    endloop
  endfacet
  facet normal 0 0.9955223824593261 0.09452611291334757
    outer loop
      vertex -1440.2691993346261 700.042163848877 787.3858410641551
      vertex -1442.1226994208564 699.5971778482199 792.0723082199693
      vertex 470 700.042163848877 787.3858410641551
    endloop
  endfacet
  facet normal -7.608100526314939e-21 0.9820064469943185 0.18884739357903438
    outer loop
      vertex -1444.0820393249937 699.1267819554184 794.5407338057723
      vertex 470 699.5062586814165 792.567454829812
      vertex -1442.5014050054392 699.5062586814165 792.567454829812
    endloop
  endfacet
  facet normal 0 0.9835563869075225 0.18060131166029744
    outer loop
      vertex -1442.1226994208564 699.5971778482199 792.0723082199693
      vertex -1442.5014050054392 699.5062586814165 792.567454829812
      vertex 470 699.5971778482199 792.0723082199693
    endloop
  endfacet
  facet normal 2.5006253628726076e-17 0.982006446994314 0.1888473935790578
    outer loop
      vertex -1444.0820393249937 699.1267819554184 794.5407338057723
      vertex -1461.4788599687456 691.9207829026042 832.0119288950291
      vertex 470 699.5062586814165 792.567454829812
    endloop
  endfacet
  facet normal -1.2187159856824596e-17 0.9820064469943144 0.188847393579056
    outer loop
      vertex -1461.4788599687456 691.9207829026042 832.0119288950291
      vertex -1477.534230275097 682.0820393249937 883.1733955185689
      vertex 470 699.5062586814165 792.567454829812
    endloop
  endfacet
  facet normal -1.2411289121207345e-16 0.9820064469943147 0.18884739357905372
    outer loop
      vertex -1480.2196424908675 679.7884806189965 895.0999007944091
      vertex 470 699.5062586814165 792.567454829812
      vertex -1477.534230275097 682.0820393249937 883.1733955185689
    endloop
  endfacet
  facet normal 5.293743742584682e-16 0.9820064469943126 0.18884739357906571
    outer loop
      vertex -1480.2196424908675 679.7884806189965 895.0999007944091
      vertex -1368.246482111021 679.6797265782952 895.6654218062758
      vertex 470 699.5062586814165 792.567454829812
    endloop
  endfacet
  facet normal 0 0.9998699525320676 0.016126934721791202
    outer loop
      vertex -1440.2691993346261 700.042163848877 787.3858410641551
      vertex 470 700.042163848877 787.3858410641551
      vertex 470 704.9803337976336 481.21930430829525
    endloop
  endfacet
  facet normal 0 0.9641624531553439 0.26531257777472494
    outer loop
      vertex -1368.246482111021 679.6797265782952 895.6654218062758
      vertex -469.5563883957634 678.4307554811239 900.2042606621981
      vertex 470 679.6797265782952 895.6654218062758
    endloop
  endfacet
  facet normal 0 0.9955223824593261 0.09452611291334756
    outer loop
      vertex -1442.1226994208564 699.5971778482199 792.0723082199693
      vertex 470 699.5971778482199 792.0723082199693
      vertex 470 700.042163848877 787.3858410641551
    endloop
  endfacet
  facet normal 0 0.9835563869075226 0.18060131166029741
    outer loop
      vertex -1442.5014050054392 699.5062586814165 792.567454829812
      vertex 470 699.5062586814165 792.567454829812
      vertex 470 699.5971778482199 792.0723082199693
    endloop
  endfacet
  facet normal 0 0.9820064469943142 0.18884739357905658
    outer loop
      vertex -1368.246482111021 679.6797265782952 895.6654218062758
      vertex 470 679.6797265782952 895.6654218062758
      vertex 470 699.5062586814165 792.567454829812
    endloop
  endfacet
  facet normal 0 -0.3686129935983959 -0.9295829500106104
    outer loop
      vertex -744.7489328940569 -625.5237674162171 172
      vertex 470 -624.2422210313492 171.4918208758498
      vertex 470 -625.5237674162171 172
    endloop
  endfacet
  facet normal 0 -0.8000000000117528 -0.5999999999843297
    outer loop
      vertex -740.4135865858894 -646.499999999694 192
      vertex 470 -646.499999999694 192
      vertex 470 -684.6444840803742 242.85931210964918
    endloop
  endfacet
  facet normal -2.1174396256935152e-16 -0.3686129935982228 -0.929582950010679
    outer loop
      vertex -744.7489328940569 -625.5237674162171 172
      vertex 708.897280310834 -623.8362733274698 171.33084804564714
      vertex 470 -624.2422210313492 171.4918208758498
    endloop
  endfacet
  facet normal -3.868736576057132e-17 -0.8309781848297575 -0.5563050029768214
    outer loop
      vertex -736 -684.7386687156501 243
      vertex 470 -684.6444840803742 242.85931210964918
      vertex 470 -686.4316553175449 245.52889139205217
    endloop
  endfacet
  facet normal 0 -0.8970162975742626 -0.4419974681897646
    outer loop
      vertex -736.1104137826902 -686.4316553175449 245.52889139205217
      vertex 470 -686.4316553175449 245.52889139205217
      vertex 470 -688.5123786181211 249.75163664668798
    endloop
  endfacet
  facet normal 0 -0.9551161764009851 -0.29623147972010394
    outer loop
      vertex -736.2947828221701 -688.5123786181211 249.75163664668798
      vertex 470 -688.5123786181211 249.75163664668798
      vertex 470 -689.906901858747 254.24788973480463
    endloop
  endfacet
  facet normal 0 -0.9896979244056745 -0.14317129051279753
    outer loop
      vertex -736.4910934715525 -689.906901858747 254.24788973480463
      vertex 470 -689.906901858747 254.24788973480463
      vertex 470 -690.5808872580528 258.9069379866123
    endloop
  endfacet
  facet normal 0 -0.21865594295094345 -0.9758020181431444
    outer loop
      vertex -745.1254779106164 -619.2426406890154 170.30151519179344
      vertex 709.1254779106165 -619.2426406890154 170.30151519179344
      vertex 708.897280310834 -623.8362733274698 171.33084804564714
    endloop
  endfacet
  facet normal 0 -0.07088902044009394 -0.9974842087878103
    outer loop
      vertex -745.1923222193428 -615 170
      vertex 709.1923222193428 -615 170
      vertex 709.1254779106165 -619.2426406890154 170.30151519179344
    endloop
  endfacet
  facet normal 0 -0.997880105966248 -0.06507913733900918
    outer loop
      vertex -736.6945119112827 -690.5808872580528 258.9069379866123
      vertex 470 -690.5808872580528 258.9069379866123
      vertex 470 -704.920638397336 478.7831221446395
    endloop
  endfacet
  facet normal 0 -0.36861299359839583 -0.9295829500106104
    outer loop
      vertex 708.7489328940569 -625.5237674162171 172
      vertex 484 -625.5237674162171 172
      vertex 484 -624.2422210313492 171.4918208758498
    endloop
  endfacet
  facet normal 0 -0.8000000000117526 -0.5999999999843297
    outer loop
      vertex 700.0061425659485 -684.6444840803742 242.85931210964918
      vertex 484 -684.6444840803742 242.85931210964918
      vertex 484 -646.499999999694 192
    endloop
  endfacet
  facet normal 0 -0.8309781848297576 -0.5563050029768214
    outer loop
      vertex 700.1104137826902 -686.4316553175449 245.52889139205217
      vertex 484 -686.4316553175449 245.52889139205217
      vertex 484 -684.6444840803742 242.85931210964918
    endloop
  endfacet
  facet normal 0 -0.8970162975742626 -0.44199746818976465
    outer loop
      vertex 700.2947828221701 -688.5123786181211 249.75163664668798
      vertex 484 -688.5123786181211 249.75163664668798
      vertex 484 -686.4316553175449 245.52889139205217
    endloop
  endfacet
  facet normal 0 -0.9551161764009851 -0.2962314797201039
    outer loop
      vertex 700.4910934715526 -689.906901858747 254.24788973480463
      vertex 484 -689.906901858747 254.24788973480463
      vertex 484 -688.5123786181211 249.75163664668798
    endloop
  endfacet
  facet normal 0 -0.9896979244056744 -0.1431712905127975
    outer loop
      vertex 700.6945119112828 -690.5808872580528 258.9069379866123
      vertex 484 -690.5808872580528 258.9069379866123
      vertex 484 -689.906901858747 254.24788973480463
    endloop
  endfacet
  facet normal -1.1215603984777685e-18 -0.36861299359833005 -0.9295829500106366
    outer loop
      vertex 708.897280310834 -623.8362733274698 171.33084804564714
      vertex 484 -624.2422210313492 171.4918208758498
      vertex 470 -624.2422210313492 171.4918208758498
    endloop
  endfacet
  facet normal 1.0434623673175054e-16 -0.36861299359838007 -0.9295829500106167
    outer loop
      vertex 708.7489328940569 -625.5237674162171 172
      vertex 484 -624.2422210313492 171.4918208758498
      vertex 708.897280310834 -623.8362733274698 171.33084804564714
    endloop
  endfacet
  facet normal 0 -0.8000000000117529 -0.5999999999843296
    outer loop
      vertex 704.4135865858894 -646.499999999694 192
      vertex 701.1415905724764 -665.1399578807102 216.85327717570254
      vertex 484 -646.499999999694 192
    endloop
  endfacet
  facet normal 0 -0.8309781848296005 -0.5563050029770562
    outer loop
      vertex 700.0061425659485 -684.6444840803742 242.85931210964918
      vertex 700 -684.7386687156502 243
      vertex 484 -684.6444840803742 242.85931210964918
    endloop
  endfacet
  facet normal -2.336979523622524e-16 -0.8309781848297664 -0.5563050029768083
    outer loop
      vertex 700 -684.7386687156502 243
      vertex 700.1104137826902 -686.4316553175449 245.52889139205217
      vertex 484 -684.6444840803742 242.85931210964918
    endloop
  endfacet
  facet normal 6.547737142396223e-19 -0.8970162975742626 -0.44199746818976465
    outer loop
      vertex 700.2947828221701 -688.5123786181211 249.75163664668798
      vertex 484 -686.4316553175449 245.52889139205217
      vertex 700.1104137826902 -686.4316553175449 245.52889139205217
    endloop
  endfacet
  facet normal 0 -0.955116176400985 -0.2962314797201039
    outer loop
      vertex 700.2947828221701 -688.5123786181211 249.75163664668798
      vertex 700.4910934715526 -689.906901858747 254.24788973480463
      vertex 484 -688.5123786181211 249.75163664668798
    endloop
  endfacet
  facet normal 0 -0.9896979244056744 -0.14317129051279753
    outer loop
      vertex 700.4910934715526 -689.906901858747 254.24788973480463
      vertex 700.6945119112828 -690.5808872580528 258.9069379866123
      vertex 484 -689.906901858747 254.24788973480463
    endloop
  endfacet
  facet normal 0 -0.9978801059662484 -0.06507913733900247
    outer loop
      vertex 700.6945119112828 -690.5808872580528 258.9069379866123
      vertex 701.1415905724764 -691.2486993126165 269.14672282429746
      vertex 484 -690.5808872580528 258.9069379866123
    endloop
  endfacet
  facet normal 3.8754212678625985e-17 -0.8000000000117526 -0.5999999999843298
    outer loop
      vertex 701.1415905724764 -665.1399578807102 216.85327717570254
      vertex 700.0061425659485 -684.6444840803742 242.85931210964918
      vertex 484 -646.499999999694 192
    endloop
  endfacet
  facet normal 2.771424324199539e-16 -0.9978801059662481 -0.06507913733900832
    outer loop
      vertex 701.1415905724764 -691.2486993126165 269.14672282429746
      vertex 704.5576740963377 -692.9409426043433 295.0944533000791
      vertex 484 -690.5808872580528 258.9069379866123
    endloop
  endfacet
  facet normal 1.3469487665217182e-15 -0.9978801059662477 -0.06507913733901481
    outer loop
      vertex 704.5576740963377 -692.9409426043433 295.0944533000791
      vertex 710.2222521132795 -694.6073291409573 320.6457135307562
      vertex 484 -690.5808872580528 258.9069379866123
    endloop
  endfacet
  facet normal -8.856196477515196e-16 -0.9978801059662482 -0.06507913733900667
    outer loop
      vertex 710.2222521132795 -694.6073291409573 320.6457135307562
      vertex 718.0922137642275 -696.2351767147229 345.6060429977006
      vertex 484 -690.5808872580528 258.9069379866123
    endloop
  endfacet
  facet normal 3.4125899583411657e-17 -0.9978801059662481 -0.06507913733900915
    outer loop
      vertex 718.0922137642275 -696.2351767147229 345.6060429977006
      vertex 728.107663889005 -697.8120964226828 369.7854785222098
      vertex 484 -690.5808872580528 258.9069379866123
    endloop
  endfacet
  facet normal 9.309956925396591e-16 -0.9978801059662479 -0.0650791373390111
    outer loop
      vertex 728.107663889005 -697.8120964226828 369.7854785222098
      vertex 740.1923788646684 -699.3260869536891 393
      vertex 484 -690.5808872580528 258.9069379866123
    endloop
  endfacet
  facet normal 0 -0.9996999202393314 -0.024496315508137054
    outer loop
      vertex -850.9436978616504 -704.920638397336 478.7831221446395
      vertex 470 -704.920638397336 478.7831221446395
      vertex 470 -704.9803337976336 481.21930430829525
    endloop
  endfacet
  facet normal -7.101030991211502e-16 -0.9978801059662481 -0.06507913733900798
    outer loop
      vertex 740.1923788646684 -699.3260869536891 393
      vertex 754.2543867133024 -700.7656259256285 415.0729309053138
      vertex 484 -690.5808872580528 258.9069379866123
    endloop
  endfacet
  facet normal 9.903632657561285e-16 -0.997880105966248 -0.06507913733901093
    outer loop
      vertex 754.2543867133024 -700.7656259256285 415.0729309053138
      vertex 770.1866670643066 -702.119757577707 435.83628290596175
      vertex 484 -690.5808872580528 258.9069379866123
    endloop
  endfacet
  facet normal 2.4234866953018526e-15 -0.9978801059662478 -0.06507913733901324
    outer loop
      vertex 770.1866670643066 -702.119757577707 435.83628290596175
      vertex 787.8679656440357 -703.3781761504054 455.13203435596427
      vertex 484 -690.5808872580528 258.9069379866123
    endloop
  endfacet
  facet normal -7.197822463332793e-15 -0.9978801059662488 -0.0650791373389984
    outer loop
      vertex 787.8679656440357 -703.3781761504054 455.13203435596427
      vertex 807.1637170940382 -704.5313043185313 472.81333293569344
      vertex 484 -690.5808872580528 258.9069379866123
    endloop
  endfacet
  facet normal 0 -0.997880105966248 -0.06507913733900918
    outer loop
      vertex 814.9436978616503 -704.920638397336 478.7831221446395
      vertex 484 -704.920638397336 478.7831221446395
      vertex 484 -690.5808872580528 258.9069379866123
    endloop
  endfacet
  facet normal -5.878309465045554e-15 -0.9978801059662485 -0.06507913733900036
    outer loop
      vertex 807.1637170940382 -704.5313043185313 472.81333293569344
      vertex 814.9436978616503 -704.920638397336 478.7831221446395
      vertex 484 -690.5808872580528 258.9069379866123
    endloop
  endfacet
  facet normal 0 -0.9996999202393315 -0.024496315508137054
    outer loop
      vertex 818.1185922701898 -704.9803337976336 481.21930430829525
      vertex 484 -704.9803337976336 481.21930430829525
      vertex 484 -704.920638397336 478.7831221446395
    endloop
  endfacet
  facet normal 0 -0.9996999202393315 -0.024496315508137054
    outer loop
      vertex 814.9436978616503 -704.920638397336 478.7831221446395
      vertex 818.1185922701898 -704.9803337976336 481.21930430829525
      vertex 484 -704.920638397336 478.7831221446395
    endloop
  endfacet
  facet normal 0 -0.9998699525320675 0.016126934721791865
    outer loop
      vertex 818.1185922701898 -704.9803337976336 481.21930430829525
      vertex 827.9270690946862 -704.8589417173102 488.74561328669756
      vertex 484 -704.9803337976336 481.21930430829525
    endloop
  endfacet
  facet normal 2.144093632818529e-17 -0.9998699525320677 0.01612693472179089
    outer loop
      vertex 827.9270690946862 -704.8589417173102 488.74561328669756
      vertex 850 -704.6321351390568 502.8076211353316
      vertex 484 -704.9803337976336 481.21930430829525
    endloop
  endfacet
  facet normal 2.8523257372519963e-16 -0.9998699525320677 0.01612693472178641
    outer loop
      vertex 850 -704.6321351390568 502.8076211353316
      vertex 873.2145214777902 -704.4372203813422 514.892336110995
      vertex 484 -704.9803337976336 481.21930430829525
    endloop
  endfacet
  facet normal -1.2329935467153501e-15 -0.9998699525320675 0.016126934721803956
    outer loop
      vertex 873.2145214777902 -704.4372203813422 514.892336110995
      vertex 897.3939570022994 -704.2756808631651 524.9077862357725
      vertex 484 -704.9803337976336 481.21930430829525
    endloop
  endfacet
  facet normal -9.037700155767317e-18 -0.8000000000117526 -0.59999999998433
    outer loop
      vertex 1298.8584094275236 -665.1399578807102 216.85327717570254
      vertex 1390.0396662139935 -684.6444840803742 242.85931210964918
      vertex 1299.9938574340515 -684.6444840803742 242.85931210964918
    endloop
  endfacet
  facet normal 9.223664388113177e-19 -0.830978184829749 -0.556305002976834
    outer loop
      vertex 1300 -684.7386687156501 243
      vertex 1385.725053174933 -686.4316553175449 245.52889139205217
      vertex 1299.88958621731 -686.4316553175449 245.52889139205217
    endloop
  endfacet
  facet normal -1.0340198402380758e-14 -0.830978184829911 -0.5563050029765921
    outer loop
      vertex 1299.9938574340515 -684.6444840803742 242.85931210964918
      vertex 1385.725053174933 -686.4316553175449 245.52889139205217
      vertex 1300 -684.7386687156501 243
    endloop
  endfacet
  facet normal 0 -0.8970162975742626 -0.44199746818976465
    outer loop
      vertex 1299.70521717783 -688.5123786181211 249.75163664668798
      vertex 1299.88958621731 -686.4316553175449 245.52889139205217
      vertex 1380.7017427631363 -688.5123786181211 249.75163664668798
    endloop
  endfacet
  facet normal -3.0303310970445813e-19 -0.9551161764009851 -0.29623147972010394
    outer loop
      vertex 1299.70521717783 -688.5123786181211 249.75163664668798
      vertex 1377.3350658425727 -689.906901858747 254.24788973480463
      vertex 1299.5089065284474 -689.906901858747 254.24788973480463
    endloop
  endfacet
  facet normal -4.630200003870298e-19 -0.9896979244056744 -0.1431712905127975
    outer loop
      vertex 1299.5089065284474 -689.906901858747 254.24788973480463
      vertex 1375.7079211507273 -690.5808872580528 258.9069379866123
      vertex 1299.305488088717 -690.5808872580528 258.9069379866123
    endloop
  endfacet
  facet normal 0 -0.9978801059662485 -0.06507913733900247
    outer loop
      vertex 1299.305488088717 -690.5808872580528 258.9069379866123
      vertex 1375.7079211507273 -690.5808872580528 258.9069379866123
      vertex 1298.8584094275236 -691.2486993126165 269.14672282429746
    endloop
  endfacet
  facet normal 3.2293965129973337e-19 -0.3686129935983801 -0.9295829500106167
    outer loop
      vertex 1291.251067105943 -625.5237674162171 172
      vertex 1291.1027196891662 -623.8362733274698 171.33084804564714
      vertex 1471.4194095330372 -623.8362733274698 171.33084804564714
    endloop
  endfacet
  facet normal 0 -0.3686129935983801 -0.9295829500106166
    outer loop
      vertex 1291.251067105943 -625.5237674162171 172
      vertex 1471.4194095330372 -623.8362733274698 171.33084804564714
      vertex 1469.9781534250044 -625.5237674162171 172
    endloop
  endfacet
  facet normal 5.918567366062839e-16 -0.8000000000117528 -0.5999999999843297
    outer loop
      vertex 1295.5864134141104 -646.499999999694 192
      vertex 1449.2544627128896 -646.4999999996938 192
      vertex 1298.8584094275236 -665.1399578807102 216.85327717570254
    endloop
  endfacet
  facet normal 4.3872501800393454e-16 -0.8000000000117523 -0.5999999999843303
    outer loop
      vertex 1298.8584094275236 -665.1399578807102 216.85327717570254
      vertex 1449.2544627128896 -646.4999999996938 192
      vertex 1401.4178149400957 -679.9315005633246 236.5753340866599
    endloop
  endfacet
  facet normal -1.3031172361281461e-14 -0.8000000000117453 -0.5999999999843395
    outer loop
      vertex 1432.1906080272688 -661.073908706238 211.431878276185
      vertex 1401.4178149400957 -679.9315005633246 236.5753340866599
      vertex 1449.2544627128896 -646.4999999996938 192
    endloop
  endfacet
  facet normal 9.547343125219566e-16 -0.800000000011751 -0.599999999984332
    outer loop
      vertex 1298.8584094275236 -665.1399578807102 216.85327717570254
      vertex 1401.4178149400957 -679.9315005633246 236.5753340866599
      vertex 1390.0396662139935 -684.6444840803742 242.85931210964918
    endloop
  endfacet
  facet normal 0 -0.8309781848297576 -0.5563050029768214
    outer loop
      vertex 1299.9938574340515 -684.6444840803742 242.85931210964918
      vertex 1390.0396662139935 -684.6444840803742 242.85931210964918
      vertex 1385.725053174933 -686.4316553175449 245.52889139205217
    endloop
  endfacet
  facet normal 0 -0.8970162975742626 -0.4419974681897646
    outer loop
      vertex 1299.88958621731 -686.4316553175449 245.52889139205217
      vertex 1385.725053174933 -686.4316553175449 245.52889139205217
      vertex 1380.7017427631363 -688.5123786181211 249.75163664668798
    endloop
  endfacet
  facet normal 0 -0.9551161764009851 -0.2962314797201039
    outer loop
      vertex 1299.70521717783 -688.5123786181211 249.75163664668798
      vertex 1380.7017427631363 -688.5123786181211 249.75163664668798
      vertex 1377.3350658425727 -689.906901858747 254.24788973480463
    endloop
  endfacet
  facet normal 0 -0.9896979244056744 -0.1431712905127975
    outer loop
      vertex 1299.5089065284474 -689.906901858747 254.24788973480463
      vertex 1377.3350658425727 -689.906901858747 254.24788973480463
      vertex 1375.7079211507273 -690.5808872580528 258.9069379866123
    endloop
  endfacet
  facet normal 0 -0.21865594295094345 -0.9758020181431445
    outer loop
      vertex 1291.1027196891662 -623.8362733274698 171.33084804564714
      vertex 1290.8745220893836 -619.2426406890154 170.30151519179344
      vertex 1471.4194095330372 -623.8362733274698 171.33084804564714
    endloop
  endfacet
  facet normal 0 -0.07088902044009396 -0.9974842087878103
    outer loop
      vertex 1290.8745220893836 -619.2426406890154 170.30151519179344
      vertex 1290.8076777806573 -615 170
      vertex 1471.2851923795397 -619.2426406890154 170.30151519179344
    endloop
  endfacet
  facet normal 2.2521659432524755e-17 -0.21865594295094257 -0.9758020181431446
    outer loop
      vertex 1290.8745220893836 -619.2426406890154 170.30151519179344
      vertex 1473.7114572152495 -620.0948038987193 170.49246637523174
      vertex 1471.4194095330372 -623.8362733274698 171.33084804564714
    endloop
  endfacet
  facet normal 0 -0.21865594295094723 -0.9758020181431437
    outer loop
      vertex 1290.8745220893836 -619.2426406890154 170.30151519179344
      vertex 1471.2851923795397 -619.2426406890154 170.30151519179344
      vertex 1473.7114572152495 -620.0948038987193 170.49246637523174
    endloop
  endfacet
  facet normal 0 -0.07088902044009396 -0.9974842087878104
    outer loop
      vertex 1290.8076777806573 -615 170
      vertex 1467.4540786147118 -615 170
      vertex 1471.2851923795397 -619.2426406890154 170.30151519179344
    endloop
  endfacet
  facet normal -1.6197338519760324e-15 -0.21865594295094162 -0.975802018143145
    outer loop
      vertex 1471.4194095330372 -623.8362733274698 171.33084804564714
      vertex 1473.7114572152495 -620.0948038987193 170.49246637523174
      vertex 1474.1832260478068 -620.6002599603372 170.6057280509799
    endloop
  endfacet
  facet normal -7.257610642438516e-16 -0.9978801059662481 -0.06507913733900837
    outer loop
      vertex 1298.8584094275236 -691.2486993126165 269.14672282429746
      vertex 1368.073908706238 -693.7429987478853 307.39264750230626
      vertex 1295.4423259036623 -692.9409426043433 295.0944533000791
    endloop
  endfacet
  facet normal 3.0919689356442446e-16 -0.9978801059662478 -0.06507913733901446
    outer loop
      vertex 1295.4423259036623 -692.9409426043433 295.0944533000791
      vertex 1368.073908706238 -693.7429987478853 307.39264750230626
      vertex 1289.7777478867206 -694.6073291409573 320.6457135307562
    endloop
  endfacet
  facet normal 1.193567894219659e-15 -0.997880105966248 -0.06507913733900923
    outer loop
      vertex 1289.7777478867206 -694.6073291409573 320.6457135307562
      vertex 1368.073908706238 -693.7429987478853 307.39264750230626
      vertex 1332.9799269592531 -702.1683183368817 436.58088121338375
    endloop
  endfacet
  facet normal -7.773988673750322e-16 -0.997880105966248 -0.06507913733900828
    outer loop
      vertex 1375.7079211507273 -690.5808872580528 258.9069379866123
      vertex 1368.073908706238 -693.7429987478853 307.39264750230626
      vertex 1298.8584094275236 -691.2486993126165 269.14672282429746
    endloop
  endfacet
  facet normal -7.370212056928498e-17 -0.9998699525320677 0.016126934721792992
    outer loop
      vertex 897.3939570022994 -704.2756808631651 524.9077862357725
      vertex 922.3542864692438 -704.1487459977994 532.7777478867205
      vertex 484 -704.9803337976336 481.21930430829525
    endloop
  endfacet
  facet normal 1.7263684944666858e-15 -0.9998699525320677 0.01612693472177769
    outer loop
      vertex 922.3542864692438 -704.1487459977994 532.7777478867205
      vertex 947.9055466999209 -704.0573818362159 538.4423259036623
      vertex 484 -704.9803337976336 481.21930430829525
    endloop
  endfacet
  facet normal 3.560332522156696e-14 -0.9998699525320722 0.016126934721503127
    outer loop
      vertex 947.9055466999209 -704.0573818362159 538.4423259036623
      vertex 973.8532771757026 -704.0022837148513 541.8584094275236
      vertex 484 -704.9803337976336 481.21930430829525
    endloop
  endfacet
  facet normal -2.6984590536811707e-15 -0.9978801059662481 -0.0650791373390078
    outer loop
      vertex 1289.7777478867206 -694.6073291409573 320.6457135307562
      vertex 1332.9799269592531 -702.1683183368817 436.58088121338375
      vertex 1281.9077862357726 -696.2351767147229 345.6060429977006
    endloop
  endfacet
  facet normal -2.528470077117528e-15 -0.9978801059662482 -0.06507913733900707
    outer loop
      vertex 1271.892336110995 -697.8120964226828 369.7854785222098
      vertex 1332.9799269592531 -702.1683183368817 436.58088121338375
      vertex 1259.8076211353316 -699.326086953689 393
    endloop
  endfacet
  facet normal -1.733677412933526e-16 -0.9978801059662481 -0.06507913733900922
    outer loop
      vertex 1281.9077862357726 -696.2351767147229 345.6060429977006
      vertex 1332.9799269592531 -702.1683183368817 436.58088121338375
      vertex 1271.892336110995 -697.8120964226828 369.7854785222098
    endloop
  endfacet
  facet normal 9.778112986365415e-16 -0.9978801059662478 -0.06507913733901292
    outer loop
      vertex 1259.8076211353316 -699.326086953689 393
      vertex 1332.9799269592531 -702.1683183368817 436.58088121338375
      vertex 1245.7456132866976 -700.7656259256285 415.0729309053138
    endloop
  endfacet
  facet normal 2.4704234885979754e-16 -0.997880105966248 -0.06507913733900997
    outer loop
      vertex 1229.8133329356933 -702.119757577707 435.83628290596175
      vertex 1245.7456132866976 -700.7656259256285 415.0729309053138
      vertex 1332.9799269592531 -702.1683183368817 436.58088121338375
    endloop
  endfacet
  facet normal 2.4737527075319577e-16 -0.9978801059662478 -0.06507913733901233
    outer loop
      vertex 1212.1320343559642 -703.3781761504052 455.13203435596427
      vertex 1298.0083847716396 -704.920638397336 478.7831221446395
      vertex 1192.8362829059618 -704.5313043185313 472.81333293569344
    endloop
  endfacet
  facet normal -2.289074465012113e-19 -0.9978801059662481 -0.06507913733900801
    outer loop
      vertex 1192.8362829059618 -704.5313043185313 472.81333293569344
      vertex 1298.0083847716396 -704.920638397336 478.7831221446395
      vertex 1185.0563021383496 -704.920638397336 478.7831221446395
    endloop
  endfacet
  facet normal 0 -0.9996999202393315 -0.024496315508137058
    outer loop
      vertex 1185.0563021383496 -704.920638397336 478.7831221446395
      vertex 1297.24988279365 -704.9803337976336 481.21930430829525
      vertex 1181.8814077298102 -704.9803337976336 481.21930430829525
    endloop
  endfacet
  facet normal -1.3850845572156547e-15 -0.9978801059662481 -0.06507913733900642
    outer loop
      vertex 1229.8133329356933 -702.119757577707 435.83628290596175
      vertex 1298.0083847716396 -704.920638397336 478.7831221446395
      vertex 1212.1320343559642 -703.3781761504052 455.13203435596427
    endloop
  endfacet
  facet normal 2.3995318463440537e-16 -0.9978801059662481 -0.065079137339009
    outer loop
      vertex 1229.8133329356933 -702.119757577707 435.83628290596175
      vertex 1332.9799269592531 -702.1683183368817 436.58088121338375
      vertex 1298.0083847716396 -704.920638397336 478.7831221446395
    endloop
  endfacet
  facet normal 0 -0.9996999202393315 -0.024496315508137058
    outer loop
      vertex 1185.0563021383496 -704.920638397336 478.7831221446395
      vertex 1298.0083847716396 -704.920638397336 478.7831221446395
      vertex 1297.24988279365 -704.9803337976336 481.21930430829525
    endloop
  endfacet
  facet normal 0 -0.9998699525320676 0.01612693472179138
    outer loop
      vertex 1181.8814077298102 -704.9803337976336 481.21930430829525
      vertex 1297.24988279365 -704.9803337976336 481.21930430829525
      vertex 1332.9799269592531 -702.1683183368817 655.5642628367283
    endloop
  endfacet
  facet normal 0 -0.9998699525320677 0.016126934721791206
    outer loop
      vertex -854.1185922701898 -704.9803337976336 481.21930430829525
      vertex 470 -704.9803337976336 481.21930430829525
      vertex 470 -700.042163848877 787.3858410641551
    endloop
  endfacet
  facet normal -6.76154535912299e-17 -0.9998699525320677 0.016126934721791202
    outer loop
      vertex 973.8532771757026 -704.0022837148513 541.8584094275236
      vertex 484 -700.042163848877 787.3858410641551
      vertex 484 -704.9803337976336 481.21930430829525
    endloop
  endfacet
  facet normal 0 -0.9238795319979249 0.38268343360445445
    outer loop
      vertex -654.4390529026452 -678.7512286603451 899.2705098316073
      vertex 470 -678.7512286603451 899.2705098316073
      vertex 206.70356874272585 -676.9497288912535 903.6197149902582
    endloop
  endfacet
  facet normal 0 -0.9683972783297069 0.2494127328818964
    outer loop
      vertex -654.4390529026452 -678.7512286603451 899.2705098316073
      vertex 470 -679.6797265782952 895.6654218062758
      vertex 470 -678.7512286603451 899.2705098316073
    endloop
  endfacet
  facet normal 0 -0.9820064469943143 0.1888473935790566
    outer loop
      vertex 639.7250045780572 -679.6797265782952 895.6654218062758
      vertex 484 -679.6797265782952 895.6654218062758
      vertex 484 -699.5062586814165 792.567454829812
    endloop
  endfacet
  facet normal 0 -0.9238795319979252 0.3826834336044545
    outer loop
      vertex 206.70356874272585 -676.9497288912535 903.6197149902582
      vertex 470 -678.7512286603451 899.2705098316073
      vertex 470 -676.9497288912535 903.6197149902582
    endloop
  endfacet
  facet normal 0 -0.8526401645166338 0.5224985644507051
    outer loop
      vertex 206.70356874272585 -676.9497288912535 903.6197149902582
      vertex 470 -676.9497288912535 903.6197149902582
      vertex 470 -676.1348386870482 904.9494949457439
    endloop
  endfacet
  facet normal 0 -0.9683972783297069 0.24941273288189642
    outer loop
      vertex 578.0379428121415 -678.7512286603451 899.2705098316073
      vertex 484 -678.7512286603451 899.2705098316073
      vertex 484 -679.6797265782952 895.6654218062758
    endloop
  endfacet
  facet normal 0 -0.923879531997925 0.38268343360445445
    outer loop
      vertex 503.6182100984953 -676.9497288912535 903.6197149902582
      vertex 484 -676.9497288912535 903.6197149902582
      vertex 484 -678.7512286603451 899.2705098316073
    endloop
  endfacet
  facet normal 0 -0.8526401645166 0.5224985644507603
    outer loop
      vertex 503.6182100984953 -676.9497288912535 903.6197149902582
      vertex 484 -676.2471412846414 904.7662337622643
      vertex 484 -676.9497288912535 903.6197149902582
    endloop
  endfacet
  facet normal 2.5079135455973487e-19 -0.923879531997925 0.3826834336044545
    outer loop
      vertex 503.6182100984953 -676.9497288912535 903.6197149902582
      vertex 484 -678.7512286603451 899.2705098316073
      vertex 578.0379428121415 -678.7512286603451 899.2705098316073
    endloop
  endfacet
  facet normal 3.8301833144236795e-19 -0.9683972783297069 0.2494127328818964
    outer loop
      vertex 578.0379428121415 -678.7512286603451 899.2705098316073
      vertex 484 -679.6797265782952 895.6654218062758
      vertex 639.7250045780572 -679.6797265782952 895.6654218062758
    endloop
  endfacet
  facet normal 1.848882773469249e-15 -0.9998699525320675 0.016126934721795026
    outer loop
      vertex 973.8532771757026 -704.0022837148513 541.8584094275236
      vertex 1000 -703.9838709636782 543
      vertex 484 -700.042163848877 787.3858410641551
    endloop
  endfacet
  facet normal -1.7813523053319223e-15 -0.9998699525320675 0.016126934721796573
    outer loop
      vertex 1000 -703.9838709636782 543
      vertex 1026.1467228242975 -704.0022837148513 541.8584094275236
      vertex 1332.9799269592531 -702.1683183368817 655.5642628367283
    endloop
  endfacet
  facet normal 1.7760649821057433e-15 -0.9998699525320676 0.016126934721786973
    outer loop
      vertex 1026.1467228242975 -704.0022837148513 541.8584094275236
      vertex 1052.094453300079 -704.0573818362159 538.4423259036623
      vertex 1332.9799269592531 -702.1683183368817 655.5642628367283
    endloop
  endfacet
  facet normal 3.5417327048403304e-17 -0.9998699525320677 0.016126934721791202
    outer loop
      vertex 1000 -703.9838709636782 543
      vertex 1332.9799269592531 -702.1683183368817 655.5642628367283
      vertex 484 -700.042163848877 787.3858410641551
    endloop
  endfacet
  facet normal -2.224284156148652e-16 -0.9998699525320676 0.016126934721791573
    outer loop
      vertex 1181.8814077298102 -704.9803337976336 481.21930430829525
      vertex 1332.9799269592531 -702.1683183368817 655.5642628367283
      vertex 1172.0729309053138 -704.8589417173102 488.74561328669756
    endloop
  endfacet
  facet normal 1.7380752711030926e-16 -0.9998699525320676 0.016126934721791192
    outer loop
      vertex 1172.0729309053138 -704.8589417173102 488.74561328669756
      vertex 1332.9799269592531 -702.1683183368817 655.5642628367283
      vertex 1150 -704.6321351390568 502.8076211353316
    endloop
  endfacet
  facet normal 1.4231621458963265e-15 -0.9998699525320676 0.016126934721789696
    outer loop
      vertex 1126.7854785222098 -704.4372203813422 514.892336110995
      vertex 1150 -704.6321351390568 502.8076211353316
      vertex 1332.9799269592531 -702.1683183368817 655.5642628367283
    endloop
  endfacet
  facet normal 8.334382737857313e-16 -0.9998699525320676 0.016126934721789235
    outer loop
      vertex 1077.6457135307562 -704.1487459977994 532.7777478867205
      vertex 1332.9799269592531 -702.1683183368817 655.5642628367283
      vertex 1052.094453300079 -704.0573818362159 538.4423259036623
    endloop
  endfacet
  facet normal -2.372193052195432e-15 -0.9998699525320676 0.016126934721795258
    outer loop
      vertex 1102.6060429977006 -704.2756808631651 524.9077862357725
      vertex 1126.7854785222098 -704.4372203813422 514.892336110995
      vertex 1332.9799269592531 -702.1683183368817 655.5642628367283
    endloop
  endfacet
  facet normal -3.4117647530904775e-16 -0.9998699525320676 0.016126934721791674
    outer loop
      vertex 1077.6457135307562 -704.1487459977994 532.7777478867205
      vertex 1102.6060429977006 -704.2756808631651 524.9077862357725
      vertex 1332.9799269592531 -702.1683183368817 655.5642628367283
    endloop
  endfacet
  facet normal 0 -0.9996994453013784 0.024515690161940544
    outer loop
      vertex 1341.887405076022 -700.0298220440745 787.8891144916415
      vertex 484 -700.0298220440745 787.8891144916415
      vertex 484 -700.042163848877 787.3858410641551
    endloop
  endfacet
  facet normal 0 -0.993796044566949 0.1112179023497861
    outer loop
      vertex 1344.0682034301292 -699.5062586814165 792.567454829812
      vertex 484 -699.5062586814165 792.567454829812
      vertex 484 -700.0298220440745 787.8891144916415
    endloop
  endfacet
  facet normal 1.8080325501915067e-20 -0.9998699525320676 0.01612693472179097
    outer loop
      vertex 1332.9799269592531 -702.1683183368817 655.5642628367283
      vertex 1341.8359977593161 -700.042163848877 787.3858410641551
      vertex 484 -700.042163848877 787.3858410641551
    endloop
  endfacet
  facet normal 0 -0.9996994453013784 0.024515690161940547
    outer loop
      vertex 1341.8359977593161 -700.042163848877 787.3858410641551
      vertex 1341.887405076022 -700.0298220440745 787.8891144916415
      vertex 484 -700.042163848877 787.3858410641551
    endloop
  endfacet
  facet normal 0 -0.9937960445669491 0.11121790234978612
    outer loop
      vertex 1341.887405076022 -700.0298220440745 787.8891144916415
      vertex 1344.0682034301292 -699.5062586814165 792.567454829812
      vertex 484 -700.0298220440745 787.8891144916415
    endloop
  endfacet
  facet normal 0 -0.9820064469943146 0.18884739357905486
    outer loop
      vertex 1344.0682034301292 -699.5062586814165 792.567454829812
      vertex 1368.073908706238 -693.7429987478853 822.5364064958699
      vertex 484 -699.5062586814165 792.567454829812
    endloop
  endfacet
  facet normal 1.8691510295231823e-17 -0.9820064469943143 0.18884739357905658
    outer loop
      vertex 639.7250045780572 -679.6797265782952 895.6654218062758
      vertex 484 -699.5062586814165 792.567454829812
      vertex 1246.5134788379073 -686.4992773603685 860.203757725656
    endloop
  endfacet
  facet normal 1.726617525284912e-14 -0.9820064469943502 0.18884739357886907
    outer loop
      vertex 1246.5134788379073 -686.4992773603685 860.203757725656
      vertex 484 -699.5062586814165 792.567454829812
      vertex 1247.196024991572 -686.5080751621095 860.1580091565847
    endloop
  endfacet
  facet normal 9.402968346158674e-16 -0.982006446994316 0.18884739357904684
    outer loop
      vertex 1247.196024991572 -686.5080751621095 860.1580091565847
      vertex 484 -699.5062586814165 792.567454829812
      vertex 1253.3984537050128 -686.6932494105768 859.1951030641794
    endloop
  endfacet
  facet normal -1.3956932437765542e-16 -0.9820064469943138 0.18884739357905886
    outer loop
      vertex 1253.3984537050128 -686.6932494105768 859.1951030641794
      vertex 484 -699.5062586814165 792.567454829812
      vertex 1368.073908706238 -693.7429987478853 822.5364064958699
    endloop
  endfacet
  facet normal 6.580861603584893e-16 -0.9820064469943134 0.18884739357906127
    outer loop
      vertex 1253.3984537050128 -686.6932494105768 859.1951030641794
      vertex 1368.073908706238 -693.7429987478853 822.5364064958699
      vertex 1372.0470175350051 -692.0972831862256 831.0941274198397
    endloop
  endfacet
  facet normal 0 0.3826834336044569 -0.923879531997924
    outer loop
      vertex -744.7489328940569 625.5541362959415 172
      vertex 470 625.5541362959415 172
      vertex 470 624.3893038519685 171.5175106019835
    endloop
  endfacet
  facet normal -2.297894734449681e-19 0.38268343360450263 -0.9238795319979052
    outer loop
      vertex -744.8668069469101 624.2705098316073 171.46830450743437
      vertex 470 624.3893038519685 171.5175106019835
      vertex 484 624.3893038519685 171.5175106019835
    endloop
  endfacet
  facet normal 0 0.382683433604503 -0.9238795319979051
    outer loop
      vertex -744.8668069469101 624.2705098316073 171.46830450743437
      vertex 484 624.3893038519685 171.5175106019835
      vertex 708.8668069469101 624.2705098316073 171.46830450743437
    endloop
  endfacet
  facet normal 0 0.8000000000117526 -0.5999999999843297
    outer loop
      vertex -736.0061425659485 684.6444840803742 242.85931210964918
      vertex 470 684.6444840803742 242.85931210964918
      vertex 470 646.499999999694 192
    endloop
  endfacet
  facet normal 0 0.8446093243964222 -0.5353831236998597
    outer loop
      vertex -736.1674549599472 687.1648246273398 246.83534914255142
      vertex 470 687.1648246273398 246.83534914255142
      vertex 470 684.6444840803742 242.85931210964918
    endloop
  endfacet
  facet normal 0 0.9179631545983515 -0.3966656612310208
    outer loop
      vertex -736.3561293301369 689.032146371901 251.1567026823759
      vertex 470 689.032146371901 251.1567026823759
      vertex 470 687.1648246273398 246.83534914255142
    endloop
  endfacet
  facet normal 0 0.968713685398119 -0.24818097373165804
    outer loop
      vertex -736.555234755586 690.2004696577787 255.71696666628122
      vertex 470 690.2004696577787 255.71696666628122
      vertex 470 689.032146371901 251.1567026823759
    endloop
  endfacet
  facet normal 0 0.9929641704267561 -0.11841518588721613
    outer loop
      vertex -736.6945119112828 690.5808872580528 258.9069379866123
      vertex 470 690.5808872580528 258.9069379866123
      vertex 470 690.2004696577787 255.71696666628122
    endloop
  endfacet
  facet normal 0 0.07845909640617879 -0.9969173336797419
    outer loop
      vertex -745.1104393433269 619.6930339485407 170.3693497851491
      vertex 709.1104393433269 619.6930339485407 170.3693497851491
      vertex 709.1923222193428 615 170
    endloop
  endfacet
  facet normal 0 0.23344536236148647 -0.9723699207564548
    outer loop
      vertex -744.8668069469101 624.2705098316073 171.46830450743437
      vertex 708.8668069469101 624.2705098316073 171.46830450743437
      vertex 709.1104393433269 619.6930339485407 170.3693497851491
    endloop
  endfacet
  facet normal 0 0.382683433604457 -0.9238795319979242
    outer loop
      vertex 708.7489328940569 625.5541362959415 172
      vertex 484 624.3893038519685 171.5175106019835
      vertex 484 625.5541362959415 172
    endloop
  endfacet
  facet normal 0 0.8000000000117528 -0.5999999999843296
    outer loop
      vertex 704.4135865858894 646.499999999694 192
      vertex 484 646.499999999694 192
      vertex 484 684.6444840803742 242.85931210964918
    endloop
  endfacet
  facet normal 1.753269556209357e-16 0.8446093243964222 -0.5353831236998597
    outer loop
      vertex 700 684.7336636809624 243
      vertex 484 684.6444840803742 242.85931210964918
      vertex 484 687.1648246273398 246.83534914255142
    endloop
  endfacet
  facet normal 0 0.9179631545983515 -0.3966656612310208
    outer loop
      vertex 700.1674549599471 687.1648246273398 246.83534914255142
      vertex 484 687.1648246273398 246.83534914255142
      vertex 484 689.032146371901 251.1567026823759
    endloop
  endfacet
  facet normal 0 0.9687136853981191 -0.24818097373165812
    outer loop
      vertex 700.3561293301369 689.032146371901 251.1567026823759
      vertex 484 689.032146371901 251.1567026823759
      vertex 484 690.2004696577787 255.71696666628122
    endloop
  endfacet
  facet normal 0 0.9929641704267561 -0.11841518588721614
    outer loop
      vertex 700.555234755586 690.2004696577787 255.71696666628122
      vertex 484 690.2004696577787 255.71696666628122
      vertex 484 690.5808872580528 258.9069379866123
    endloop
  endfacet
  facet normal -2.5830734424070885e-17 0.3826834336044612 -0.9238795319979223
    outer loop
      vertex 708.8668069469101 624.2705098316073 171.46830450743437
      vertex 484 624.3893038519685 171.5175106019835
      vertex 708.7489328940569 625.5541362959415 172
    endloop
  endfacet
  facet normal -8.376164741187644e-16 0.8000000000117509 -0.5999999999843321
    outer loop
      vertex 704.4135865858894 646.499999999694 192
      vertex 484 684.6444840803742 242.85931210964918
      vertex 701.1415905724764 665.1399578807103 216.85327717570254
    endloop
  endfacet
  facet normal 3.66980942911107e-18 0.8000000000117543 -0.5999999999843276
    outer loop
      vertex 701.1415905724764 665.1399578807103 216.85327717570254
      vertex 484 684.6444840803742 242.85931210964918
      vertex 700.0061425659485 684.6444840803742 242.85931210964918
    endloop
  endfacet
  facet normal 0 0.8446093243965439 -0.5353831236996678
    outer loop
      vertex 700.0061425659485 684.6444840803742 242.85931210964918
      vertex 484 684.6444840803742 242.85931210964918
      vertex 700 684.7336636809624 243
    endloop
  endfacet
  facet normal 7.105816964268172e-19 0.8446093243964177 -0.5353831236998667
    outer loop
      vertex 700 684.7336636809624 243
      vertex 484 687.1648246273398 246.83534914255142
      vertex 700.1674549599471 687.1648246273398 246.83534914255142
    endloop
  endfacet
  facet normal -2.1801002947788477e-19 0.9179631545983514 -0.39666566123102076
    outer loop
      vertex 700.1674549599471 687.1648246273398 246.83534914255142
      vertex 484 689.032146371901 251.1567026823759
      vertex 700.3561293301369 689.032146371901 251.1567026823759
    endloop
  endfacet
  facet normal -5.445239663398061e-20 0.9687136853981192 -0.2481809737316581
    outer loop
      vertex 700.3561293301369 689.032146371901 251.1567026823759
      vertex 484 690.2004696577787 255.71696666628122
      vertex 700.555234755586 690.2004696577787 255.71696666628122
    endloop
  endfacet
  facet normal -1.5948106121635404e-19 0.9929641704267561 -0.11841518588721614
    outer loop
      vertex 700.555234755586 690.2004696577787 255.71696666628122
      vertex 484 690.5808872580528 258.9069379866123
      vertex 700.6945119112827 690.5808872580528 258.9069379866123
    endloop
  endfacet
  facet normal 0 0.997880105966248 -0.06507913733900918
    outer loop
      vertex 700.6945119112827 690.5808872580528 258.9069379866123
      vertex 484 690.5808872580528 258.9069379866123
      vertex 484 704.920638397336 478.7831221446395
    endloop
  endfacet
  facet normal 6.548031557049065e-15 0.9978801059662484 -0.06507913733900275
    outer loop
      vertex 700.6945119112827 690.5808872580528 258.9069379866123
      vertex 484 704.920638397336 478.7831221446395
      vertex 701.1415905724764 691.2486993126165 269.14672282429746
    endloop
  endfacet
  facet normal 1.0536398680712474e-15 0.9978801059662481 -0.06507913733900843
    outer loop
      vertex 701.1415905724764 691.2486993126165 269.14672282429746
      vertex 484 704.920638397336 478.7831221446395
      vertex 704.5576740963377 692.9409426043433 295.0944533000791
    endloop
  endfacet
  facet normal 0 0.997880105966248 -0.06507913733900918
    outer loop
      vertex -850.9436978616503 704.920638397336 478.7831221446395
      vertex 470 704.920638397336 478.7831221446395
      vertex 470 690.5808872580528 258.9069379866123
    endloop
  endfacet
  facet normal 0 0.9996999202393315 -0.02449631550813705
    outer loop
      vertex -854.1185922701898 704.9803337976336 481.21930430829525
      vertex 470 704.9803337976336 481.21930430829525
      vertex 470 704.920638397336 478.7831221446395
    endloop
  endfacet
  facet normal -6.52876734411734e-15 0.9978801059662475 -0.0650791373390175
    outer loop
      vertex 704.5576740963377 692.9409426043433 295.0944533000791
      vertex 484 704.920638397336 478.7831221446395
      vertex 710.2222521132795 694.6073291409574 320.6457135307562
    endloop
  endfacet
  facet normal 7.174693018362121e-16 0.9978801059662481 -0.06507913733900716
    outer loop
      vertex 710.2222521132795 694.6073291409574 320.6457135307562
      vertex 484 704.920638397336 478.7831221446395
      vertex 718.0922137642275 696.235176714723 345.6060429977006
    endloop
  endfacet
  facet normal 1.8303142242905328e-15 0.9978801059662483 -0.06507913733900522
    outer loop
      vertex 718.0922137642275 696.235176714723 345.6060429977006
      vertex 484 704.920638397336 478.7831221446395
      vertex 728.107663889005 697.8120964226828 369.7854785222098
    endloop
  endfacet
  facet normal -4.801917098023287e-16 0.997880105966248 -0.06507913733901037
    outer loop
      vertex 728.107663889005 697.8120964226828 369.7854785222098
      vertex 484 704.920638397336 478.7831221446395
      vertex 740.1923788646684 699.3260869536891 393
    endloop
  endfacet
  facet normal 1.4132251887931574e-16 0.9978801059662482 -0.06507913733900852
    outer loop
      vertex 740.1923788646684 699.3260869536891 393
      vertex 484 704.920638397336 478.7831221446395
      vertex 754.2543867133024 700.7656259256285 415.0729309053138
    endloop
  endfacet
  facet normal -2.095087011381005e-16 0.997880105966248 -0.06507913733901
    outer loop
      vertex 754.2543867133024 700.7656259256285 415.0729309053138
      vertex 484 704.920638397336 478.7831221446395
      vertex 770.1866670643066 702.119757577707 435.83628290596175
    endloop
  endfacet
  facet normal 0 0.9996999202393315 -0.024496315508137054
    outer loop
      vertex 814.9436978616504 704.920638397336 478.7831221446395
      vertex 484 704.920638397336 478.7831221446395
      vertex 484 704.9803337976336 481.21930430829525
    endloop
  endfacet
  facet normal 4.575898122174786e-16 0.9978801059662483 -0.06507913733900558
    outer loop
      vertex 770.1866670643066 702.119757577707 435.83628290596175
      vertex 484 704.920638397336 478.7831221446395
      vertex 787.8679656440357 703.3781761504052 455.13203435596427
    endloop
  endfacet
  facet normal -8.380464459146066e-17 0.9978801059662478 -0.06507913733901251
    outer loop
      vertex 787.8679656440357 703.3781761504052 455.13203435596427
      vertex 484 704.920638397336 478.7831221446395
      vertex 807.1637170940382 704.5313043185313 472.81333293569344
    endloop
  endfacet
  facet normal 7.81268021710117e-20 0.9978801059662481 -0.06507913733900801
    outer loop
      vertex 807.1637170940382 704.5313043185313 472.81333293569344
      vertex 484 704.920638397336 478.7831221446395
      vertex 814.9436978616504 704.920638397336 478.7831221446395
    endloop
  endfacet
  facet normal 0 0.9996999202393315 -0.02449631550813705
    outer loop
      vertex 814.9436978616504 704.920638397336 478.7831221446395
      vertex 484 704.9803337976336 481.21930430829525
      vertex 818.1185922701898 704.9803337976336 481.21930430829525
    endloop
  endfacet
  facet normal -3.14644876674182e-17 0.8000000000117525 -0.5999999999843297
    outer loop
      vertex 1298.8584094275236 665.1399578807102 216.85327717570254
      vertex 1299.9938574340515 684.6444840803742 242.85931210964918
      vertex 1401.4178149400957 679.9315005633246 236.57533408665984
    endloop
  endfacet
  facet normal 0 0.8446093243965439 -0.5353831236996678
    outer loop
      vertex 1299.9938574340515 684.6444840803742 242.85931210964918
      vertex 1300 684.7336636809624 243
      vertex 1390.0396662139935 684.6444840803742 242.85931210964918
    endloop
  endfacet
  facet normal 1.825964181241666e-18 0.8446093243964177 -0.5353831236998667
    outer loop
      vertex 1300 684.7336636809624 243
      vertex 1299.832545040053 687.1648246273398 246.83534914255142
      vertex 1383.9550258837105 687.1648246273398 246.83534914255142
    endloop
  endfacet
  facet normal 0 0.9179631545983515 -0.3966656612310208
    outer loop
      vertex 1299.832545040053 687.1648246273398 246.83534914255142
      vertex 1299.643870669863 689.032146371901 251.1567026823759
      vertex 1383.9550258837105 687.1648246273398 246.83534914255142
    endloop
  endfacet
  facet normal 0 0.9687136853981191 -0.24818097373165804
    outer loop
      vertex 1299.643870669863 689.032146371901 251.1567026823759
      vertex 1299.444765244414 690.2004696577787 255.71696666628122
      vertex 1379.4469124026766 689.032146371901 251.1567026823759
    endloop
  endfacet
  facet normal 0 0.9929641704267562 -0.11841518588721614
    outer loop
      vertex 1299.444765244414 690.2004696577787 255.71696666628122
      vertex 1299.3054880887173 690.5808872580528 258.9069379866123
      vertex 1376.6263304806744 690.2004696577787 255.71696666628122
    endloop
  endfacet
  facet normal 0 0.9978801059662478 -0.06507913733901351
    outer loop
      vertex 1299.3054880887173 690.5808872580528 258.9069379866123
      vertex 1298.8584094275236 691.2486993126166 269.14672282429746
      vertex 1375.7079211507273 690.5808872580528 258.9069379866123
    endloop
  endfacet
  facet normal 0 0.0784590964061788 -0.9969173336797419
    outer loop
      vertex 1290.8076777806573 615 170
      vertex 1290.8895606566732 619.6930339485407 170.3693497851491
      vertex 1467.4540786147118 615 170
    endloop
  endfacet
  facet normal 0 0.2334453623614865 -0.9723699207564549
    outer loop
      vertex 1290.8895606566732 619.6930339485407 170.3693497851491
      vertex 1291.13319305309 624.2705098316073 171.46830450743437
      vertex 1472.1471126124495 619.6930339485407 170.3693497851491
    endloop
  endfacet
  facet normal 0 0.0784590964061788 -0.996917333679742
    outer loop
      vertex 1290.8895606566732 619.6930339485407 170.3693497851491
      vertex 1472.1471126124495 619.6930339485407 170.3693497851491
      vertex 1467.4540786147118 615 170
    endloop
  endfacet
  facet normal -5.367831725807452e-16 0.23344536236146624 -0.9723699207564598
    outer loop
      vertex 1291.13319305309 624.2705098316073 171.46830450743437
      vertex 1473.7114572152495 620.2058514563784 170.49246637523174
      vertex 1472.1471126124495 619.6930339485407 170.3693497851491
    endloop
  endfacet
  facet normal 0 0.23344536236148922 -0.9723699207564542
    outer loop
      vertex 1291.13319305309 624.2705098316073 171.46830450743437
      vertex 1471.0485365219301 624.2705098316073 171.46830450743437
      vertex 1473.7114572152495 620.2058514563784 170.49246637523174
    endloop
  endfacet
  facet normal -5.3299360679980894e-15 0.23344536236148597 -0.972369920756455
    outer loop
      vertex 1473.7114572152495 620.2058514563784 170.49246637523174
      vertex 1471.0485365219301 624.2705098316073 171.46830450743437
      vertex 1474.1475900773548 620.6419843208788 170.59717261142615
    endloop
  endfacet
  facet normal -4.4148655238775235e-20 0.3826834336044612 -0.9238795319979224
    outer loop
      vertex 1291.13319305309 624.2705098316073 171.46830450743437
      vertex 1291.251067105943 625.5541362959415 172
      vertex 1469.9522159513926 625.5541362959415 172
    endloop
  endfacet
  facet normal 0 0.3826834336044612 -0.9238795319979223
    outer loop
      vertex 1291.13319305309 624.2705098316073 171.46830450743437
      vertex 1469.9522159513926 625.5541362959415 172
      vertex 1471.0485365219301 624.2705098316073 171.46830450743437
    endloop
  endfacet
  facet normal -2.8382787535733654e-16 0.8000000000117529 -0.5999999999843296
    outer loop
      vertex 1295.5864134141104 646.499999999694 192
      vertex 1298.8584094275236 665.1399578807102 216.85327717570254
      vertex 1432.1906080272688 661.073908706238 211.4318782761849
    endloop
  endfacet
  facet normal 0 0.8000000000117519 -0.5999999999843308
    outer loop
      vertex 1295.5864134141104 646.499999999694 192
      vertex 1432.1906080272688 661.073908706238 211.4318782761849
      vertex 1449.2544627128896 646.499999999694 192
    endloop
  endfacet
  facet normal -2.5099839156974695e-16 0.8000000000117532 -0.5999999999843291
    outer loop
      vertex 1298.8584094275236 665.1399578807102 216.85327717570254
      vertex 1401.4178149400957 679.9315005633246 236.57533408665984
      vertex 1432.1906080272688 661.073908706238 211.4318782761849
    endloop
  endfacet
  facet normal -4.216023662163157e-16 0.8446093243964218 -0.5353831236998602
    outer loop
      vertex 1300 684.7336636809624 243
      vertex 1383.9550258837105 687.1648246273398 246.83534914255142
      vertex 1390.0396662139935 684.6444840803742 242.85931210964918
    endloop
  endfacet
  facet normal 0 0.9179631545983515 -0.39666566123102087
    outer loop
      vertex 1299.643870669863 689.032146371901 251.1567026823759
      vertex 1379.4469124026766 689.032146371901 251.1567026823759
      vertex 1383.9550258837105 687.1648246273398 246.83534914255142
    endloop
  endfacet
  facet normal 0 0.8000000000117528 -0.5999999999843296
    outer loop
      vertex 1299.9938574340515 684.6444840803742 242.85931210964918
      vertex 1390.0396662139935 684.6444840803742 242.85931210964918
      vertex 1401.4178149400957 679.9315005633246 236.57533408665984
    endloop
  endfacet
  facet normal 0 0.9687136853981192 -0.2481809737316581
    outer loop
      vertex 1299.444765244414 690.2004696577787 255.71696666628122
      vertex 1376.6263304806744 690.2004696577787 255.71696666628122
      vertex 1379.4469124026766 689.032146371901 251.1567026823759
    endloop
  endfacet
  facet normal 0 0.9929641704267562 -0.11841518588721614
    outer loop
      vertex 1299.3054880887173 690.5808872580528 258.9069379866123
      vertex 1375.7079211507273 690.5808872580528 258.9069379866123
      vertex 1376.6263304806744 690.2004696577787 255.71696666628122
    endloop
  endfacet
  facet normal 7.103711071645443e-16 0.9978801059662481 -0.06507913733900819
    outer loop
      vertex 1375.7079211507273 690.5808872580528 258.9069379866123
      vertex 1298.8584094275236 691.2486993126166 269.14672282429746
      vertex 1295.4423259036623 692.9409426043434 295.0944533000791
    endloop
  endfacet
  facet normal -6.272977411778753e-16 0.997880105966248 -0.06507913733901025
    outer loop
      vertex 1295.4423259036623 692.9409426043434 295.0944533000791
      vertex 1289.7777478867206 694.6073291409573 320.6457135307562
      vertex 1368.073908706238 693.7429987478853 307.39264750230427
    endloop
  endfacet
  facet normal -7.285507036131308e-17 0.9978801059662482 -0.06507913733900697
    outer loop
      vertex 1289.7777478867206 694.6073291409573 320.6457135307562
      vertex 1281.9077862357726 696.2351767147229 345.6060429977006
      vertex 1368.073908706238 693.7429987478853 307.39264750230427
    endloop
  endfacet
  facet normal -5.143686058154532e-16 0.9978801059662479 -0.0650791373390109
    outer loop
      vertex 1375.7079211507273 690.5808872580528 258.9069379866123
      vertex 1295.4423259036623 692.9409426043434 295.0944533000791
      vertex 1368.073908706238 693.7429987478853 307.39264750230427
    endloop
  endfacet
  facet normal -9.922218036861855e-16 0.9978801059662481 -0.06507913733900904
    outer loop
      vertex 1281.9077862357726 696.2351767147229 345.6060429977006
      vertex 1332.9799269592531 702.1683183368817 436.58088121338335
      vertex 1368.073908706238 693.7429987478853 307.39264750230427
    endloop
  endfacet
  facet normal -1.6140238249559792e-15 0.997880105966248 -0.06507913733900658
    outer loop
      vertex 1271.892336110995 697.8120964226829 369.7854785222098
      vertex 1259.8076211353316 699.3260869536891 393
      vertex 1332.9799269592531 702.1683183368817 436.58088121338335
    endloop
  endfacet
  facet normal 4.341588053439441e-15 0.9978801059662479 -0.06507913733901202
    outer loop
      vertex 1281.9077862357726 696.2351767147229 345.6060429977006
      vertex 1271.892336110995 697.8120964226829 369.7854785222098
      vertex 1332.9799269592531 702.1683183368817 436.58088121338335
    endloop
  endfacet
  facet normal -3.7396717116714743e-16 0.9978801059662482 -0.06507913733900868
    outer loop
      vertex 1259.8076211353316 699.3260869536891 393
      vertex 1245.7456132866976 700.7656259256285 415.0729309053138
      vertex 1332.9799269592531 702.1683183368817 436.58088121338335
    endloop
  endfacet
  facet normal -2.5866189588165266e-18 0.997880105966248 -0.06507913733901019
    outer loop
      vertex 1229.8133329356933 702.119757577707 435.83628290596175
      vertex 1332.9799269592531 702.1683183368817 436.58088121338335
      vertex 1245.7456132866976 700.7656259256285 415.0729309053138
    endloop
  endfacet
  facet normal 3.539862034299214e-18 0.9978801059662479 -0.06507913733901101
    outer loop
      vertex 1229.8133329356933 702.119757577707 435.83628290596175
      vertex 1212.1320343559642 703.3781761504054 455.13203435596427
      vertex 1332.9799269592531 702.1683183368817 436.58088121338335
    endloop
  endfacet
  facet normal -9.553619666484062e-17 0.9978801059662481 -0.0650791373390063
    outer loop
      vertex 1212.1320343559642 703.3781761504054 455.13203435596427
      vertex 1192.8362829059618 704.5313043185313 472.81333293569344
      vertex 1298.0083847716396 704.920638397336 478.7831221446395
    endloop
  endfacet
  facet normal 2.2890744650121124e-19 0.9978801059662481 -0.065079137339008
    outer loop
      vertex 1192.8362829059618 704.5313043185313 472.81333293569344
      vertex 1185.0563021383496 704.920638397336 478.7831221446395
      vertex 1298.0083847716396 704.920638397336 478.7831221446395
    endloop
  endfacet
  facet normal 0 0.9996999202393315 -0.024496315508137058
    outer loop
      vertex 1185.0563021383496 704.920638397336 478.7831221446395
      vertex 1181.8814077298102 704.9803337976336 481.21930430829525
      vertex 1298.0083847716396 704.920638397336 478.7831221446395
    endloop
  endfacet
  facet normal 0 0.9998699525320676 0.01612693472179186
    outer loop
      vertex 1181.8814077298102 704.9803337976336 481.21930430829525
      vertex 1172.0729309053138 704.8589417173102 488.74561328669756
      vertex 1297.24988279365 704.9803337976336 481.21930430829525
    endloop
  endfacet
  facet normal 4.324135442727456e-16 0.9978801059662481 -0.06507913733900822
    outer loop
      vertex 1332.9799269592531 702.1683183368817 436.58088121338335
      vertex 1212.1320343559642 703.3781761504054 455.13203435596427
      vertex 1298.0083847716396 704.920638397336 478.7831221446395
    endloop
  endfacet
  facet normal 0 0.9996999202393315 -0.024496315508137058
    outer loop
      vertex 1181.8814077298102 704.9803337976336 481.21930430829525
      vertex 1297.24988279365 704.9803337976336 481.21930430829525
      vertex 1298.0083847716396 704.920638397336 478.7831221446395
    endloop
  endfacet
  facet normal 0 0.9998699525320676 0.016126934721791202
    outer loop
      vertex 818.1185922701898 704.9803337976336 481.21930430829525
      vertex 484 704.9803337976336 481.21930430829525
      vertex 484 700.042163848877 787.3858410641551
    endloop
  endfacet
  facet normal 2.751355816084804e-16 0.9998699525320676 0.016126934721791504
    outer loop
      vertex 818.1185922701898 704.9803337976336 481.21930430829525
      vertex 484 700.042163848877 787.3858410641551
      vertex 827.9270690946862 704.8589417173102 488.74561328669756
    endloop
  endfacet
  facet normal -9.909853765306355e-17 0.9998699525320677 0.016126934721791074
    outer loop
      vertex 827.9270690946862 704.8589417173102 488.74561328669756
      vertex 484 700.042163848877 787.3858410641551
      vertex 850 704.6321351390568 502.8076211353316
    endloop
  endfacet
  facet normal 1.6108726355191718e-15 0.9998699525320676 0.01612693472179327
    outer loop
      vertex 850 704.6321351390568 502.8076211353316
      vertex 484 700.042163848877 787.3858410641551
      vertex 873.2145214777902 704.4372203813421 514.892336110995
    endloop
  endfacet
  facet normal -3.4827010487302013e-16 0.9998699525320676 0.016126934721790477
    outer loop
      vertex 873.2145214777902 704.4372203813421 514.892336110995
      vertex 484 700.042163848877 787.3858410641551
      vertex 897.3939570022994 704.2756808631651 524.9077862357725
    endloop
  endfacet
  facet normal 0 0.9107879821060716 0.4128743775667731
    outer loop
      vertex -469.5563883957634 678.4307554811239 900.2042606621981
      vertex 379.38367702364656 676.4871304631233 904.4918367490172
      vertex 470 678.4307554811239 900.2042606621981
    endloop
  endfacet
  facet normal 0 0.9641624531553437 0.2653125777747249
    outer loop
      vertex -469.5563883957634 678.4307554811239 900.2042606621981
      vertex 470 678.4307554811239 900.2042606621981
      vertex 470 679.6797265782952 895.6654218062758
    endloop
  endfacet
  facet normal 0 0.9107879821060716 0.412874377566773
    outer loop
      vertex 379.38367702364656 676.4871304631233 904.4918367490172
      vertex 470 676.4871304631233 904.4918367490172
      vertex 470 678.4307554811239 900.2042606621981
    endloop
  endfacet
  facet normal 0 0.8349868883478793 0.550269839521599
    outer loop
      vertex 379.38367702364656 676.4871304631233 904.4918367490172
      vertex 470 676.185526323007 904.9494949457439
      vertex 470 676.4871304631233 904.4918367490172
    endloop
  endfacet
  facet normal 0 0.9641624531553438 0.265312577774725
    outer loop
      vertex 562.0604286000361 678.4307554811239 900.2042606621981
      vertex 484 679.6797265782952 895.6654218062758
      vertex 484 678.4307554811239 900.2042606621981
    endloop
  endfacet
  facet normal 0 0.9107879821060716 0.41287437756677303
    outer loop
      vertex 488.69523778216194 676.4871304631233 904.4918367490172
      vertex 484 678.4307554811239 900.2042606621981
      vertex 484 676.4871304631233 904.4918367490172
    endloop
  endfacet
  facet normal 0 0.8349868883477269 0.5502698395218298
    outer loop
      vertex 488.69523778216194 676.4871304631233 904.4918367490172
      vertex 484 676.4871304631233 904.4918367490172
      vertex 484 676.3062984015044 904.7662337622643
    endloop
  endfacet
  facet normal -9.06371006067442e-19 0.9107879821060715 0.41287437756677303
    outer loop
      vertex 488.69523778216194 676.4871304631233 904.4918367490172
      vertex 562.0604286000361 678.4307554811239 900.2042606621981
      vertex 484 678.4307554811239 900.2042606621981
    endloop
  endfacet
  facet normal -7.572291651232897e-20 0.9641624531553439 0.265312577774725
    outer loop
      vertex 562.0604286000361 678.4307554811239 900.2042606621981
      vertex 639.725004578058 679.6797265782952 895.6654218062758
      vertex 484 679.6797265782952 895.6654218062758
    endloop
  endfacet
  facet normal -2.6777693378184236e-15 0.9998699525320677 0.016126934721786806
    outer loop
      vertex 897.3939570022994 704.2756808631651 524.9077862357725
      vertex 484 700.042163848877 787.3858410641551
      vertex 922.3542864692438 704.1487459977996 532.7777478867205
    endloop
  endfacet
  facet normal 2.2666273114509617e-15 0.9998699525320676 0.016126934721795317
    outer loop
      vertex 922.3542864692438 704.1487459977996 532.7777478867205
      vertex 484 700.042163848877 787.3858410641551
      vertex 947.9055466999209 704.0573818362159 538.4423259036623
    endloop
  endfacet
  facet normal -1.8618696177835557e-15 0.9998699525320677 0.016126934721787625
    outer loop
      vertex 947.9055466999209 704.0573818362159 538.4423259036623
      vertex 484 700.042163848877 787.3858410641551
      vertex 973.8532771757026 704.0022837148513 541.8584094275236
    endloop
  endfacet
  facet normal 1.848886556800282e-15 0.9998699525320675 0.016126934721795026
    outer loop
      vertex 973.8532771757026 704.0022837148513 541.8584094275236
      vertex 484 700.042163848877 787.3858410641551
      vertex 1000 703.9838709636782 543
    endloop
  endfacet
  facet normal -1.8116624247823666e-15 0.9998699525320675 0.01612693472179588
    outer loop
      vertex 1000 703.9838709636782 543
      vertex 1332.9799269592531 702.1683183368817 655.5642628367337
      vertex 1026.1467228242975 704.0022837148513 541.8584094275236
    endloop
  endfacet
  facet normal 1.7008357557475731e-15 0.9998699525320676 0.0161269347217864
    outer loop
      vertex 1026.1467228242975 704.0022837148513 541.8584094275236
      vertex 1332.9799269592531 702.1683183368817 655.5642628367337
      vertex 1052.094453300079 704.0573818362159 538.4423259036623
    endloop
  endfacet
  facet normal -1.1881951977665224e-16 0.9998699525320677 0.016126934721790876
    outer loop
      vertex 1000 703.9838709636782 543
      vertex 484 700.042163848877 787.3858410641551
      vertex 1332.9799269592531 702.1683183368817 655.5642628367337
    endloop
  endfacet
  facet normal -3.5075977550532037e-17 0.9998699525320676 0.016126934721790862
    outer loop
      vertex 1172.0729309053138 704.8589417173102 488.74561328669756
      vertex 1150 704.6321351390568 502.8076211353316
      vertex 1332.9799269592531 702.1683183368817 655.5642628367337
    endloop
  endfacet
  facet normal -1.7772828270870142e-15 0.9998699525320676 0.01612693472179295
    outer loop
      vertex 1126.7854785222098 704.4372203813421 514.892336110995
      vertex 1332.9799269592531 702.1683183368817 655.5642628367337
      vertex 1150 704.6321351390568 502.8076211353316
    endloop
  endfacet
  facet normal -2.180045977709354e-15 0.9998699525320676 0.01612693472179571
    outer loop
      vertex 1077.6457135307562 704.1487459977996 532.7777478867205
      vertex 1052.094453300079 704.0573818362159 538.4423259036623
      vertex 1332.9799269592531 702.1683183368817 655.5642628367337
    endloop
  endfacet
  facet normal 1.8330056417276277e-16 0.9998699525320676 0.016126934721790078
    outer loop
      vertex 1102.6060429977006 704.2756808631651 524.9077862357725
      vertex 1332.9799269592531 702.1683183368817 655.5642628367337
      vertex 1126.7854785222098 704.4372203813421 514.892336110995
    endloop
  endfacet
  facet normal 2.4495262433503397e-15 0.9998699525320676 0.016126934721786085
    outer loop
      vertex 1077.6457135307562 704.1487459977996 532.7777478867205
      vertex 1332.9799269592531 702.1683183368817 655.5642628367337
      vertex 1102.6060429977006 704.2756808631651 524.9077862357725
    endloop
  endfacet
  facet normal -5.868603627054461e-17 0.9998699525320677 0.01612693472179089
    outer loop
      vertex 1172.0729309053138 704.8589417173102 488.74561328669756
      vertex 1332.9799269592531 702.1683183368817 655.5642628367337
      vertex 1297.24988279365 704.9803337976336 481.21930430829525
    endloop
  endfacet
  facet normal 0 0.9955223824593262 0.09452611291334757
    outer loop
      vertex 1341.8359977593161 700.042163848877 787.3858410641551
      vertex 484 700.042163848877 787.3858410641551
      vertex 484 699.5971778482199 792.0723082199693
    endloop
  endfacet
  facet normal 0 0.9835563869075226 0.18060131166029741
    outer loop
      vertex 1343.6894978455464 699.5971778482199 792.0723082199693
      vertex 484 699.5971778482199 792.0723082199693
      vertex 484 699.5062586814165 792.567454829812
    endloop
  endfacet
  facet normal 3.76245993246089e-20 0.9998699525320676 0.01612693472179164
    outer loop
      vertex 1332.9799269592531 702.1683183368817 655.5642628367337
      vertex 484 700.042163848877 787.3858410641551
      vertex 1341.8359977593161 700.042163848877 787.3858410641551
    endloop
  endfacet
  facet normal 5.486609551455408e-20 0.9955223824593263 0.09452611291334759
    outer loop
      vertex 1341.8359977593161 700.042163848877 787.3858410641551
      vertex 484 699.5971778482199 792.0723082199693
      vertex 1343.6894978455464 699.5971778482199 792.0723082199693
    endloop
  endfacet
  facet normal 0 0.9835563869075225 0.18060131166029741
    outer loop
      vertex 1343.6894978455464 699.5971778482199 792.0723082199693
      vertex 484 699.5062586814165 792.567454829812
      vertex 1344.0682034301292 699.5062586814165 792.567454829812
    endloop
  endfacet
  facet normal 0 0.9820064469943143 0.18884739357905658
    outer loop
      vertex 1344.0682034301292 699.5062586814165 792.567454829812
      vertex 484 699.5062586814165 792.567454829812
      vertex 484 679.6797265782952 895.6654218062758
    endloop
  endfacet
  facet normal 0 0.9820064469943144 0.18884739357905625
    outer loop
      vertex 639.725004578058 679.6797265782952 895.6654218062758
      vertex 1246.5134788379073 686.4992773603685 860.203757725656
      vertex 484 679.6797265782952 895.6654218062758
    endloop
  endfacet
  facet normal -1.3405835819017586e-16 0.9820064469943145 0.1888473935790555
    outer loop
      vertex 1344.0682034301292 699.5062586814165 792.567454829812
      vertex 484 679.6797265782952 895.6654218062758
      vertex 1253.3984537050128 686.6932494105769 859.1951030641794
    endloop
  endfacet
  facet normal -6.862215507793393e-14 0.982006446994588 0.18884739357763342
    outer loop
      vertex 1246.5134788379073 686.4992773603685 860.203757725656
      vertex 1247.196024991572 686.5080751621095 860.1580091565847
      vertex 484 679.6797265782952 895.6654218062758
    endloop
  endfacet
  facet normal 6.688978509543313e-15 0.9820064469942877 0.18884739357919436
    outer loop
      vertex 1247.196024991572 686.5080751621095 860.1580091565847
      vertex 1253.3984537050128 686.6932494105769 859.1951030641794
      vertex 484 679.6797265782952 895.6654218062758
    endloop
  endfacet
  facet normal 4.357821810197205e-16 0.9820064469943142 0.1888473935790565
    outer loop
      vertex 1253.3984537050128 686.6932494105769 859.1951030641794
      vertex 1372.0470175350051 692.0972831862256 831.0941274198397
      vertex 1368.073908706238 693.7429987478853 822.5364064958696
    endloop
  endfacet
  facet normal 2.8052778542344855e-16 0.9820064469943143 0.18884739357905603
    outer loop
      vertex 1344.0682034301292 699.5062586814165 792.567454829812
      vertex 1253.3984537050128 686.6932494105769 859.1951030641794
      vertex 1368.073908706238 693.7429987478853 822.5364064958696
    endloop
  endfacet
  facet normal -1.6631841673632827e-14 -0.796545765512517 -0.6045782359993437
    outer loop
      vertex -1507.8749151155353 -650.7456388426995 187.3723831921816
      vertex -1503.9290794953704 -647.0406853629944 182.4910215586424
      vertex -1509.6182227579982 -654.2579999996904 192
    endloop
  endfacet
  facet normal 7.125105859438961e-14 -0.7965457655125432 -0.6045782359993093
    outer loop
      vertex -1509.6182227579982 -654.2579999996904 192
      vertex -1503.9290794953704 -647.0406853629944 182.4910215586424
      vertex -1503.3846961537333 -646.668 182
    endloop
  endfacet
  facet normal 6.277093645898736e-15 -0.7965457655125213 -0.6045782359993381
    outer loop
      vertex -1507.8749151155353 -650.7456388426995 187.3723831921816
      vertex -1509.6182227579982 -654.2579999996904 192
      vertex -1510.0278160815471 -653.5815836969473 191.10880592520334
    endloop
  endfacet
  facet normal 0 -0.7965457655125212 -0.6045782359993385
    outer loop
      vertex -1509.6182227579982 -654.2579999996904 192
      vertex -1503.3846961537333 -646.668 182
      vertex -1331.5864134141104 -654.2579999996904 192
    endloop
  endfacet
  facet normal 0 -0.5049997195780795 -0.8631195069201373
    outer loop
      vertex -1494.9302735448994 -639.8502070949971 175.4645748436451
      vertex -1494.0070740804076 -638.8235675969513 174.86390175670385
      vertex -1328.0191448571063 -639.8502070949971 175.4645748436451
    endloop
  endfacet
  facet normal 4.440768209874301e-16 -0.504999719578026 -0.8631195069201687
    outer loop
      vertex -1494.0070740804076 -638.8235675969513 174.86390175670385
      vertex -1489.9785866778952 -635.7508755156398 173.066110573709
      vertex -1328.0191448571063 -639.8502070949971 175.4645748436451
    endloop
  endfacet
  facet normal 1.9917287533664542e-19 -0.7465321239534553 -0.665349372815172
    outer loop
      vertex -1499.4679498368855 -643.5193642049134 178.4671827107668
      vertex -1329.4680137323724 -646.668 182
      vertex -1503.3846961537333 -646.668 182
    endloop
  endfacet
  facet normal 5.307093802026799e-20 -0.6333098323731116 -0.773898350056092
    outer loop
      vertex -1499.2682104632258 -643.299209937983 178.28702227771282
      vertex -1328.6848069952568 -643.5193642049134 178.4671827107668
      vertex -1499.4679498368855 -643.5193642049134 178.4671827107668
    endloop
  endfacet
  facet normal 2.7489306920785266e-16 -0.6333098323729842 -0.773898350056196
    outer loop
      vertex -1494.9302735448994 -639.8502070949971 175.4645748436451
      vertex -1328.6848069952568 -643.5193642049134 178.4671827107668
      vertex -1499.2682104632258 -643.299209937983 178.28702227771282
    endloop
  endfacet
  facet normal -3.389427893310154e-20 -0.3648268712227739 -0.9310753750549959
    outer loop
      vertex -1488.2752169966698 -633.8108646109756 172.30594858527184
      vertex -1327.4874181299217 -635.7508755156398 173.066110573709
      vertex -1489.9785866778952 -635.7508755156398 173.066110573709
    endloop
  endfacet
  facet normal -3.2389470696116116e-17 -0.36482687122277624 -0.931075375054995
    outer loop
      vertex -1488.2752169966698 -633.8108646109756 172.30594858527184
      vertex -1487.1373543569805 -633.0300526252116 172
      vertex -1327.4874181299217 -635.7508755156398 173.066110573709
    endloop
  endfacet
  facet normal 0 -0.7965457655125201 -0.6045782359993398
    outer loop
      vertex -1503.3846961537333 -646.668 182
      vertex -1329.4680137323724 -646.668 182
      vertex -1331.4423259036623 -653.4273099449642 190.9055466999209
    endloop
  endfacet
  facet normal -1.0156601225411269e-15 -0.7965457655125294 -0.6045782359993276
    outer loop
      vertex -1503.3846961537333 -646.668 182
      vertex -1331.4423259036623 -653.4273099449642 190.9055466999209
      vertex -1331.5864134141104 -654.2579999996904 192
    endloop
  endfacet
  facet normal 0 -0.6333098323729917 -0.77389835005619
    outer loop
      vertex -1494.9302735448994 -639.8502070949971 175.4645748436451
      vertex -1328.0191448571063 -639.8502070949971 175.4645748436451
      vertex -1328.6848069952568 -643.5193642049134 178.4671827107668
    endloop
  endfacet
  facet normal 0 -0.7465321239534553 -0.6653493728151721
    outer loop
      vertex -1499.4679498368855 -643.5193642049134 178.4671827107668
      vertex -1328.6848069952568 -643.5193642049134 178.4671827107668
      vertex -1329.4680137323724 -646.668 182
    endloop
  endfacet
  facet normal 0 -0.5049997195780391 -0.8631195069201609
    outer loop
      vertex -1489.9785866778952 -635.7508755156398 173.066110573709
      vertex -1327.4874181299217 -635.7508755156398 173.066110573709
      vertex -1328.0191448571063 -639.8502070949971 175.4645748436451
    endloop
  endfacet
  facet normal 0 -0.3648268712227746 -0.9310753750549957
    outer loop
      vertex -1487.1373543569805 -633.0300526252116 172
      vertex -1327.251067105943 -633.0300526252116 172
      vertex -1327.4874181299217 -635.7508755156398 173.066110573709
    endloop
  endfacet
  facet normal 6.266404221290545e-17 -0.7965457655125296 -0.6045782359993271
    outer loop
      vertex -740.5576740963377 -653.4273099449642 190.9055466999209
      vertex 704.5576740963377 -653.4273099449641 190.9055466999209
      vertex -740.4135865858894 -654.2579999996904 192
    endloop
  endfacet
  facet normal 6.26640422129047e-17 -0.79654576551252 -0.6045782359993398
    outer loop
      vertex -740.5576740963377 -653.4273099449642 190.9055466999209
      vertex -742.5319862676275 -646.668 182
      vertex 704.5576740963377 -653.4273099449641 190.9055466999209
    endloop
  endfacet
  facet normal 0 -0.5049997195780392 -0.863119506920161
    outer loop
      vertex -743.9808551428938 -639.8502070949971 175.4645748436451
      vertex -744.5125818700784 -635.7508755156398 173.066110573709
      vertex 707.9808551428938 -639.8502070949971 175.4645748436451
    endloop
  endfacet
  facet normal -1.7012741752803845e-20 -0.6333098323729917 -0.77389835005619
    outer loop
      vertex -743.9808551428938 -639.8502070949971 175.4645748436451
      vertex 707.3151930047433 -643.5193642049134 178.4671827107668
      vertex -743.3151930047433 -643.5193642049134 178.4671827107668
    endloop
  endfacet
  facet normal 2.3904731856846934e-20 -0.7465321239534553 -0.6653493728151721
    outer loop
      vertex -743.3151930047433 -643.5193642049134 178.4671827107668
      vertex 706.5319862676275 -646.668 182
      vertex -742.5319862676275 -646.668 182
    endloop
  endfacet
  facet normal 0 -0.36482687122277463 -0.9310753750549958
    outer loop
      vertex -744.5125818700784 -635.7508755156398 173.066110573709
      vertex -744.7489328940569 -633.0300526252116 172
      vertex 708.5125818700784 -635.7508755156398 173.066110573709
    endloop
  endfacet
  facet normal -5.475709945588566e-16 0.37880014520791305 -0.9254784978541987
    outer loop
      vertex -1487.1373543569807 633.0607859314928 172
      vertex -1488.2752169966698 633.8082746552961 172.30594858527184
      vertex -1490.435023178158 636.1631515701413 173.26980427652597
    endloop
  endfacet
  facet normal -2.0413079912977177e-19 0.37880014520791355 -0.9254784978541984
    outer loop
      vertex -1487.1373543569807 633.0607859314928 172
      vertex -1490.435023178158 636.1631515701413 173.26980427652597
      vertex -1327.5325759366501 636.1631515701413 173.26980427652597
    endloop
  endfacet
  facet normal 2.6457570810774943e-17 0.5179724643999452 -0.855397291393565
    outer loop
      vertex -1494.0070740804076 638.7956982024051 174.86390175670385
      vertex -1495.3374329320263 640.2251602562964 175.72949016839266
      vertex -1327.5325759366501 636.1631515701413 173.26980427652597
    endloop
  endfacet
  facet normal -1.3466523941935815e-19 0.5179724643999439 -0.8553972913935657
    outer loop
      vertex -1494.0070740804076 638.7956982024051 174.86390175670385
      vertex -1327.5325759366501 636.1631515701413 173.26980427652597
      vertex -1490.435023178158 636.1631515701413 173.26980427652597
    endloop
  endfacet
  facet normal 0 0.7515690788634145 -0.6596543941310468
    outer loop
      vertex -1499.8222977336504 643.8477618788779 178.78679656237364
      vertex -1503.3846961537336 646.668 182
      vertex -1328.7556636802647 643.8477618788779 178.78679656237364
    endloop
  endfacet
  facet normal 0 0.6449616651001848 -0.7642149243185433
    outer loop
      vertex -1495.3374329320263 640.2251602562964 175.72949016839266
      vertex -1499.2682104632258 643.2555794472769 178.28702227771282
      vertex -1328.0778751706553 640.2251602562964 175.72949016839266
    endloop
  endfacet
  facet normal -1.7567136310093432e-15 0.6449616651001269 -0.7642149243185924
    outer loop
      vertex -1499.2682104632258 643.2555794472769 178.28702227771282
      vertex -1499.8222977336504 643.8477618788779 178.78679656237364
      vertex -1328.0778751706553 640.2251602562964 175.72949016839266
    endloop
  endfacet
  facet normal 0 0.7965457655125044 -0.6045782359993604
    outer loop
      vertex -1503.3846961537336 646.668 182
      vertex -1503.9290794953704 647.0406853629944 182.4910215586424
      vertex -1329.4680137323726 646.668 182
    endloop
  endfacet
  facet normal 1.1295075181613148e-16 0.7965457655125238 -0.604578235999335
    outer loop
      vertex -1503.9290794953704 647.0406853629944 182.4910215586424
      vertex -1507.8749151155353 650.7456388426995 187.3723831921816
      vertex -1329.4680137323726 646.668 182
    endloop
  endfacet
  facet normal -4.284993007038751e-16 0.7965457655125151 -0.6045782359993463
    outer loop
      vertex -1507.8749151155353 650.7456388426995 187.3723831921816
      vertex -1510.0278160815471 653.5815836969473 191.10880592520328
      vertex -1329.4680137323726 646.668 182
    endloop
  endfacet
  facet normal 1.4782874122807014e-16 0.7965457655125412 -0.6045782359993119
    outer loop
      vertex -1510.0278160815471 653.5815836969473 191.10880592520328
      vertex -1509.6182227579982 654.2579999996904 192
      vertex -1331.4423259036623 653.4273099449642 190.9055466999209
    endloop
  endfacet
  facet normal 0 0.6449616651001755 -0.7642149243185513
    outer loop
      vertex -1499.8222977336504 643.8477618788779 178.78679656237364
      vertex -1328.7556636802647 643.8477618788779 178.78679656237364
      vertex -1328.0778751706553 640.2251602562964 175.72949016839266
    endloop
  endfacet
  facet normal 0 0.7515690788634145 -0.6596543941310469
    outer loop
      vertex -1503.3846961537336 646.668 182
      vertex -1329.4680137323726 646.668 182
      vertex -1328.7556636802647 643.8477618788779 178.78679656237364
    endloop
  endfacet
  facet normal 9.786328140273407e-17 0.7965457655125201 -0.6045782359993397
    outer loop
      vertex -1510.0278160815471 653.5815836969473 191.10880592520328
      vertex -1331.4423259036623 653.4273099449642 190.9055466999209
      vertex -1329.4680137323726 646.668 182
    endloop
  endfacet
  facet normal 0 0.7965457655125296 -0.6045782359993273
    outer loop
      vertex -1509.6182227579982 654.2579999996904 192
      vertex -1331.5864134141104 654.2579999996904 192
      vertex -1331.4423259036623 653.4273099449642 190.9055466999209
    endloop
  endfacet
  facet normal 0 0.37880014520791355 -0.9254784978541984
    outer loop
      vertex -1487.1373543569807 633.0607859314928 172
      vertex -1327.5325759366501 636.1631515701413 173.26980427652597
      vertex -1327.251067105943 633.0607859314928 172
    endloop
  endfacet
  facet normal 0 0.5179724643999444 -0.8553972913935655
    outer loop
      vertex -1495.3374329320263 640.2251602562964 175.72949016839266
      vertex -1328.0778751706553 640.2251602562964 175.72949016839266
      vertex -1327.5325759366501 636.1631515701413 173.26980427652597
    endloop
  endfacet
  facet normal 0 0.3788001452079135 -0.9254784978541984
    outer loop
      vertex -744.7489328940569 633.0607859314928 172
      vertex -744.4674240633499 636.1631515701413 173.26980427652597
      vertex 708.7489328940569 633.0607859314928 172
    endloop
  endfacet
  facet normal 0 0.5179724643999444 -0.8553972913935654
    outer loop
      vertex -744.4674240633499 636.1631515701413 173.26980427652597
      vertex -743.922124829345 640.2251602562964 175.72949016839266
      vertex 708.46742406335 636.1631515701413 173.26980427652597
    endloop
  endfacet
  facet normal 0 0.6449616651001755 -0.7642149243185513
    outer loop
      vertex -743.922124829345 640.2251602562964 175.72949016839266
      vertex -743.2443363197352 643.8477618788779 178.78679656237364
      vertex 707.922124829345 640.2251602562964 175.72949016839266
    endloop
  endfacet
  facet normal 0 0.7515690788634145 -0.6596543941310469
    outer loop
      vertex -743.2443363197352 643.8477618788779 178.78679656237364
      vertex -742.5319862676275 646.668 182
      vertex 707.2443363197352 643.8477618788779 178.78679656237364
    endloop
  endfacet
  facet normal 0 0.7965457655125201 -0.6045782359993397
    outer loop
      vertex -742.5319862676275 646.668 182
      vertex -740.5576740963377 653.4273099449642 190.9055466999209
      vertex 706.5319862676275 646.668 182
    endloop
  endfacet
  facet normal 0 0.7965457655125296 -0.6045782359993271
    outer loop
      vertex -740.5576740963377 653.4273099449642 190.9055466999209
      vertex -740.4135865858894 654.2579999996904 192
      vertex 704.5576740963377 653.4273099449642 190.9055466999209
    endloop
  endfacet
  facet normal 0 -0.796545765512525 -0.6045782359993334
    outer loop
      vertex -742.5319862676275 -646.668 182
      vertex 706.5319862676275 -646.668 182
      vertex 704.5576740963377 -653.4273099449641 190.9055466999209
    endloop
  endfacet
  facet normal 6.267654074007152e-17 -0.7965457655125296 -0.6045782359993273
    outer loop
      vertex -740.4135865858894 -654.2579999996904 192
      vertex 704.5576740963377 -653.4273099449641 190.9055466999209
      vertex 704.4135865858894 -654.2579999996902 192
    endloop
  endfacet
  facet normal 0 -0.5049997195780392 -0.863119506920161
    outer loop
      vertex -744.5125818700784 -635.7508755156398 173.066110573709
      vertex 708.5125818700784 -635.7508755156398 173.066110573709
      vertex 707.9808551428938 -639.8502070949971 175.4645748436451
    endloop
  endfacet
  facet normal 0 -0.6333098323729917 -0.77389835005619
    outer loop
      vertex -743.9808551428938 -639.8502070949971 175.4645748436451
      vertex 707.9808551428938 -639.8502070949971 175.4645748436451
      vertex 707.3151930047433 -643.5193642049134 178.4671827107668
    endloop
  endfacet
  facet normal 0 -0.7465321239534553 -0.6653493728151721
    outer loop
      vertex -743.3151930047433 -643.5193642049134 178.4671827107668
      vertex 707.3151930047433 -643.5193642049134 178.4671827107668
      vertex 706.5319862676275 -646.668 182
    endloop
  endfacet
  facet normal -2.853531077095935e-17 -0.36482687122278784 -0.9310753750549906
    outer loop
      vertex -744.7489328940569 -633.0300526252116 172
      vertex 708.7489328940569 -633.0300526252117 172
      vertex 708.5125818700784 -635.7508755156398 173.066110573709
    endloop
  endfacet
  facet normal -2.1377877117116942e-19 -0.7965457655125295 -0.6045782359993273
    outer loop
      vertex 1295.4423259036623 -653.4273099449641 190.9055466999209
      vertex 1449.2544627128896 -654.2579999996902 192
      vertex 1295.5864134141104 -654.2579999996902 192
    endloop
  endfacet
  facet normal 6.875134732767298e-17 -0.7965457655125249 -0.6045782359993334
    outer loop
      vertex 1295.4423259036623 -653.4273099449641 190.9055466999209
      vertex 1293.4680137323726 -646.668 182
      vertex 1449.2544627128896 -654.2579999996902 192
    endloop
  endfacet
  facet normal 0 -0.5049997195780391 -0.863119506920161
    outer loop
      vertex 1292.0191448571063 -639.8502070949971 175.4645748436451
      vertex 1291.4874181299217 -635.7508755156398 173.066110573709
      vertex 1464.2222619185604 -639.8502070949971 175.4645748436451
    endloop
  endfacet
  facet normal -1.46515521520458e-19 -0.6333098323729917 -0.7738983500561899
    outer loop
      vertex 1292.0191448571063 -639.8502070949971 175.4645748436451
      vertex 1461.1256648637084 -643.5193642049134 178.4671827107668
      vertex 1292.6848069952566 -643.5193642049134 178.4671827107668
    endloop
  endfacet
  facet normal 2.104876005166633e-19 -0.7465321239534553 -0.6653493728151721
    outer loop
      vertex 1292.6848069952566 -643.5193642049134 178.4671827107668
      vertex 1458.0358344583751 -646.668 182
      vertex 1293.4680137323726 -646.668 182
    endloop
  endfacet
  facet normal 0 -0.36482687122278784 -0.9310753750549905
    outer loop
      vertex 1291.4874181299217 -635.7508755156398 173.066110573709
      vertex 1291.251067105943 -633.0300526252117 172
      vertex 1467.6819061134613 -635.7508755156398 173.066110573709
    endloop
  endfacet
  facet normal 0 -0.7965457655125255 -0.6045782359993327
    outer loop
      vertex 1293.4680137323726 -646.668 182
      vertex 1458.0358344583751 -646.668 182
      vertex 1449.2544627128896 -654.2579999996902 192
    endloop
  endfacet
  facet normal 0 -0.6333098323729915 -0.7738983500561899
    outer loop
      vertex 1292.0191448571063 -639.8502070949971 175.4645748436451
      vertex 1464.2222619185604 -639.8502070949971 175.4645748436451
      vertex 1461.1256648637084 -643.5193642049134 178.4671827107668
    endloop
  endfacet
  facet normal 0 -0.7465321239534636 -0.6653493728151628
    outer loop
      vertex 1292.6848069952566 -643.5193642049134 178.4671827107668
      vertex 1461.1256648637084 -643.5193642049134 178.4671827107668
      vertex 1459.6345596729059 -645.2861743889807 180.44957063089615
    endloop
  endfacet
  facet normal 4.473210372516749e-16 -0.7465321239534448 -0.6653493728151838
    outer loop
      vertex 1292.6848069952566 -643.5193642049134 178.4671827107668
      vertex 1459.6345596729059 -645.2861743889807 180.44957063089615
      vertex 1458.0358344583751 -646.668 182
    endloop
  endfacet
  facet normal 0 -0.5049997195780392 -0.8631195069201609
    outer loop
      vertex 1291.4874181299217 -635.7508755156398 173.066110573709
      vertex 1467.6819061134613 -635.7508755156398 173.066110573709
      vertex 1464.2222619185604 -639.8502070949971 175.4645748436451
    endloop
  endfacet
  facet normal 0 -0.3648268712227878 -0.9310753750549905
    outer loop
      vertex 1291.251067105943 -633.0300526252117 172
      vertex 1469.9781534250044 -633.0300526252117 172
      vertex 1467.6819061134613 -635.7508755156398 173.066110573709
    endloop
  endfacet
  facet normal 0 0.3788001452079135 -0.9254784978541984
    outer loop
      vertex -744.4674240633499 636.1631515701413 173.26980427652597
      vertex 708.46742406335 636.1631515701413 173.26980427652597
      vertex 708.7489328940569 633.0607859314928 172
    endloop
  endfacet
  facet normal 0 0.5179724643999444 -0.8553972913935655
    outer loop
      vertex -743.922124829345 640.2251602562964 175.72949016839266
      vertex 707.922124829345 640.2251602562964 175.72949016839266
      vertex 708.46742406335 636.1631515701413 173.26980427652597
    endloop
  endfacet
  facet normal 0 0.6449616651001756 -0.7642149243185513
    outer loop
      vertex -743.2443363197352 643.8477618788779 178.78679656237364
      vertex 707.2443363197352 643.8477618788779 178.78679656237364
      vertex 707.922124829345 640.2251602562964 175.72949016839266
    endloop
  endfacet
  facet normal 0 0.7515690788634145 -0.6596543941310469
    outer loop
      vertex -742.5319862676275 646.668 182
      vertex 706.5319862676275 646.668 182
      vertex 707.2443363197352 643.8477618788779 178.78679656237364
    endloop
  endfacet
  facet normal 0 0.79654576551252 -0.6045782359993398
    outer loop
      vertex -740.5576740963377 653.4273099449642 190.9055466999209
      vertex 704.5576740963377 653.4273099449642 190.9055466999209
      vertex 706.5319862676275 646.668 182
    endloop
  endfacet
  facet normal 0 0.7965457655125296 -0.6045782359993273
    outer loop
      vertex -740.4135865858894 654.2579999996904 192
      vertex 704.4135865858894 654.2579999996904 192
      vertex 704.5576740963377 653.4273099449642 190.9055466999209
    endloop
  endfacet
  facet normal -1.8915326566241754e-19 0.37880014520791355 -0.9254784978541986
    outer loop
      vertex 1291.251067105943 633.0607859314928 172
      vertex 1291.5325759366501 636.1631515701413 173.26980427652597
      vertex 1467.3339643988083 636.1631515701413 173.26980427652597
    endloop
  endfacet
  facet normal 0 0.5179724643999444 -0.8553972913935655
    outer loop
      vertex 1291.5325759366501 636.1631515701413 173.26980427652597
      vertex 1292.077875170655 640.2251602562964 175.72949016839266
      vertex 1467.3339643988083 636.1631515701413 173.26980427652597
    endloop
  endfacet
  facet normal 0 0.6449616651001755 -0.7642149243185513
    outer loop
      vertex 1292.077875170655 640.2251602562964 175.72949016839266
      vertex 1292.755663680265 643.8477618788779 178.78679656237364
      vertex 1463.9058189807945 640.2251602562964 175.72949016839266
    endloop
  endfacet
  facet normal 2.0442187226313836e-16 0.7515690788634145 -0.6596543941310469
    outer loop
      vertex 1292.755663680265 643.8477618788779 178.78679656237364
      vertex 1293.4680137323724 646.668 182
      vertex 1459.6345596729059 645.2861743889807 180.4256340731397
    endloop
  endfacet
  facet normal 0 0.79654576551252 -0.6045782359993398
    outer loop
      vertex 1293.4680137323724 646.668 182
      vertex 1295.4423259036623 653.4273099449642 190.9055466999209
      vertex 1458.0358344583751 646.668 182
    endloop
  endfacet
  facet normal 2.1377877117116942e-19 0.7965457655125295 -0.6045782359993271
    outer loop
      vertex 1295.4423259036623 653.4273099449642 190.9055466999209
      vertex 1295.5864134141104 654.2579999996904 192
      vertex 1449.2544627128896 654.2579999996904 192
    endloop
  endfacet
  facet normal 0 0.6449616651001755 -0.7642149243185513
    outer loop
      vertex 1292.755663680265 643.8477618788779 178.78679656237364
      vertex 1460.8485125806212 643.8477618788779 178.78679656237364
      vertex 1463.9058189807945 640.2251602562964 175.72949016839266
    endloop
  endfacet
  facet normal 0 0.7515690788634248 -0.6596543941310352
    outer loop
      vertex 1292.755663680265 643.8477618788779 178.78679656237364
      vertex 1459.6345596729059 645.2861743889807 180.4256340731397
      vertex 1460.8485125806212 643.8477618788779 178.78679656237364
    endloop
  endfacet
  facet normal 0 0.7515690788634037 -0.6596543941310591
    outer loop
      vertex 1293.4680137323724 646.668 182
      vertex 1458.0358344583751 646.668 182
      vertex 1459.6345596729059 645.2861743889807 180.4256340731397
    endloop
  endfacet
  facet normal 0 0.3788001452079135 -0.9254784978541983
    outer loop
      vertex 1291.251067105943 633.0607859314928 172
      vertex 1467.3339643988083 636.1631515701413 173.26980427652597
      vertex 1469.9522159513926 633.0607859314928 172
    endloop
  endfacet
  facet normal 0 0.5179724643999443 -0.8553972913935655
    outer loop
      vertex 1292.077875170655 640.2251602562964 175.72949016839266
      vertex 1463.9058189807945 640.2251602562964 175.72949016839266
      vertex 1467.3339643988083 636.1631515701413 173.26980427652597
    endloop
  endfacet
  facet normal 1.248126561825117e-16 0.7965457655125211 -0.6045782359993382
    outer loop
      vertex 1295.4423259036623 653.4273099449642 190.9055466999209
      vertex 1449.2544627128896 654.2579999996904 192
      vertex 1458.0358344583751 646.668 182
    endloop
  endfacet
  facet normal 5.918010496554414e-19 -0.21783277746445412 -0.9759861070026158
    outer loop
      vertex 470 -626.6735523772836 171.6639273133278
      vertex 484 -628.1793049869368 172
      vertex 470 -628.1793049869368 172
    endloop
  endfacet
  facet normal 0 -0.07061022643251866 -0.9975039829109199
    outer loop
      vertex 470 -626.6735523772836 171.6639273133278
      vertex 470 -624.2422210313492 171.4918208758498
      vertex 484 -626.6735523772836 171.6639273133278
    endloop
  endfacet
  facet normal 0 -0.21783277746445412 -0.9759861070026158
    outer loop
      vertex 470 -626.6735523772836 171.6639273133278
      vertex 484 -626.6735523772836 171.6639273133278
      vertex 484 -628.1793049869368 172
    endloop
  endfacet
  facet normal -7.766425034119143e-19 -0.07061022643251866 -0.9975039829109199
    outer loop
      vertex 484 -626.6735523772836 171.6639273133278
      vertex 470 -624.2422210313492 171.4918208758498
      vertex 484 -624.2422210313492 171.4918208758498
    endloop
  endfacet
  facet normal -2.353525010942036e-17 -0.798857328151623 -0.6015205476610506
    outer loop
      vertex 484 -692.8602178893387 244.8021866065264
      vertex 470 -653.101428571166 192
      vertex 484 -653.101428571166 192
    endloop
  endfacet
  facet normal 0 -0.798857328151623 -0.6015205476610506
    outer loop
      vertex 470 -692.8602178893387 244.8021866065264
      vertex 470 -653.101428571166 192
      vertex 484 -692.8602178893387 244.8021866065264
    endloop
  endfacet
  facet normal 2.8298673782764573e-18 -0.8299575388010019 -0.557826571424653
    outer loop
      vertex 470 -692.8602178893387 244.8021866065264
      vertex 484 -694.6688351813555 247.4931225231886
      vertex 470 -694.6688351813555 247.4931225231886
    endloop
  endfacet
  facet normal 0 -0.8963203211493656 -0.4434071288271064
    outer loop
      vertex 470 -696.7745271615386 251.7496497398615
      vertex 470 -694.6688351813555 247.4931225231886
      vertex 484 -696.7745271615386 251.7496497398615
    endloop
  endfacet
  facet normal -6.357815609210678e-18 -0.9547830939968768 -0.2973032852454728
    outer loop
      vertex 470 -696.7745271615386 251.7496497398615
      vertex 484 -698.1857846810519 256.2818728526831
      vertex 470 -698.1857846810519 256.2818728526831
    endloop
  endfacet
  facet normal -2.949017346439353e-18 -0.9896172711785418 -0.14372771682990118
    outer loop
      vertex 470 -698.1857846810519 256.2818728526831
      vertex 484 -698.8678579051494 260.97819349050525
      vertex 470 -698.8678579051494 260.97819349050525
    endloop
  endfacet
  facet normal 0 -0.8299575388010019 -0.557826571424653
    outer loop
      vertex 470 -692.8602178893387 244.8021866065264
      vertex 484 -692.8602178893387 244.8021866065264
      vertex 484 -694.6688351813555 247.4931225231886
    endloop
  endfacet
  facet normal 0 -0.8963203211493656 -0.4434071288271064
    outer loop
      vertex 470 -694.6688351813555 247.4931225231886
      vertex 484 -694.6688351813555 247.4931225231886
      vertex 484 -696.7745271615386 251.7496497398615
    endloop
  endfacet
  facet normal 0 -0.9547830939968768 -0.2973032852454728
    outer loop
      vertex 470 -696.7745271615386 251.7496497398615
      vertex 484 -696.7745271615386 251.7496497398615
      vertex 484 -698.1857846810519 256.2818728526831
    endloop
  endfacet
  facet normal 0 -0.9896172711785418 -0.14372771682990118
    outer loop
      vertex 470 -698.1857846810519 256.2818728526831
      vertex 484 -698.1857846810519 256.2818728526831
      vertex 484 -698.8678579051494 260.97819349050525
    endloop
  endfacet
  facet normal 0 -0.9978633020205211 -0.06533628762565452
    outer loop
      vertex 470 -698.8678579051494 260.97819349050525
      vertex 484 -698.8678579051494 260.97819349050525
      vertex 484 -713.3796860581041 482.6133871217966
    endloop
  endfacet
  facet normal -5.377584223910373e-17 -0.9978633020205211 -0.06533628762565452
    outer loop
      vertex 470 -698.8678579051494 260.97819349050525
      vertex 484 -713.3796860581041 482.6133871217966
      vertex 470 -713.3796860581041 482.6133871217966
    endloop
  endfacet
  facet normal -3.584322798718258e-19 -0.9996975350111162 -0.024593464430577368
    outer loop
      vertex 470 -713.3796860581041 482.6133871217966
      vertex 484 -713.4400978032053 485.0690587427616
      vertex 470 -713.4400978032053 485.0690587427616
    endloop
  endfacet
  facet normal 0 -0.9996975350111162 -0.024593464430577368
    outer loop
      vertex 470 -713.3796860581041 482.6133871217966
      vertex 484 -713.3796860581041 482.6133871217966
      vertex 484 -713.4400978032053 485.0690587427616
    endloop
  endfacet
  facet normal 0 -0.9998689185647756 0.01619091375142684
    outer loop
      vertex 470 -713.4400978032053 485.0690587427616
      vertex 484 -713.4400978032053 485.0690587427616
      vertex 484 -708.4426698150635 793.6849277926683
    endloop
  endfacet
  facet normal -1.4134909528118553e-17 -0.9998689185647756 0.01619091375142684
    outer loop
      vertex 470 -713.4400978032053 485.0690587427616
      vertex 484 -708.4426698150635 793.6849277926683
      vertex 470 -708.4426698150635 793.6849277926683
    endloop
  endfacet
  facet normal 2.7179971407611295e-20 -0.9996970562997659 0.02461291582853604
    outer loop
      vertex 470 -708.4426698150635 793.6849277926683
      vertex 484 -708.4301799086035 794.1922274075747
      vertex 470 -708.4301799086035 794.1922274075747
    endloop
  endfacet
  facet normal 2.27203739790833e-19 -0.9937471708998673 0.11165375196790117
    outer loop
      vertex 470 -708.4301799086035 794.1922274075747
      vertex 484 -707.9003337855935 798.9079944684505
      vertex 470 -707.9003337855935 798.9079944684505
    endloop
  endfacet
  facet normal 0 -0.9996970562997659 0.02461291582853604
    outer loop
      vertex 470 -708.4426698150635 793.6849277926683
      vertex 484 -708.4426698150635 793.6849277926683
      vertex 484 -708.4301799086035 794.1922274075747
    endloop
  endfacet
  facet normal 0 -0.9937471708998673 0.11165375196790117
    outer loop
      vertex 470 -708.4301799086035 794.1922274075747
      vertex 484 -708.4301799086035 794.1922274075747
      vertex 484 -707.9003337855935 798.9079944684505
    endloop
  endfacet
  facet normal 0 -0.9818672261489414 0.18956990851552274
    outer loop
      vertex 470 -707.9003337855935 798.9079944684505
      vertex 484 -707.9003337855935 798.9079944684505
      vertex 484 -687.8358832972348 902.830745180726
    endloop
  endfacet
  facet normal 1.178648147051483e-16 -0.9818672261489414 0.18956990851552274
    outer loop
      vertex 470 -707.9003337855935 798.9079944684505
      vertex 484 -687.8358832972348 902.830745180726
      vertex 470 -687.8358832972348 902.830745180726
    endloop
  endfacet
  facet normal -3.2109986390230813e-18 -0.9681578420196585 0.25034055391773385
    outer loop
      vertex 470 -687.8358832972348 902.830745180726
      vertex 484 -686.8962434042692 906.4646739102602
      vertex 470 -686.8962434042692 906.4646739102602
    endloop
  endfacet
  facet normal -7.504774633257753e-19 -0.9233420352454448 0.38397849672709516
    outer loop
      vertex 470 -686.8962434042692 906.4646739102602
      vertex 484 -685.0731256379485 910.8486727101803
      vertex 470 -685.0731256379485 910.8486727101803
    endloop
  endfacet
  facet normal -3.472107723166602e-15 -0.8517161264722682 0.5240034731822636
    outer loop
      vertex 470 -685.0731256379485 910.8486727101803
      vertex 478.7310783714056 -684.221110202593 912.2335400315524
      vertex 470 -684.2484567512927 912.18909090531
    endloop
  endfacet
  facet normal 0 -0.9681578420196585 0.25034055391773385
    outer loop
      vertex 470 -687.8358832972348 902.830745180726
      vertex 484 -687.8358832972348 902.830745180726
      vertex 484 -686.8962434042692 906.4646739102602
    endloop
  endfacet
  facet normal 0 -0.9233420352454448 0.38397849672709516
    outer loop
      vertex 470 -686.8962434042692 906.4646739102602
      vertex 484 -686.8962434042692 906.4646739102602
      vertex 484 -685.0731256379485 910.8486727101803
    endloop
  endfacet
  facet normal 0 -0.851716126472278 0.5240034731822476
    outer loop
      vertex 470 -685.0731256379485 910.8486727101803
      vertex 484 -685.0731256379485 910.8486727101803
      vertex 478.7310783714056 -684.221110202593 912.2335400315524
    endloop
  endfacet
  facet normal 8.977954315886931e-14 -0.8517161264716459 0.5240034731832751
    outer loop
      vertex 478.7310783714056 -684.221110202593 912.2335400315524
      vertex 484 -684.3621069800571 912.0043636323624
      vertex 481.26677648723125 -684.2630473357772 912.1653753447532
    endloop
  endfacet
  facet normal 3.3758333810637136e-14 -0.8517161264722206 0.5240034731823408
    outer loop
      vertex 478.7310783714056 -684.221110202593 912.2335400315524
      vertex 484 -685.0731256379485 910.8486727101803
      vertex 484 -684.3621069800571 912.0043636323624
    endloop
  endfacet
  facet normal 3.246665958138905e-19 0.07815087918157802 -0.9969415429618461
    outer loop
      vertex 470 627.1293503559232 171.73230458343028
      vertex 484 624.3893038519685 171.5175106019835
      vertex 470 624.3893038519685 171.5175106019835
    endloop
  endfacet
  facet normal 0 0.23257265643347902 -0.9725790247992576
    outer loop
      vertex 470 627.1293503559232 171.73230458343028
      vertex 470 628.2488067493925 172
      vertex 484 627.1293503559232 171.73230458343028
    endloop
  endfacet
  facet normal 2.353525010942036e-17 0.798857328151623 -0.6015205476610506
    outer loop
      vertex 470 692.8602178893387 244.8021866065264
      vertex 484 653.101428571166 192
      vertex 470 653.101428571166 192
    endloop
  endfacet
  facet normal 0 0.07815087918157802 -0.9969415429618461
    outer loop
      vertex 470 627.1293503559232 171.73230458343028
      vertex 484 627.1293503559232 171.73230458343028
      vertex 484 624.3893038519685 171.5175106019835
    endloop
  endfacet
  facet normal 7.8758995317118435e-19 0.23257265643347902 -0.9725790247992576
    outer loop
      vertex 484 627.1293503559232 171.73230458343028
      vertex 470 628.2488067493925 172
      vertex 484 628.2488067493925 172
    endloop
  endfacet
  facet normal 0 0.8436483676169384 -0.5368961089608261
    outer loop
      vertex 470 692.8602178893387 244.8021866065264
      vertex 470 695.4108025228679 248.81003193569182
      vertex 484 692.8602178893387 244.8021866065264
    endloop
  endfacet
  facet normal 0 0.9173893983317374 -0.3979908187741684
    outer loop
      vertex 470 695.4108025228679 248.81003193569182
      vertex 470 697.3005321283639 253.16595630383492
      vertex 484 695.4108025228679 248.81003193569182
    endloop
  endfacet
  facet normal 0 0.9684765298992032 -0.24910481937208234
    outer loop
      vertex 470 697.3005321283639 253.16595630383492
      vertex 470 698.4828752936721 257.7627023996115
      vertex 484 697.3005321283639 253.16595630383492
    endloop
  endfacet
  facet normal 0 0.992908813450167 -0.1188784596677695
    outer loop
      vertex 470 698.4828752936721 257.7627023996115
      vertex 470 698.8678579051494 260.97819349050525
      vertex 484 698.4828752936721 257.7627023996115
    endloop
  endfacet
  facet normal 0 0.798857328151623 -0.6015205476610506
    outer loop
      vertex 470 692.8602178893387 244.8021866065264
      vertex 484 692.8602178893387 244.8021866065264
      vertex 484 653.101428571166 192
    endloop
  endfacet
  facet normal 0 0.8436483676169384 -0.5368961089608261
    outer loop
      vertex 470 695.4108025228679 248.81003193569182
      vertex 484 695.4108025228679 248.81003193569182
      vertex 484 692.8602178893387 244.8021866065264
    endloop
  endfacet
  facet normal 0 0.9173893983317374 -0.3979908187741684
    outer loop
      vertex 470 697.3005321283639 253.16595630383492
      vertex 484 697.3005321283639 253.16595630383492
      vertex 484 695.4108025228679 248.81003193569182
    endloop
  endfacet
  facet normal 0 0.9684765298992032 -0.24910481937208234
    outer loop
      vertex 470 698.4828752936721 257.7627023996115
      vertex 484 698.4828752936721 257.7627023996115
      vertex 484 697.3005321283639 253.16595630383492
    endloop
  endfacet
  facet normal 0 0.992908813450167 -0.1188784596677695
    outer loop
      vertex 470 698.8678579051494 260.97819349050525
      vertex 484 698.8678579051494 260.97819349050525
      vertex 484 698.4828752936721 257.7627023996115
    endloop
  endfacet
  facet normal 0 0.9978633020205211 -0.06533628762565452
    outer loop
      vertex 470 698.8678579051494 260.97819349050525
      vertex 470 713.3796860581041 482.6133871217966
      vertex 484 698.8678579051494 260.97819349050525
    endloop
  endfacet
  facet normal 0 0.9978633020205211 -0.06533628762565452
    outer loop
      vertex 470 713.3796860581041 482.6133871217966
      vertex 484 713.3796860581041 482.6133871217966
      vertex 484 698.8678579051494 260.97819349050525
    endloop
  endfacet
  facet normal 0 0.9996975350111162 -0.024593464430577368
    outer loop
      vertex 470 713.3796860581041 482.6133871217966
      vertex 470 713.4400978032053 485.0690587427616
      vertex 484 713.3796860581041 482.6133871217966
    endloop
  endfacet
  facet normal 0 0.9996975350111162 -0.024593464430577368
    outer loop
      vertex 470 713.4400978032053 485.0690587427616
      vertex 484 713.4400978032053 485.0690587427616
      vertex 484 713.3796860581041 482.6133871217966
    endloop
  endfacet
  facet normal 0 0.9998689185647756 0.01619091375142684
    outer loop
      vertex 470 713.4400978032053 485.0690587427616
      vertex 470 708.4426698150635 793.6849277926683
      vertex 484 713.4400978032053 485.0690587427616
    endloop
  endfacet
  facet normal 0 0.9998689185647756 0.01619091375142684
    outer loop
      vertex 470 708.4426698150635 793.6849277926683
      vertex 484 708.4426698150635 793.6849277926683
      vertex 484 713.4400978032053 485.0690587427616
    endloop
  endfacet
  facet normal 0 0.9954870159835644 0.09489784511851831
    outer loop
      vertex 470 708.4426698150635 793.6849277926683
      vertex 470 707.9923439823986 798.408886685729
      vertex 484 708.4426698150635 793.6849277926683
    endloop
  endfacet
  facet normal 0 0.9834288555773083 0.18129447321390021
    outer loop
      vertex 470 707.9923439823986 798.408886685729
      vertex 470 707.9003337855935 798.9079944684505
      vertex 484 707.9923439823986 798.408886685729
    endloop
  endfacet
  facet normal 0 0.9954870159835644 0.09489784511851831
    outer loop
      vertex 470 707.9923439823986 798.408886685729
      vertex 484 707.9923439823986 798.408886685729
      vertex 484 708.4426698150635 793.6849277926683
    endloop
  endfacet
  facet normal 0 0.9834288555773083 0.18129447321390021
    outer loop
      vertex 470 707.9003337855935 798.9079944684505
      vertex 484 707.9003337855935 798.9079944684505
      vertex 484 707.9923439823986 798.408886685729
    endloop
  endfacet
  facet normal 0 0.9818672261489414 0.18956990851552274
    outer loop
      vertex 470 707.9003337855935 798.9079944684505
      vertex 470 687.8358832972348 902.830745180726
      vertex 484 707.9003337855935 798.9079944684505
    endloop
  endfacet
  facet normal 0 0.9638927140492894 0.26629088569212217
    outer loop
      vertex 470 687.8358832972348 902.830745180726
      vertex 470 686.5719245468974 907.4058947474956
      vertex 484 687.8358832972348 902.830745180726
    endloop
  endfacet
  facet normal 5.633022785956924e-15 0.8339834101733066 0.551789517439125
    outer loop
      vertex 470 684.6049760286808 911.7277714430094
      vertex 470 684.2997526388831 912.18909090531
      vertex 481.26677648723125 684.3154435957483 912.1653753447532
    endloop
  endfacet
  facet normal 5.605003690351533e-15 0.8339834101733126 0.5517895174391159
    outer loop
      vertex 470 684.2997526388831 912.18909090531
      vertex 478.7310783714056 684.2703437062584 912.2335400315524
      vertex 481.26677648723125 684.3154435957483 912.1653753447532
    endloop
  endfacet
  facet normal -9.142963068239632e-18 0.9101712846049228 0.4142321000123295
    outer loop
      vertex 470 684.6049760286808 911.7277714430094
      vertex 484 686.5719245468974 907.4058947474956
      vertex 470 686.5719245468974 907.4058947474956
    endloop
  endfacet
  facet normal 0 0.9818672261489414 0.18956990851552274
    outer loop
      vertex 470 687.8358832972348 902.830745180726
      vertex 484 687.8358832972348 902.830745180726
      vertex 484 707.9003337855935 798.9079944684505
    endloop
  endfacet
  facet normal 0 0.9638927140492894 0.26629088569212217
    outer loop
      vertex 470 686.5719245468974 907.4058947474956
      vertex 484 686.5719245468974 907.4058947474956
      vertex 484 687.8358832972348 902.830745180726
    endloop
  endfacet
  facet normal 0 0.9101712846049228 0.4142321000123295
    outer loop
      vertex 470 684.6049760286808 911.7277714430094
      vertex 484 684.6049760286808 911.7277714430094
      vertex 484 686.5719245468974 907.4058947474956
    endloop
  endfacet
  facet normal 0 0.8339834101732398 0.5517895174392258
    outer loop
      vertex 470 684.6049760286808 911.7277714430094
      vertex 481.26677648723125 684.3154435957483 912.1653753447532
      vertex 484 684.6049760286808 911.7277714430094
    endloop
  endfacet
  facet normal 1.895992983983603e-14 0.8339834101731853 0.5517895174393082
    outer loop
      vertex 481.26677648723125 684.3154435957483 912.1653753447532
      vertex 484 684.4219739823225 912.0043636323624
      vertex 484 684.6049760286808 911.7277714430094
    endloop
  endfacet
  facet normal 0.9990482215818576 -2.253911212545977e-16 0.043619387365338914
    outer loop
      vertex 701.1415905724764 -665.1399578807102 216.85327717570254
      vertex 700 -540 243
      vertex 700.0061425659485 -684.6444840803742 242.85931210964918
    endloop
  endfacet
  facet normal 0.9990482215818677 -2.2440845892375216e-21 0.04361938736510807
    outer loop
      vertex 700.0061425659485 -684.6444840803742 242.85931210964918
      vertex 700 -540 243
      vertex 700 -684.7386687156502 243
    endloop
  endfacet
  facet normal 0.9990482215818578 -3.925142655117506e-16 -0.04361938736533568
    outer loop
      vertex 700 -684.7386687156502 243
      vertex 701.1415905724764 -540 269.14672282429746
      vertex 700.1104137826902 -686.4316553175449 245.52889139205217
    endloop
  endfacet
  facet normal 0.9990482215818576 2.8625309733293425e-16 -0.04361938736533987
    outer loop
      vertex 700.2947828221701 -688.5123786181211 249.75163664668798
      vertex 700.1104137826902 -686.4316553175449 245.52889139205217
      vertex 701.1415905724764 -540 269.14672282429746
    endloop
  endfacet
  facet normal 0.9990482215818571 1.7835975729561202e-15 -0.04361938736535132
    outer loop
      vertex 700.2947828221701 -688.5123786181211 249.75163664668798
      vertex 701.1415905724764 -540 269.14672282429746
      vertex 700.4910934715526 -689.906901858747 254.24788973480463
    endloop
  endfacet
  facet normal 0.9990482215818578 1.076879461892407e-16 -0.043619387365334494
    outer loop
      vertex 700.4910934715526 -689.906901858747 254.24788973480463
      vertex 701.1415905724764 -540 269.14672282429746
      vertex 700.6945119112828 -690.5808872580528 258.9069379866123
    endloop
  endfacet
  facet normal 0.9762960071199318 -1.2800929545713428e-15 0.21643961393811031
    outer loop
      vertex 706.5319862676275 -639 182
      vertex 707.3151930047433 -635.8886998072267 178.4671827107668
      vertex 704.5576740963377 -540 190.9055466999209
    endloop
  endfacet
  facet normal 0.9762960071199361 1.3833878302345934e-15 0.21643961393809072
    outer loop
      vertex 707.9808551428938 -632.2630504891276 175.4645748436451
      vertex 704.5576740963377 -540 190.9055466999209
      vertex 707.3151930047433 -635.8886998072267 178.4671827107668
    endloop
  endfacet
  facet normal 0.9762960071199347 1.055212321116288e-18 0.21643961393809671
    outer loop
      vertex 706.5319862676275 -639 182
      vertex 704.5576740963377 -540 190.9055466999209
      vertex 704.5576740963377 -645.6791600246681 190.9055466999209
    endloop
  endfacet
  facet normal 0.976296007119948 1.4492781856709766e-14 0.21643961393803632
    outer loop
      vertex 708.6371373706468 -626.7954733144502 172.5042770181177
      vertex 708.7489328940569 -625.5237674162171 172
      vertex 704.5576740963377 -540 190.9055466999209
    endloop
  endfacet
  facet normal 0.9762960071199295 -5.086240836195059e-15 0.2164396139381208
    outer loop
      vertex 708.7489328940569 -625.5237674162171 172
      vertex 708.897280310834 -623.8362733274698 171.33084804564714
      vertex 704.5576740963377 -540 190.9055466999209
    endloop
  endfacet
  facet normal 0.9762960071199317 -2.0733548417186482e-15 0.2164396139381104
    outer loop
      vertex 707.9808551428938 -632.2630504891276 175.4645748436451
      vertex 708.3546835428424 -629.4152055631386 173.77834390108669
      vertex 704.5576740963377 -540 190.9055466999209
    endloop
  endfacet
  facet normal 0.9762960071199283 -6.453006250805391e-15 0.21643961393812639
    outer loop
      vertex 708.897280310834 -623.8362733274698 171.33084804564714
      vertex 709.1254779106165 -619.2426406890154 170.30151519179344
      vertex 704.5576740963377 -540 190.9055466999209
    endloop
  endfacet
  facet normal 0.9762960071199388 6.694569253113632e-15 0.21643961393807815
    outer loop
      vertex 709.1254779106165 -619.2426406890154 170.30151519179344
      vertex 709.1923222193428 -615 170
      vertex 704.5576740963377 -540 190.9055466999209
    endloop
  endfacet
  facet normal 0.9914448613738054 -8.941862463668913e-15 0.1305261922200892
    outer loop
      vertex 704.5576740963377 -645.6791600246681 190.9055466999209
      vertex 701.1415905724764 -540 216.85327717570254
      vertex 704.4135865858894 -646.499999999694 192
    endloop
  endfacet
  facet normal 0.9914448613738104 -2.1202953470427683e-18 0.13052619222005157
    outer loop
      vertex 704.4135865858894 -646.499999999694 192
      vertex 701.1415905724764 -540 216.85327717570254
      vertex 701.1415905724764 -665.1399578807102 216.85327717570254
    endloop
  endfacet
  facet normal 0.9762960071199291 0 0.2164396139381219
    outer loop
      vertex 709.1923222193428 -615 170
      vertex 709.1923222193428 -540 170
      vertex 708.7489328940569 -540 172
    endloop
  endfacet
  facet normal 0.9762960071199343 6.445725949724364e-16 0.21643961393809882
    outer loop
      vertex 709.1923222193428 -615 170
      vertex 708.7489328940569 -540 172
      vertex 704.5576740963377 -540 190.9055466999209
    endloop
  endfacet
  facet normal 0.9914448613738045 0 0.13052619222009582
    outer loop
      vertex 704.5576740963377 -645.6791600246681 190.9055466999209
      vertex 704.5576740963377 -540 190.9055466999209
      vertex 704.4135865858894 -540 192
    endloop
  endfacet
  facet normal 0.9914448613738105 4.663146440499126e-16 0.13052619222005157
    outer loop
      vertex 704.5576740963377 -645.6791600246681 190.9055466999209
      vertex 704.4135865858894 -540 192
      vertex 701.1415905724764 -540 216.85327717570254
    endloop
  endfacet
  facet normal 0.9990482215818577 0 0.04361938736533784
    outer loop
      vertex 701.1415905724764 -665.1399578807102 216.85327717570254
      vertex 701.1415905724764 -540 216.85327717570254
      vertex 700 -540 243
    endloop
  endfacet
  facet normal 0.9990482215818577 0 -0.043619387365337846
    outer loop
      vertex 700 -684.7386687156502 243
      vertex 700 -540 243
      vertex 701.1415905724764 -540 269.14672282429746
    endloop
  endfacet
  facet normal 0.9990482215818579 1.335582310003332e-19 -0.04361938736533291
    outer loop
      vertex 700.6945119112828 -690.5808872580528 258.9069379866123
      vertex 701.1415905724764 -540 269.14672282429746
      vertex 701.1415905724764 -691.2486993126165 269.14672282429746
    endloop
  endfacet
  facet normal 0.9914448613738102 0 -0.1305261922200533
    outer loop
      vertex 701.1415905724764 -691.2486993126165 269.14672282429746
      vertex 701.1415905724764 -540 269.14672282429746
      vertex 704.5576740963377 -692.9409426043433 295.0944533000791
    endloop
  endfacet
  facet normal 0.976296007119934 -5.92802356359117e-21 -0.21643961393810007
    outer loop
      vertex 704.5576740963377 -692.9409426043433 295.0944533000791
      vertex 710.2222521132795 -540 320.6457135307562
      vertex 710.2222521132795 -694.6073291409573 320.6457135307562
    endloop
  endfacet
  facet normal 0.953716950748227 0 -0.30070579950427284
    outer loop
      vertex 710.2222521132795 -694.6073291409573 320.6457135307562
      vertex 710.2222521132795 -540 320.6457135307562
      vertex 718.0922137642275 -696.2351767147229 345.6060429977006
    endloop
  endfacet
  facet normal 0.9238795325112864 0 -0.3826834323650906
    outer loop
      vertex 718.0922137642275 -696.2351767147229 345.6060429977006
      vertex 718.0922137642275 -540 345.6060429977006
      vertex 728.107663889005 -697.8120964226828 369.7854785222098
    endloop
  endfacet
  facet normal 0.9914448613738102 0 -0.1305261922200533
    outer loop
      vertex 704.5576740963377 -692.9409426043433 295.0944533000791
      vertex 701.1415905724764 -540 269.14672282429746
      vertex 704.5576740963377 -540 295.0944533000791
    endloop
  endfacet
  facet normal 0.9762960071199339 0 -0.21643961393810005
    outer loop
      vertex 704.5576740963377 -692.9409426043433 295.0944533000791
      vertex 704.5576740963377 -540 295.0944533000791
      vertex 710.2222521132795 -540 320.6457135307562
    endloop
  endfacet
  facet normal 0.9537169507482269 0 -0.30070579950427284
    outer loop
      vertex 718.0922137642275 -696.2351767147229 345.6060429977006
      vertex 710.2222521132795 -540 320.6457135307562
      vertex 718.0922137642275 -540 345.6060429977006
    endloop
  endfacet
  facet normal 0.8870108331782223 0 -0.4617486132350326
    outer loop
      vertex 728.107663889005 -697.8120964226828 369.7854785222098
      vertex 728.107663889005 -540 369.7854785222098
      vertex 740.1923788646684 -699.3260869536891 393
    endloop
  endfacet
  facet normal 0.8433914458128857 0 -0.537299608346824
    outer loop
      vertex 740.1923788646684 -699.3260869536891 393
      vertex 740.1923788646684 -540 393
      vertex 754.2543867133024 -700.7656259256285 415.0729309053138
    endloop
  endfacet
  facet normal 0.793353340291235 0 -0.6087614290087208
    outer loop
      vertex 754.2543867133024 -700.7656259256285 415.0729309053138
      vertex 754.2543867133024 -540 415.0729309053138
      vertex 770.1866670643066 -702.119757577707 435.83628290596175
    endloop
  endfacet
  facet normal 0.9238795325112864 -1.6131791597723295e-18 -0.38268343236509067
    outer loop
      vertex 718.0922137642275 -540 345.6060429977006
      vertex 728.107663889005 -540 369.7854785222098
      vertex 728.107663889005 -697.8120964226828 369.7854785222098
    endloop
  endfacet
  facet normal 0.8870108331782224 0 -0.4617486132350325
    outer loop
      vertex 740.1923788646684 -699.3260869536891 393
      vertex 728.107663889005 -540 369.7854785222098
      vertex 740.1923788646684 -540 393
    endloop
  endfacet
  facet normal 0.8433914458128856 0 -0.5372996083468239
    outer loop
      vertex 754.2543867133024 -700.7656259256285 415.0729309053138
      vertex 740.1923788646684 -540 393
      vertex 754.2543867133024 -540 415.0729309053138
    endloop
  endfacet
  facet normal 0 -1 0
    outer loop
      vertex 709.1923222193428 -540 170
      vertex 1290.8076777806573 -540 170
      vertex 708.7489328940569 -540 172
    endloop
  endfacet
  facet normal 0 -1 0
    outer loop
      vertex 704.4135865858894 -540 192
      vertex 1295.5864134141104 -540 192
      vertex 701.1415905724764 -540 216.85327717570254
    endloop
  endfacet
  facet normal 0 -1 0
    outer loop
      vertex 701.1415905724764 -540 216.85327717570254
      vertex 1298.8584094275236 -540 216.85327717570254
      vertex 700 -540 243
    endloop
  endfacet
  facet normal 0 -1 0
    outer loop
      vertex 700 -540 243
      vertex 1300 -540 243
      vertex 701.1415905724764 -540 269.14672282429746
    endloop
  endfacet
  facet normal 0 -1 0
    outer loop
      vertex 708.7489328940569 -540 172
      vertex 1290.8076777806573 -540 170
      vertex 1291.251067105943 -540 172
    endloop
  endfacet
  facet normal 0 -1 0
    outer loop
      vertex 701.1415905724764 -540 216.85327717570254
      vertex 1295.5864134141104 -540 192
      vertex 1298.8584094275236 -540 216.85327717570254
    endloop
  endfacet
  facet normal 0 -1 0
    outer loop
      vertex 700 -540 243
      vertex 1298.8584094275236 -540 216.85327717570254
      vertex 1300 -540 243
    endloop
  endfacet
  facet normal 0 -1 0
    outer loop
      vertex 701.1415905724764 -540 269.14672282429746
      vertex 1300 -540 243
      vertex 1298.8584094275236 -540 269.14672282429746
    endloop
  endfacet
  facet normal 0 -1 0
    outer loop
      vertex 701.1415905724764 -540 269.14672282429746
      vertex 1298.8584094275236 -540 269.14672282429746
      vertex 704.5576740963377 -540 295.0944533000791
    endloop
  endfacet
  facet normal 0 -1 0
    outer loop
      vertex 704.5576740963377 -540 295.0944533000791
      vertex 1295.4423259036623 -540 295.0944533000791
      vertex 710.2222521132795 -540 320.6457135307562
    endloop
  endfacet
  facet normal 0 -1 0
    outer loop
      vertex 710.2222521132795 -540 320.6457135307562
      vertex 1289.7777478867206 -540 320.6457135307562
      vertex 718.0922137642275 -540 345.6060429977006
    endloop
  endfacet
  facet normal 0 -1 0
    outer loop
      vertex 718.0922137642275 -540 345.6060429977006
      vertex 1281.9077862357726 -540 345.6060429977006
      vertex 728.107663889005 -540 369.7854785222098
    endloop
  endfacet
  facet normal 0 -1 0
    outer loop
      vertex 704.5576740963377 -540 295.0944533000791
      vertex 1298.8584094275236 -540 269.14672282429746
      vertex 1295.4423259036623 -540 295.0944533000791
    endloop
  endfacet
  facet normal 0 -1 0
    outer loop
      vertex 710.2222521132795 -540 320.6457135307562
      vertex 1295.4423259036623 -540 295.0944533000791
      vertex 1289.7777478867206 -540 320.6457135307562
    endloop
  endfacet
  facet normal 0 -1 0
    outer loop
      vertex 718.0922137642275 -540 345.6060429977006
      vertex 1289.7777478867206 -540 320.6457135307562
      vertex 1281.9077862357726 -540 345.6060429977006
    endloop
  endfacet
  facet normal -0.9762960071199364 1.942717047385529e-14 0.21643961393808928
    outer loop
      vertex 1291.9748622482896 -631.9257031852701 175.26482890349152
      vertex 1291.9255813964726 -627.6869450988571 175.04253734613246
      vertex 1291.4874181299217 -628.2123275846243 173.066110573709
    endloop
  endfacet
  facet normal -0.9762960071199379 -5.5532659367910065e-15 0.2164396139380822
    outer loop
      vertex 1293.4680137323726 -639 182.00000000000006
      vertex 1295.4423259036623 -645.6791600246681 190.9055466999209
      vertex 1294.6180379203606 -631.1197472106495 187.18742388417547
    endloop
  endfacet
  facet normal -0.9990482215818576 -2.2491798146266525e-16 0.043619387365338914
    outer loop
      vertex 1298.8584094275236 -665.1399578807102 216.85327717570254
      vertex 1299.9938574340515 -684.6444840803742 242.85931210964918
      vertex 1300 -540 243
    endloop
  endfacet
  facet normal -0.9990482215818597 0 -0.043619387365290585
    outer loop
      vertex 1300 -684.7386687156501 243
      vertex 1299.88958621731 -686.4316553175449 245.52889139205217
      vertex 1300 -540 243
    endloop
  endfacet
  facet normal -0.9990482215818677 2.2440845892375235e-21 0.04361938736510808
    outer loop
      vertex 1299.9938574340515 -684.6444840803742 242.85931210964918
      vertex 1300 -684.7386687156501 243
      vertex 1300 -540 243
    endloop
  endfacet
  facet normal -0.9990482215818575 -8.624413547455999e-16 -0.04361938736534044
    outer loop
      vertex 1299.70521717783 -688.5123786181211 249.75163664668798
      vertex 1300 -540 243
      vertex 1299.88958621731 -686.4316553175449 245.52889139205217
    endloop
  endfacet
  facet normal -0.9990482215818559 -2.5676734206361997e-15 -0.043619387365377876
    outer loop
      vertex 1299.70521717783 -688.5123786181211 249.75163664668798
      vertex 1299.5089065284474 -689.906901858747 254.24788973480463
      vertex 1300 -540 243
    endloop
  endfacet
  facet normal -0.9990482215818567 -1.1486096325613621e-15 -0.043619387365359
    outer loop
      vertex 1299.5089065284474 -689.906901858747 254.24788973480463
      vertex 1299.305488088717 -690.5808872580528 258.9069379866123
      vertex 1300 -540 243
    endloop
  endfacet
  facet normal -0.9762960071199186 -2.165596521225639e-15 0.21643961393816924
    outer loop
      vertex 1291.4874181299217 -628.2123275846243 173.066110573709
      vertex 1291.251067105943 -606.8680644017325 172
      vertex 1291.3171730729598 -626.2757416062302 172.2981847475648
    endloop
  endfacet
  facet normal -0.9762960071199969 0 0.2164396139378168
    outer loop
      vertex 1291.251067105943 -625.5237674162171 172
      vertex 1291.251067105943 -606.8680644017325 172
      vertex 1291.1027196891662 -623.8362733274698 171.33084804564714
    endloop
  endfacet
  facet normal -0.976296007119935 -3.314441094819301e-15 0.21643961393809508
    outer loop
      vertex 1291.4874181299217 -628.2123275846243 173.066110573709
      vertex 1291.9255813964726 -627.6869450988571 175.04253734613246
      vertex 1291.251067105943 -589.2198319102456 172
    endloop
  endfacet
  facet normal -0.9762960071199224 5.181318327277398e-15 0.21643961393815256
    outer loop
      vertex 1293.4680137323726 -639 182.00000000000006
      vertex 1292.0157006409786 -584.9545716565254 175.44903898866974
      vertex 1292.9895549200437 -637.0993153857246 179.8418117665766
    endloop
  endfacet
  facet normal -0.9762960071199385 -4.0435796122248514e-15 0.21643961393808
    outer loop
      vertex 1293.4680137323726 -639 182.00000000000006
      vertex 1294.6180379203606 -631.1197472106495 187.18742388417547
      vertex 1292.0157006409786 -584.9545716565254 175.44903898866974
    endloop
  endfacet
  facet normal -0.9762960071199346 -3.1016288887730827e-15 0.21643961393809766
    outer loop
      vertex 1291.9255813964726 -627.6869450988571 175.04253734613246
      vertex 1291.3680840131942 -587.4060620970623 172.52782915860993
      vertex 1291.251067105943 -589.2198319102456 172
    endloop
  endfacet
  facet normal -0.9762960071198982 1.0894303711825346e-15 0.21643961393826122
    outer loop
      vertex 1291.1027196891662 -623.8362733274698 171.33084804564714
      vertex 1290.8076777806573 -540 170
      vertex 1290.8745220893836 -619.2426406890154 170.30151519179344
    endloop
  endfacet
  facet normal -0.9762960071199587 2.0771109253919033e-20 0.21643961393798833
    outer loop
      vertex 1290.8745220893836 -619.2426406890154 170.30151519179344
      vertex 1290.8076777806573 -540 170
      vertex 1290.8076777806573 -615 170
    endloop
  endfacet
  facet normal -0.9762960071198626 1.1075987715283958e-14 0.21643961393842187
    outer loop
      vertex 1291.4874181299217 -628.2123275846243 173.066110573709
      vertex 1290.8076777806573 -540 170
      vertex 1291.251067105943 -606.8680644017325 172
    endloop
  endfacet
  facet normal -0.9762960071199313 4.542764976419696e-15 0.21643961393811217
    outer loop
      vertex 1294.6180379203606 -631.1197472106495 187.18742388417547
      vertex 1291.8155341462498 -567.1592331261483 174.5461462787479
      vertex 1292.0157006409786 -584.9545716565254 175.44903898866974
    endloop
  endfacet
  facet normal -0.9762960071199727 -4.5006866495522686e-15 0.21643961393792563
    outer loop
      vertex 1291.1027196891662 -623.8362733274698 171.33084804564714
      vertex 1291.251067105943 -606.8680644017325 172
      vertex 1290.8076777806573 -540 170
    endloop
  endfacet
  facet normal -0.9762960071200055 -1.2418655659081747e-14 0.2164396139377778
    outer loop
      vertex 1291.4874181299217 -628.2123275846243 173.066110573709
      vertex 1291.251067105943 -589.2198319102456 172
      vertex 1290.8076777806573 -540 170
    endloop
  endfacet
  facet normal -0.9914448613738098 1.333040443618586e-18 0.13052619222005601
    outer loop
      vertex 1295.5864134141104 -646.499999999694 192
      vertex 1298.8584094275236 -665.1399578807102 216.85327717570254
      vertex 1298.8584094275236 -540 216.85327717570254
    endloop
  endfacet
  facet normal -0.9762960071199408 0 0.216439613938069
    outer loop
      vertex 1291.251067105943 -589.2198319102456 172
      vertex 1291.251067105943 -540 172
      vertex 1290.8076777806573 -540 170
    endloop
  endfacet
  facet normal -0.9914448613738098 0 0.13052619222005601
    outer loop
      vertex 1295.5864134141104 -646.499999999694 192
      vertex 1298.8584094275236 -540 216.85327717570254
      vertex 1295.5864134141104 -540 192
    endloop
  endfacet
  facet normal -0.9990482215818577 0 0.04361938736533784
    outer loop
      vertex 1298.8584094275236 -665.1399578807102 216.85327717570254
      vertex 1300 -540 243
      vertex 1298.8584094275236 -540 216.85327717570254
    endloop
  endfacet
  facet normal -0.9990482215818577 1.0905712168035526e-15 -0.043619387365337846
    outer loop
      vertex 1299.305488088717 -690.5808872580528 258.9069379866123
      vertex 1298.8584094275236 -540 269.14672282429746
      vertex 1300 -540 243
    endloop
  endfacet
  facet normal -0.9990482215818584 2.6317482959982738e-19 -0.04361938736532183
    outer loop
      vertex 1299.305488088717 -690.5808872580528 258.9069379866123
      vertex 1298.8584094275236 -691.2486993126165 269.14672282429746
      vertex 1298.8584094275236 -540 269.14672282429746
    endloop
  endfacet
  facet normal -0.9914448613738102 1.6748110006134194e-18 -0.1305261922200533
    outer loop
      vertex 1298.8584094275236 -691.2486993126165 269.14672282429746
      vertex 1295.4423259036623 -692.9409426043433 295.0944533000791
      vertex 1295.4423259036623 -540 295.0944533000791
    endloop
  endfacet
  facet normal -0.9762960071199349 1.4461513907329114e-18 -0.2164396139380959
    outer loop
      vertex 1295.4423259036623 -692.9409426043433 295.0944533000791
      vertex 1289.7777478867206 -694.6073291409573 320.6457135307562
      vertex 1289.7777478867206 -540 320.6457135307562
    endloop
  endfacet
  facet normal -0.9537169507482269 1.636853023206664e-18 -0.30070579950427284
    outer loop
      vertex 1289.7777478867206 -694.6073291409573 320.6457135307562
      vertex 1281.9077862357726 -696.2351767147229 345.6060429977006
      vertex 1281.9077862357726 -540 345.6060429977006
    endloop
  endfacet
  facet normal -0.9914448613738102 0 -0.1305261922200533
    outer loop
      vertex 1298.8584094275236 -691.2486993126165 269.14672282429746
      vertex 1295.4423259036623 -540 295.0944533000791
      vertex 1298.8584094275236 -540 269.14672282429746
    endloop
  endfacet
  facet normal -0.9762960071199349 0 -0.2164396139380959
    outer loop
      vertex 1295.4423259036623 -692.9409426043433 295.0944533000791
      vertex 1289.7777478867206 -540 320.6457135307562
      vertex 1295.4423259036623 -540 295.0944533000791
    endloop
  endfacet
  facet normal -0.953716950748227 0 -0.30070579950427284
    outer loop
      vertex 1289.7777478867206 -694.6073291409573 320.6457135307562
      vertex 1281.9077862357726 -540 345.6060429977006
      vertex 1289.7777478867206 -540 320.6457135307562
    endloop
  endfacet
  facet normal -0.9238795325112864 0 -0.3826834323650906
    outer loop
      vertex 1281.9077862357726 -696.2351767147229 345.6060429977006
      vertex 1271.892336110995 -540 369.7854785222098
      vertex 1281.9077862357726 -540 345.6060429977006
    endloop
  endfacet
  facet normal 0.7372773368101246 0 -0.6755902076156597
    outer loop
      vertex 770.1866670643066 -702.119757577707 435.83628290596175
      vertex 770.1866670643066 -540 435.83628290596175
      vertex 787.8679656440357 -703.3781761504054 455.13203435596427
    endloop
  endfacet
  facet normal 0 -1 0
    outer loop
      vertex 728.107663889005 -540 369.7854785222098
      vertex 1271.892336110995 -540 369.7854785222098
      vertex 740.1923788646684 -540 393
    endloop
  endfacet
  facet normal 0 -1 0
    outer loop
      vertex 740.1923788646684 -540 393
      vertex 1259.8076211353316 -540 393
      vertex 754.2543867133024 -540 415.0729309053138
    endloop
  endfacet
  facet normal 0.793353340291235 -1.8046193905511417e-18 -0.6087614290087209
    outer loop
      vertex 754.2543867133024 -540 415.0729309053138
      vertex 770.1866670643066 -540 435.83628290596175
      vertex 770.1866670643066 -702.119757577707 435.83628290596175
    endloop
  endfacet
  facet normal 0 -1 0
    outer loop
      vertex 754.2543867133024 -540 415.0729309053138
      vertex 1245.7456132866976 -540 415.0729309053138
      vertex 770.1866670643066 -540 435.83628290596175
    endloop
  endfacet
  facet normal 0 -1 0
    outer loop
      vertex 770.1866670643066 -540 435.83628290596175
      vertex 1229.8133329356933 -540 435.83628290596175
      vertex 787.8679656440357 -540 455.13203435596427
    endloop
  endfacet
  facet normal 0 -1 0
    outer loop
      vertex 728.107663889005 -540 369.7854785222098
      vertex 1281.9077862357726 -540 345.6060429977006
      vertex 1271.892336110995 -540 369.7854785222098
    endloop
  endfacet
  facet normal 0 -1 0
    outer loop
      vertex 740.1923788646684 -540 393
      vertex 1271.892336110995 -540 369.7854785222098
      vertex 1259.8076211353316 -540 393
    endloop
  endfacet
  facet normal 0 -1 0
    outer loop
      vertex 754.2543867133024 -540 415.0729309053138
      vertex 1259.8076211353316 -540 393
      vertex 1245.7456132866976 -540 415.0729309053138
    endloop
  endfacet
  facet normal 0 -1 0
    outer loop
      vertex 770.1866670643066 -540 435.83628290596175
      vertex 1245.7456132866976 -540 415.0729309053138
      vertex 1229.8133329356933 -540 435.83628290596175
    endloop
  endfacet
  facet normal 0.6755902076156597 0 -0.7372773368101245
    outer loop
      vertex 787.8679656440357 -703.3781761504054 455.13203435596427
      vertex 787.8679656440357 -540 455.13203435596427
      vertex 807.1637170940382 -704.5313043185313 472.81333293569344
    endloop
  endfacet
  facet normal 0.6087614290087233 0 -0.7933533402912332
    outer loop
      vertex 807.1637170940382 -704.5313043185313 472.81333293569344
      vertex 807.1637170940382 -540 472.81333293569344
      vertex 814.9436978616503 -704.920638397336 478.7831221446395
    endloop
  endfacet
  facet normal 0.6087614290087118 -8.649367152946592e-16 -0.793353340291242
    outer loop
      vertex 814.9436978616503 -704.920638397336 478.7831221446395
      vertex 807.1637170940382 -540 472.81333293569344
      vertex 818.1185922701898 -704.9803337976336 481.21930430829525
    endloop
  endfacet
  facet normal 0.6087614290087218 1.9744552673650233e-16 -0.7933533402912343
    outer loop
      vertex 818.1185922701898 -704.9803337976336 481.21930430829525
      vertex 807.1637170940382 -540 472.81333293569344
      vertex 827.9270690946862 -704.8589417173102 488.74561328669756
    endloop
  endfacet
  facet normal 0.5372996083468238 0 -0.8433914458128856
    outer loop
      vertex 827.9270690946862 -704.8589417173102 488.74561328669756
      vertex 827.9270690946862 -540 488.74561328669756
      vertex 850 -704.6321351390568 502.8076211353316
    endloop
  endfacet
  facet normal 0.4617486132350326 0 -0.8870108331782224
    outer loop
      vertex 850 -704.6321351390568 502.8076211353316
      vertex 850 -540 502.8076211353316
      vertex 873.2145214777902 -704.4372203813422 514.892336110995
    endloop
  endfacet
  facet normal 0.3826834323650899 0 -0.9238795325112866
    outer loop
      vertex 873.2145214777902 -704.4372203813422 514.892336110995
      vertex 873.2145214777902 -540 514.892336110995
      vertex 897.3939570022994 -704.2756808631651 524.9077862357725
    endloop
  endfacet
  facet normal 0.3007057995042735 0 -0.9537169507482267
    outer loop
      vertex 897.3939570022994 -704.2756808631651 524.9077862357725
      vertex 897.3939570022994 -540 524.9077862357725
      vertex 922.3542864692438 -704.1487459977994 532.7777478867205
    endloop
  endfacet
  facet normal 0.21643961393809957 0 -0.9762960071199341
    outer loop
      vertex 922.3542864692438 -704.1487459977994 532.7777478867205
      vertex 922.3542864692438 -540 532.7777478867205
      vertex 947.9055466999209 -704.0573818362159 538.4423259036623
    endloop
  endfacet
  facet normal 0.7372773368101245 4.1365735971075984e-19 -0.6755902076156597
    outer loop
      vertex 770.1866670643066 -540 435.83628290596175
      vertex 787.8679656440357 -540 455.13203435596427
      vertex 787.8679656440357 -703.3781761504054 455.13203435596427
    endloop
  endfacet
  facet normal 0.6755902076156598 0 -0.7372773368101246
    outer loop
      vertex 807.1637170940382 -704.5313043185313 472.81333293569344
      vertex 787.8679656440357 -540 455.13203435596427
      vertex 807.1637170940382 -540 472.81333293569344
    endloop
  endfacet
  facet normal 0.6087614290087208 0 -0.793353340291235
    outer loop
      vertex 827.9270690946862 -704.8589417173102 488.74561328669756
      vertex 807.1637170940382 -540 472.81333293569344
      vertex 827.9270690946862 -540 488.74561328669756
    endloop
  endfacet
  facet normal 0 -1 0
    outer loop
      vertex 787.8679656440357 -540 455.13203435596427
      vertex 1212.1320343559642 -540 455.13203435596427
      vertex 807.1637170940382 -540 472.81333293569344
    endloop
  endfacet
  facet normal 0 -1 0
    outer loop
      vertex 807.1637170940382 -540 472.81333293569344
      vertex 1192.8362829059618 -540 472.81333293569344
      vertex 827.9270690946862 -540 488.74561328669756
    endloop
  endfacet
  facet normal 0 -1 0
    outer loop
      vertex 827.9270690946862 -540 488.74561328669756
      vertex 1172.0729309053138 -540 488.74561328669756
      vertex 850 -540 502.8076211353316
    endloop
  endfacet
  facet normal 0.5372996083468239 0 -0.8433914458128857
    outer loop
      vertex 850 -704.6321351390568 502.8076211353316
      vertex 827.9270690946862 -540 488.74561328669756
      vertex 850 -540 502.8076211353316
    endloop
  endfacet
  facet normal 0.4617486132350327 0 -0.8870108331782225
    outer loop
      vertex 873.2145214777902 -704.4372203813422 514.892336110995
      vertex 850 -540 502.8076211353316
      vertex 873.2145214777902 -540 514.892336110995
    endloop
  endfacet
  facet normal 0.38268343236508995 0 -0.9238795325112867
    outer loop
      vertex 897.3939570022994 -704.2756808631651 524.9077862357725
      vertex 873.2145214777902 -540 514.892336110995
      vertex 897.3939570022994 -540 524.9077862357725
    endloop
  endfacet
  facet normal 0.3007057995042735 0 -0.9537169507482268
    outer loop
      vertex 922.3542864692438 -704.1487459977994 532.7777478867205
      vertex 897.3939570022994 -540 524.9077862357725
      vertex 922.3542864692438 -540 532.7777478867205
    endloop
  endfacet
  facet normal 0.21643961393809957 2.1732538835255047e-18 -0.976296007119934
    outer loop
      vertex 922.3542864692438 -540 532.7777478867205
      vertex 947.9055466999209 -540 538.4423259036623
      vertex 947.9055466999209 -704.0573818362159 538.4423259036623
    endloop
  endfacet
  facet normal 0.1305261922200533 0 -0.9914448613738103
    outer loop
      vertex 947.9055466999209 -704.0573818362159 538.4423259036623
      vertex 947.9055466999209 -540 538.4423259036623
      vertex 973.8532771757026 -704.0022837148513 541.8584094275236
    endloop
  endfacet
  facet normal -0.13052619222005382 0 -0.9914448613738102
    outer loop
      vertex 1026.1467228242975 -704.0022837148513 541.8584094275236
      vertex 1026.1467228242975 -540 541.8584094275236
      vertex 1052.094453300079 -704.0573818362159 538.4423259036623
    endloop
  endfacet
  facet normal -0.4617486132350327 0 -0.8870108331782225
    outer loop
      vertex 1126.7854785222098 -704.4372203813422 514.892336110995
      vertex 1126.7854785222098 -540 514.892336110995
      vertex 1150 -704.6321351390568 502.8076211353316
    endloop
  endfacet
  facet normal -0.21643961393809957 -2.1732538835255047e-18 -0.976296007119934
    outer loop
      vertex 1077.6457135307562 -704.1487459977994 532.7777478867205
      vertex 1052.094453300079 -704.0573818362159 538.4423259036623
      vertex 1052.094453300079 -540 538.4423259036623
    endloop
  endfacet
  facet normal -0.3007057995042735 0 -0.9537169507482268
    outer loop
      vertex 1077.6457135307562 -704.1487459977994 532.7777478867205
      vertex 1077.6457135307562 -540 532.7777478867205
      vertex 1102.6060429977006 -704.2756808631651 524.9077862357725
    endloop
  endfacet
  facet normal -0.38268343236508995 0 -0.9238795325112867
    outer loop
      vertex 1102.6060429977006 -704.2756808631651 524.9077862357725
      vertex 1102.6060429977006 -540 524.9077862357725
      vertex 1126.7854785222098 -704.4372203813422 514.892336110995
    endloop
  endfacet
  facet normal 0 -1 0
    outer loop
      vertex 787.8679656440357 -540 455.13203435596427
      vertex 1229.8133329356933 -540 435.83628290596175
      vertex 1212.1320343559642 -540 455.13203435596427
    endloop
  endfacet
  facet normal 0 -1 0
    outer loop
      vertex 807.1637170940382 -540 472.81333293569344
      vertex 1212.1320343559642 -540 455.13203435596427
      vertex 1192.8362829059618 -540 472.81333293569344
    endloop
  endfacet
  facet normal 0 -1 0
    outer loop
      vertex 827.9270690946862 -540 488.74561328669756
      vertex 1192.8362829059618 -540 472.81333293569344
      vertex 1172.0729309053138 -540 488.74561328669756
    endloop
  endfacet
  facet normal 0.13052619222005327 -1.5618512578965037e-18 -0.9914448613738102
    outer loop
      vertex 947.9055466999209 -540 538.4423259036623
      vertex 973.8532771757026 -540 541.8584094275236
      vertex 973.8532771757026 -704.0022837148513 541.8584094275236
    endloop
  endfacet
  facet normal -0.13052619222005382 0 -0.99144486137381
    outer loop
      vertex 1052.094453300079 -704.0573818362159 538.4423259036623
      vertex 1026.1467228242975 -540 541.8584094275236
      vertex 1052.094453300079 -540 538.4423259036623
    endloop
  endfacet
  facet normal 0 -1 0
    outer loop
      vertex 850 -540 502.8076211353316
      vertex 1150 -540 502.8076211353316
      vertex 873.2145214777902 -540 514.892336110995
    endloop
  endfacet
  facet normal 0 -1 0
    outer loop
      vertex 873.2145214777902 -540 514.892336110995
      vertex 1126.7854785222098 -540 514.892336110995
      vertex 897.3939570022994 -540 524.9077862357725
    endloop
  endfacet
  facet normal 0 -1 0
    outer loop
      vertex 897.3939570022994 -540 524.9077862357725
      vertex 1102.6060429977006 -540 524.9077862357725
      vertex 922.3542864692438 -540 532.7777478867205
    endloop
  endfacet
  facet normal 0 -1 0
    outer loop
      vertex 922.3542864692438 -540 532.7777478867205
      vertex 1077.6457135307562 -540 532.7777478867205
      vertex 947.9055466999209 -540 538.4423259036623
    endloop
  endfacet
  facet normal 0 -1 0
    outer loop
      vertex 947.9055466999209 -540 538.4423259036623
      vertex 1052.094453300079 -540 538.4423259036623
      vertex 973.8532771757026 -540 541.8584094275236
    endloop
  endfacet
  facet normal 0 -1 0
    outer loop
      vertex 897.3939570022994 -540 524.9077862357725
      vertex 1126.7854785222098 -540 514.892336110995
      vertex 1102.6060429977006 -540 524.9077862357725
    endloop
  endfacet
  facet normal 0 -1 0
    outer loop
      vertex 1077.6457135307562 -540 532.7777478867205
      vertex 1052.094453300079 -540 538.4423259036623
      vertex 947.9055466999209 -540 538.4423259036623
    endloop
  endfacet
  facet normal 0 -1 0
    outer loop
      vertex 973.8532771757026 -540 541.8584094275236
      vertex 1052.094453300079 -540 538.4423259036623
      vertex 1026.1467228242975 -540 541.8584094275236
    endloop
  endfacet
  facet normal 0 -1 0
    outer loop
      vertex 922.3542864692438 -540 532.7777478867205
      vertex 1102.6060429977006 -540 524.9077862357725
      vertex 1077.6457135307562 -540 532.7777478867205
    endloop
  endfacet
  facet normal -0.4617486132350326 -6.146148997745397e-18 -0.8870108331782224
    outer loop
      vertex 1126.7854785222098 -540 514.892336110995
      vertex 1150 -540 502.8076211353316
      vertex 1150 -704.6321351390568 502.8076211353316
    endloop
  endfacet
  facet normal -0.3007057995042735 0 -0.9537169507482267
    outer loop
      vertex 1102.6060429977006 -704.2756808631651 524.9077862357725
      vertex 1077.6457135307562 -540 532.7777478867205
      vertex 1102.6060429977006 -540 524.9077862357725
    endloop
  endfacet
  facet normal -0.21643961393809957 0 -0.9762960071199341
    outer loop
      vertex 1077.6457135307562 -704.1487459977994 532.7777478867205
      vertex 1052.094453300079 -540 538.4423259036623
      vertex 1077.6457135307562 -540 532.7777478867205
    endloop
  endfacet
  facet normal -0.3826834323650899 0 -0.9238795325112866
    outer loop
      vertex 1126.7854785222098 -704.4372203813422 514.892336110995
      vertex 1102.6060429977006 -540 524.9077862357725
      vertex 1126.7854785222098 -540 514.892336110995
    endloop
  endfacet
  facet normal 0 -1 0
    outer loop
      vertex 850 -540 502.8076211353316
      vertex 1172.0729309053138 -540 488.74561328669756
      vertex 1150 -540 502.8076211353316
    endloop
  endfacet
  facet normal 0 -1 0
    outer loop
      vertex 873.2145214777902 -540 514.892336110995
      vertex 1150 -540 502.8076211353316
      vertex 1126.7854785222098 -540 514.892336110995
    endloop
  endfacet
  facet normal -0.9238795325112864 1.6131791597723295e-18 -0.38268343236509067
    outer loop
      vertex 1281.9077862357726 -696.2351767147229 345.6060429977006
      vertex 1271.892336110995 -697.8120964226828 369.7854785222098
      vertex 1271.892336110995 -540 369.7854785222098
    endloop
  endfacet
  facet normal -0.8870108331782205 1.4325039642581186e-18 -0.46174861323503597
    outer loop
      vertex 1271.892336110995 -697.8120964226828 369.7854785222098
      vertex 1259.8076211353316 -699.326086953689 393
      vertex 1259.8076211353316 -540 393
    endloop
  endfacet
  facet normal -0.7933533402912328 0 -0.6087614290087235
    outer loop
      vertex 1229.8133329356933 -702.119757577707 435.83628290596175
      vertex 1229.8133329356933 -540 435.83628290596175
      vertex 1245.7456132866976 -700.7656259256285 415.0729309053138
    endloop
  endfacet
  facet normal -0.8433914458128856 -2.674136023534571e-18 -0.5372996083468239
    outer loop
      vertex 1259.8076211353316 -699.326086953689 393
      vertex 1245.7456132866976 -700.7656259256285 415.0729309053138
      vertex 1245.7456132866976 -540 415.0729309053138
    endloop
  endfacet
  facet normal -0.8870108331782205 0 -0.46174861323503597
    outer loop
      vertex 1271.892336110995 -697.8120964226828 369.7854785222098
      vertex 1259.8076211353316 -540 393
      vertex 1271.892336110995 -540 369.7854785222098
    endloop
  endfacet
  facet normal -0.8433914458128856 0 -0.5372996083468239
    outer loop
      vertex 1259.8076211353316 -699.326086953689 393
      vertex 1245.7456132866976 -540 415.0729309053138
      vertex 1259.8076211353316 -540 393
    endloop
  endfacet
  facet normal -0.7933533402912327 0 -0.6087614290087235
    outer loop
      vertex 1245.7456132866976 -700.7656259256285 415.0729309053138
      vertex 1229.8133329356933 -540 435.83628290596175
      vertex 1245.7456132866976 -540 415.0729309053138
    endloop
  endfacet
  facet normal -0.7372773368101246 0 -0.6755902076156597
    outer loop
      vertex 1229.8133329356933 -702.119757577707 435.83628290596175
      vertex 1212.1320343559642 -540 455.13203435596427
      vertex 1229.8133329356933 -540 435.83628290596175
    endloop
  endfacet
  facet normal -0.7372773368101246 -4.1365735971076013e-19 -0.6755902076156596
    outer loop
      vertex 1229.8133329356933 -702.119757577707 435.83628290596175
      vertex 1212.1320343559642 -703.3781761504052 455.13203435596427
      vertex 1212.1320343559642 -540 455.13203435596427
    endloop
  endfacet
  facet normal -0.6755902076156618 4.3758208356561785e-18 -0.7372773368101226
    outer loop
      vertex 1212.1320343559642 -703.3781761504052 455.13203435596427
      vertex 1192.8362829059618 -704.5313043185313 472.81333293569344
      vertex 1192.8362829059618 -540 472.81333293569344
    endloop
  endfacet
  facet normal -0.6087614290087254 -3.456675482537328e-16 -0.7933533402912314
    outer loop
      vertex 1185.0563021383496 -704.920638397336 478.7831221446395
      vertex 1181.8814077298102 -704.9803337976336 481.21930430829525
      vertex 1172.0729309053138 -540 488.74561328669756
    endloop
  endfacet
  facet normal -0.6087614290087178 6.201777956455053e-16 -0.7933533402912374
    outer loop
      vertex 1192.8362829059618 -704.5313043185313 472.81333293569344
      vertex 1185.0563021383496 -704.920638397336 478.7831221446395
      vertex 1172.0729309053138 -540 488.74561328669756
    endloop
  endfacet
  facet normal -0.6087614290087218 -1.6112941846346027e-18 -0.7933533402912343
    outer loop
      vertex 1181.8814077298102 -704.9803337976336 481.21930430829525
      vertex 1172.0729309053138 -704.8589417173102 488.74561328669756
      vertex 1172.0729309053138 -540 488.74561328669756
    endloop
  endfacet
  facet normal -0.5372996083468239 -2.611331932679382e-18 -0.8433914458128857
    outer loop
      vertex 1172.0729309053138 -704.8589417173102 488.74561328669756
      vertex 1150 -704.6321351390568 502.8076211353316
      vertex 1150 -540 502.8076211353316
    endloop
  endfacet
  facet normal -0.6755902076156618 0 -0.7372773368101226
    outer loop
      vertex 1212.1320343559642 -703.3781761504052 455.13203435596427
      vertex 1192.8362829059618 -540 472.81333293569344
      vertex 1212.1320343559642 -540 455.13203435596427
    endloop
  endfacet
  facet normal -0.6087614290087208 0 -0.7933533402912349
    outer loop
      vertex 1192.8362829059618 -704.5313043185313 472.81333293569344
      vertex 1172.0729309053138 -540 488.74561328669756
      vertex 1192.8362829059618 -540 472.81333293569344
    endloop
  endfacet
  facet normal -0.5372996083468238 0 -0.8433914458128856
    outer loop
      vertex 1172.0729309053138 -704.8589417173102 488.74561328669756
      vertex 1150 -540 502.8076211353316
      vertex 1172.0729309053138 -540 488.74561328669756
    endloop
  endfacet
  facet normal 0.043619387365337936 0 -0.9990482215818577
    outer loop
      vertex 973.8532771757026 -704.0022837148513 541.8584094275236
      vertex 973.8532771757026 -540 541.8584094275236
      vertex 1000 -703.9838709636782 543
    endloop
  endfacet
  facet normal -0.04361938736533775 0 -0.9990482215818577
    outer loop
      vertex 1000 -703.9838709636782 543
      vertex 1000 -540 543
      vertex 1026.1467228242975 -704.0022837148513 541.8584094275236
    endloop
  endfacet
  facet normal 0.04361938736533794 0 -0.9990482215818577
    outer loop
      vertex 1000 -703.9838709636782 543
      vertex 973.8532771757026 -540 541.8584094275236
      vertex 1000 -540 543
    endloop
  endfacet
  facet normal -0.04361938736533774 0 -0.9990482215818577
    outer loop
      vertex 1026.1467228242975 -704.0022837148513 541.8584094275236
      vertex 1000 -540 543
      vertex 1026.1467228242975 -540 541.8584094275236
    endloop
  endfacet
  facet normal 0 -1 0
    outer loop
      vertex 973.8532771757026 -540 541.8584094275236
      vertex 1026.1467228242975 -540 541.8584094275236
      vertex 1000 -540 543
    endloop
  endfacet
  facet normal 0.9762960071199347 0 0.2164396139380967
    outer loop
      vertex 704.5576740963377 -653.4273099449641 190.9055466999209
      vertex 706.5319862676275 -646.668 182
      vertex 704.5576740963377 -645.6791600246681 190.9055466999209
    endloop
  endfacet
  facet normal 0.9914448613738046 -2.492365098229078e-19 0.1305261922200958
    outer loop
      vertex 704.5576740963377 -653.4273099449641 190.9055466999209
      vertex 704.4135865858894 -646.499999999694 192
      vertex 704.4135865858894 -654.2579999996902 192
    endloop
  endfacet
  facet normal 0.9914448613738045 0 0.1305261922200958
    outer loop
      vertex 704.5576740963377 -653.4273099449641 190.9055466999209
      vertex 704.5576740963377 -645.6791600246681 190.9055466999209
      vertex 704.4135865858894 -646.499999999694 192
    endloop
  endfacet
  facet normal 0.9762960071199351 0 0.21643961393809485
    outer loop
      vertex 707.9808551428938 -639.8502070949971 175.4645748436451
      vertex 708.5125818700784 -635.7508755156398 173.066110573709
      vertex 707.9808551428938 -632.2630504891276 175.4645748436451
    endloop
  endfacet
  facet normal 0.9762960071199316 1.9069360848553748e-18 0.21643961393811137
    outer loop
      vertex 707.3151930047433 -643.5193642049134 178.4671827107668
      vertex 706.5319862676275 -639 182
      vertex 706.5319862676275 -646.668 182
    endloop
  endfacet
  facet normal 0.9762960071199364 -2.601137528321985e-18 0.2164396139380891
    outer loop
      vertex 707.9808551428938 -639.8502070949971 175.4645748436451
      vertex 707.3151930047433 -635.8886998072267 178.4671827107668
      vertex 707.3151930047433 -643.5193642049134 178.4671827107668
    endloop
  endfacet
  facet normal 0.9762960071199364 0 0.21643961393808908
    outer loop
      vertex 707.9808551428938 -639.8502070949971 175.4645748436451
      vertex 707.9808551428938 -632.2630504891276 175.4645748436451
      vertex 707.3151930047433 -635.8886998072267 178.4671827107668
    endloop
  endfacet
  facet normal 0.9762960071199315 0 0.21643961393811134
    outer loop
      vertex 707.3151930047433 -643.5193642049134 178.4671827107668
      vertex 707.3151930047433 -635.8886998072267 178.4671827107668
      vertex 706.5319862676275 -639 182
    endloop
  endfacet
  facet normal 0.9762960071199345 -5.59378462117349e-15 0.21643961393809777
    outer loop
      vertex 708.5125818700784 -635.7508755156398 173.066110573709
      vertex 708.7489328940569 -633.0300526252117 172
      vertex 708.3546835428424 -629.4152055631386 173.77834390108669
    endloop
  endfacet
  facet normal 0.9762960071199331 -6.282019044774829e-15 0.21643961393810363
    outer loop
      vertex 708.5125818700784 -635.7508755156398 173.066110573709
      vertex 708.3546835428424 -629.4152055631386 173.77834390108669
      vertex 707.9808551428938 -632.2630504891276 175.4645748436451
    endloop
  endfacet
  facet normal 0.9762960071199559 0 0.2164396139380015
    outer loop
      vertex 708.7489328940569 -633.0300526252117 172
      vertex 708.7489328940569 -625.5237674162171 172
      vertex 708.6371373706468 -626.7954733144502 172.5042770181177
    endloop
  endfacet
  facet normal 0.9762960071199347 0 0.2164396139380967
    outer loop
      vertex 706.5319862676275 -646.668 182
      vertex 706.5319862676275 -639 182
      vertex 704.5576740963377 -645.6791600246681 190.9055466999209
    endloop
  endfacet
  facet normal 0.9762960071199199 -1.3722445597548571e-14 0.2164396139381632
    outer loop
      vertex 708.7489328940569 -633.0300526252117 172
      vertex 708.6371373706468 -626.7954733144502 172.5042770181177
      vertex 704.5576740963377 -540 190.9055466999209
    endloop
  endfacet
  facet normal 0.9762960071199388 4.3285632306525454e-15 0.21643961393807848
    outer loop
      vertex 708.7489328940569 -633.0300526252117 172
      vertex 704.5576740963377 -540 190.9055466999209
      vertex 708.3546835428424 -629.4152055631386 173.77834390108669
    endloop
  endfacet
  facet normal 0 -1 0
    outer loop
      vertex 708.7489328940569 -540 172
      vertex 1295.4423259036623 -540 190.9055466999209
      vertex 704.5576740963377 -540 190.9055466999209
    endloop
  endfacet
  facet normal 0 -1 0
    outer loop
      vertex 704.5576740963377 -540 190.9055466999209
      vertex 1295.5864134141104 -540 192
      vertex 704.4135865858894 -540 192
    endloop
  endfacet
  facet normal 0 -1 0
    outer loop
      vertex 708.7489328940569 -540 172
      vertex 1291.251067105943 -540 172
      vertex 1295.4423259036623 -540 190.9055466999209
    endloop
  endfacet
  facet normal 0 -1 0
    outer loop
      vertex 704.5576740963377 -540 190.9055466999209
      vertex 1295.4423259036623 -540 190.9055466999209
      vertex 1295.5864134141104 -540 192
    endloop
  endfacet
  facet normal -0.9762960071199372 0 0.2164396139380848
    outer loop
      vertex 1295.4423259036623 -653.4273099449641 190.9055466999209
      vertex 1295.4423259036623 -645.6791600246681 190.9055466999209
      vertex 1293.4680137323726 -646.668 182
    endloop
  endfacet
  facet normal -0.9914448613738178 0 0.13052619221999456
    outer loop
      vertex 1295.4423259036623 -653.4273099449641 190.9055466999209
      vertex 1295.5864134141104 -654.2579999996902 192
      vertex 1295.4423259036623 -645.6791600246681 190.9055466999209
    endloop
  endfacet
  facet normal -0.9762960071199392 -1.1218739126272903e-14 0.2164396139380766
    outer loop
      vertex 1292.0191448571063 -639.8502070949971 175.4645748436451
      vertex 1291.9748622482896 -631.9257031852701 175.26482890349152
      vertex 1291.4874181299217 -635.7508755156398 173.066110573709
    endloop
  endfacet
  facet normal -0.9762960071199185 -1.6055420098801443e-15 0.21643961393816988
    outer loop
      vertex 1292.6848069952566 -643.5193642049134 178.4671827107668
      vertex 1293.4680137323726 -646.668 182
      vertex 1293.4680137323726 -639 182.00000000000006
    endloop
  endfacet
  facet normal -0.9762960071199555 -1.3157175741367731e-14 0.21643961393800334
    outer loop
      vertex 1292.0191448571063 -639.8502070949971 175.4645748436451
      vertex 1292.6848069952566 -643.5193642049134 178.4671827107668
      vertex 1291.9748622482896 -631.9257031852701 175.26482890349152
    endloop
  endfacet
  facet normal -0.9762960071199216 9.594736747166458e-15 0.21643961393815625
    outer loop
      vertex 1292.6848069952566 -643.5193642049134 178.4671827107668
      vertex 1293.4680137323726 -639 182.00000000000006
      vertex 1292.9895549200437 -637.0993153857246 179.8418117665766
    endloop
  endfacet
  facet normal -0.9762960071199095 0 0.2164396139382106
    outer loop
      vertex 1291.4874181299217 -635.7508755156398 173.066110573709
      vertex 1291.4874181299217 -628.2123275846243 173.066110573709
      vertex 1291.251067105943 -633.0300526252117 172
    endloop
  endfacet
  facet normal -0.9762960071199434 0 0.216439613938058
    outer loop
      vertex 1291.4874181299217 -635.7508755156398 173.066110573709
      vertex 1291.9748622482896 -631.9257031852701 175.26482890349152
      vertex 1291.4874181299217 -628.2123275846243 173.066110573709
    endloop
  endfacet
  facet normal -0.9762960071199147 5.382966509596512e-15 0.21643961393818742
    outer loop
      vertex 1291.251067105943 -633.0300526252117 172
      vertex 1291.4874181299217 -628.2123275846243 173.066110573709
      vertex 1291.3171730729598 -626.2757416062302 172.2981847475648
    endloop
  endfacet
  facet normal -0.9762960071198887 0 0.2164396139383036
    outer loop
      vertex 1291.251067105943 -633.0300526252117 172
      vertex 1291.3171730729598 -626.2757416062302 172.2981847475648
      vertex 1291.251067105943 -625.5237674162171 172
    endloop
  endfacet
  facet normal -0.9762960071199293 2.1236974718757656e-14 0.21643961393812197
    outer loop
      vertex 1292.6848069952566 -643.5193642049134 178.4671827107668
      vertex 1291.9255813964726 -627.6869450988571 175.04253734613246
      vertex 1291.9748622482896 -631.9257031852701 175.26482890349152
    endloop
  endfacet
  facet normal -0.9762960071199375 -1.6044819552887503e-15 0.21643961393808503
    outer loop
      vertex 1293.4680137323726 -646.668 182
      vertex 1295.4423259036623 -645.6791600246681 190.9055466999209
      vertex 1293.4680137323726 -639 182.00000000000006
    endloop
  endfacet
  facet normal -0.976296007119889 0 0.21643961393830366
    outer loop
      vertex 1291.251067105943 -625.5237674162171 172
      vertex 1291.3171730729598 -626.2757416062302 172.2981847475648
      vertex 1291.251067105943 -606.8680644017325 172
    endloop
  endfacet
  facet normal -0.9762960071199187 6.6609217765047875e-15 0.2164396139381693
    outer loop
      vertex 1292.6848069952566 -643.5193642049134 178.4671827107668
      vertex 1292.9895549200437 -637.0993153857246 179.8418117665766
      vertex 1292.0157006409786 -584.9545716565254 175.44903898866974
    endloop
  endfacet
  facet normal -0.9762960071199543 -4.6193927430845856e-15 0.21643961393800812
    outer loop
      vertex 1292.6848069952566 -643.5193642049134 178.4671827107668
      vertex 1291.251067105943 -540 172
      vertex 1291.9255813964726 -627.6869450988571 175.04253734613246
    endloop
  endfacet
  facet normal -0.9914448613738179 4.667653576755178e-20 0.1305261922199946
    outer loop
      vertex 1295.5864134141104 -654.2579999996902 192
      vertex 1295.4423259036623 -540 190.9055466999209
      vertex 1295.4423259036623 -645.6791600246681 190.9055466999209
    endloop
  endfacet
  facet normal -0.991444861373818 0 0.13052619221999456
    outer loop
      vertex 1295.5864134141104 -654.2579999996902 192
      vertex 1295.5864134141104 -646.499999999694 192
      vertex 1295.4423259036623 -540 190.9055466999209
    endloop
  endfacet
  facet normal -0.9762960071199334 0 0.2164396139381029
    outer loop
      vertex 1295.4423259036623 -645.6791600246681 190.9055466999209
      vertex 1295.4423259036623 -540 190.9055466999209
      vertex 1294.6180379203606 -631.1197472106495 187.18742388417547
    endloop
  endfacet
  facet normal -0.9762960071199049 1.0032546251742327e-14 0.2164396139382317
    outer loop
      vertex 1292.6848069952566 -643.5193642049134 178.4671827107668
      vertex 1292.0157006409786 -584.9545716565254 175.44903898866974
      vertex 1291.251067105943 -540 172
    endloop
  endfacet
  facet normal -0.9762960071199213 8.170776209566651e-16 0.2164396139381575
    outer loop
      vertex 1291.9255813964726 -627.6869450988571 175.04253734613246
      vertex 1291.251067105943 -540 172
      vertex 1291.3680840131942 -587.4060620970623 172.52782915860993
    endloop
  endfacet
  facet normal -0.9762960071199367 0 0.21643961393808744
    outer loop
      vertex 1291.251067105943 -589.2198319102456 172
      vertex 1291.3680840131942 -587.4060620970623 172.52782915860993
      vertex 1291.251067105943 -540 172
    endloop
  endfacet
  facet normal -0.9762960071199452 -8.453039628549157e-15 0.2164396139380495
    outer loop
      vertex 1294.6180379203606 -631.1197472106495 187.18742388417547
      vertex 1291.251067105943 -540 172
      vertex 1291.8155341462498 -567.1592331261483 174.5461462787479
    endloop
  endfacet
  facet normal -0.9762960071198978 1.260378064298017e-14 0.21643961393826366
    outer loop
      vertex 1292.0157006409786 -584.9545716565254 175.44903898866974
      vertex 1291.8155341462498 -567.1592331261483 174.5461462787479
      vertex 1291.251067105943 -540 172
    endloop
  endfacet
  facet normal -0.9762960071199343 1.7471405613494426e-16 0.21643961393809885
    outer loop
      vertex 1294.6180379203606 -631.1197472106495 187.18742388417547
      vertex 1295.4423259036623 -540 190.9055466999209
      vertex 1291.251067105943 -540 172
    endloop
  endfacet
  facet normal -0.9914448613738179 0 0.13052619221999456
    outer loop
      vertex 1295.5864134141104 -646.499999999694 192
      vertex 1295.5864134141104 -540 192
      vertex 1295.4423259036623 -540 190.9055466999209
    endloop
  endfacet
  facet normal 0.976296007119929 -4.325715308441444e-15 0.2164396139381219
    outer loop
      vertex 709.1923222193428 540 170
      vertex 704.5576740963377 645.6791600246681 190.9055466999209
      vertex 708.7489328940569 540 172
    endloop
  endfacet
  facet normal 0.9762960071199343 -3.0013159510742564e-18 0.21643961393809888
    outer loop
      vertex 708.7489328940569 540 172
      vertex 704.5576740963377 645.6791600246681 190.9055466999209
      vertex 704.5576740963377 540 190.9055466999209
    endloop
  endfacet
  facet normal 0.9914448613738045 0 0.13052619222009582
    outer loop
      vertex 704.5576740963377 540 190.9055466999209
      vertex 704.5576740963377 645.6791600246681 190.9055466999209
      vertex 704.4135865858894 540 192
    endloop
  endfacet
  facet normal 0.9914448613738105 -4.66231632065721e-16 0.13052619222005157
    outer loop
      vertex 704.4135865858894 540 192
      vertex 704.5576740963377 645.6791600246681 190.9055466999209
      vertex 701.1415905724764 540 216.85327717570254
    endloop
  endfacet
  facet normal 0.9762960071199036 0 0.21643961393823752
    outer loop
      vertex 709.1923222193428 540 170
      vertex 709.1923222193428 615 170
      vertex 709.1104393433269 619.6930339485407 170.3693497851491
    endloop
  endfacet
  facet normal 0.9762960071199447 9.04592064279205e-16 0.21643961393805144
    outer loop
      vertex 709.1923222193428 540 170
      vertex 709.1104393433269 619.6930339485407 170.3693497851491
      vertex 708.8668069469101 624.2705098316073 171.46830450743437
    endloop
  endfacet
  facet normal 0.9762960071199155 -1.5039909931079166e-15 0.21643961393818326
    outer loop
      vertex 709.1923222193428 540 170
      vertex 708.8668069469101 624.2705098316073 171.46830450743437
      vertex 708.7489328940569 625.5541362959415 172
    endloop
  endfacet
  facet normal 0.976296007119957 3.083722076986238e-15 0.21643961393799624
    outer loop
      vertex 709.1923222193428 540 170
      vertex 708.7489328940569 625.5541362959415 172
      vertex 708.4902339384684 628.3713197018864 173.16691557886236
    endloop
  endfacet
  facet normal 0.9762960071198264 -1.9028221515918336e-14 0.21643961393858474
    outer loop
      vertex 709.1923222193428 540 170
      vertex 708.4902339384684 628.3713197018864 173.16691557886236
      vertex 708.46742406335 628.6197149902582 173.26980427652597
    endloop
  endfacet
  facet normal 0.9762960071199291 -1.1245401776504702e-15 0.2164396139381218
    outer loop
      vertex 709.1923222193428 540 170
      vertex 708.46742406335 628.6197149902582 173.26980427652597
      vertex 707.922124829345 632.6335575655103 175.72949016839266
    endloop
  endfacet
  facet normal 0.9762960071199317 -4.069521480135233e-16 0.2164396139381107
    outer loop
      vertex 709.1923222193428 540 170
      vertex 707.922124829345 632.6335575655103 175.72949016839266
      vertex 707.2443363197352 636.2132034376264 178.78679656237364
    endloop
  endfacet
  facet normal 0.9762960071199346 8.640206960018942e-16 0.2164396139380975
    outer loop
      vertex 709.1923222193428 540 170
      vertex 707.2443363197352 636.2132034376264 178.78679656237364
      vertex 706.5319862676275 639 182
    endloop
  endfacet
  facet normal 0.9762960071199357 1.4914571565754204e-15 0.2164396139380926
    outer loop
      vertex 709.1923222193428 540 170
      vertex 706.5319862676275 639 182
      vertex 705.2576913605769 634.482864128138 187.74797287340672
    endloop
  endfacet
  facet normal 0.9762960071199299 -3.630519978127774e-15 0.2164396139381186
    outer loop
      vertex 709.1923222193428 540 170
      vertex 705.2576913605769 634.482864128138 187.74797287340672
      vertex 704.5576740963377 645.6791600246681 190.9055466999209
    endloop
  endfacet
  facet normal 0.9914448613738056 8.921689784551363e-15 0.1305261922200889
    outer loop
      vertex 701.1415905724764 540 216.85327717570254
      vertex 704.5576740963377 645.6791600246681 190.9055466999209
      vertex 704.4135865858894 646.499999999694 192
    endloop
  endfacet
  facet normal 0.9914448613738105 0 0.13052619222005157
    outer loop
      vertex 701.1415905724764 540 216.85327717570254
      vertex 704.4135865858894 646.499999999694 192
      vertex 701.1415905724764 665.1399578807103 216.85327717570254
    endloop
  endfacet
  facet normal 0.9990482215818577 0 0.043619387365337846
    outer loop
      vertex 701.1415905724764 540 216.85327717570254
      vertex 701.1415905724764 665.1399578807103 216.85327717570254
      vertex 700 540 243
    endloop
  endfacet
  facet normal 0.9990482215818577 4.180785093069278e-16 -0.043619387365337846
    outer loop
      vertex 700 540 243
      vertex 700.6945119112827 690.5808872580528 258.9069379866123
      vertex 701.1415905724764 540 269.14672282429746
    endloop
  endfacet
  facet normal 0.9990482215818576 2.249649259944726e-16 0.043619387365338914
    outer loop
      vertex 700 540 243
      vertex 701.1415905724764 665.1399578807103 216.85327717570254
      vertex 700.0061425659485 684.6444840803742 242.85931210964918
    endloop
  endfacet
  facet normal 0.9990482215818677 0 0.04361938736510807
    outer loop
      vertex 700 540 243
      vertex 700.0061425659485 684.6444840803742 242.85931210964918
      vertex 700 684.7336636809624 243
    endloop
  endfacet
  facet normal 0.9990482215818581 0 -0.04361938736532915
    outer loop
      vertex 700 540 243
      vertex 700 684.7336636809624 243
      vertex 700.1674549599471 687.1648246273398 246.83534914255142
    endloop
  endfacet
  facet normal 0.9990482215818575 3.5068121213834483e-16 -0.043619387365342585
    outer loop
      vertex 700 540 243
      vertex 700.1674549599471 687.1648246273398 246.83534914255142
      vertex 700.3561293301369 689.032146371901 251.1567026823759
    endloop
  endfacet
  facet normal 0.9990482215818577 -1.1487767214031362e-17 -0.04361938736533598
    outer loop
      vertex 700 540 243
      vertex 700.3561293301369 689.032146371901 251.1567026823759
      vertex 700.555234755586 690.2004696577787 255.71696666628122
    endloop
  endfacet
  facet normal 0.9990482215818582 -9.47715995091565e-16 -0.04361938736532494
    outer loop
      vertex 700 540 243
      vertex 700.555234755586 690.2004696577787 255.71696666628122
      vertex 700.6945119112827 690.5808872580528 258.9069379866123
    endloop
  endfacet
  facet normal 0.9914448613738102 0 -0.1305261922200533
    outer loop
      vertex 701.1415905724764 540 269.14672282429746
      vertex 701.1415905724764 691.2486993126165 269.14672282429746
      vertex 704.5576740963377 540 295.0944533000791
    endloop
  endfacet
  facet normal 0.9762960071199339 0 -0.21643961393810005
    outer loop
      vertex 704.5576740963377 540 295.0944533000791
      vertex 704.5576740963377 692.9409426043433 295.0944533000791
      vertex 710.2222521132795 540 320.6457135307562
    endloop
  endfacet
  facet normal 0.9537169507482269 0 -0.30070579950427284
    outer loop
      vertex 710.2222521132795 540 320.6457135307562
      vertex 710.2222521132795 694.6073291409574 320.6457135307562
      vertex 718.0922137642275 540 345.6060429977006
    endloop
  endfacet
  facet normal 0.9238795325112863 0 -0.3826834323650906
    outer loop
      vertex 718.0922137642275 540 345.6060429977006
      vertex 718.0922137642275 696.235176714723 345.6060429977006
      vertex 728.107663889005 540 369.7854785222098
    endloop
  endfacet
  facet normal 0.9990482215818575 -4.2642170794322564e-20 -0.04361938736534398
    outer loop
      vertex 700.6945119112827 690.5808872580528 258.9069379866123
      vertex 701.1415905724764 691.2486993126165 269.14672282429746
      vertex 701.1415905724764 540 269.14672282429746
    endloop
  endfacet
  facet normal 0.9914448613738102 0 -0.1305261922200533
    outer loop
      vertex 704.5576740963377 540 295.0944533000791
      vertex 701.1415905724764 691.2486993126165 269.14672282429746
      vertex 704.5576740963377 692.9409426043433 295.0944533000791
    endloop
  endfacet
  facet normal 0.976296007119934 0 -0.21643961393810005
    outer loop
      vertex 710.2222521132795 540 320.6457135307562
      vertex 704.5576740963377 692.9409426043433 295.0944533000791
      vertex 710.2222521132795 694.6073291409574 320.6457135307562
    endloop
  endfacet
  facet normal 0.953716950748227 0 -0.3007057995042729
    outer loop
      vertex 718.0922137642275 540 345.6060429977006
      vertex 710.2222521132795 694.6073291409574 320.6457135307562
      vertex 718.0922137642275 696.235176714723 345.6060429977006
    endloop
  endfacet
  facet normal 0.8870108331782223 0 -0.4617486132350326
    outer loop
      vertex 728.107663889005 540 369.7854785222098
      vertex 728.107663889005 697.8120964226828 369.7854785222098
      vertex 740.1923788646684 540 393
    endloop
  endfacet
  facet normal 0.8433914458128857 0 -0.537299608346824
    outer loop
      vertex 740.1923788646684 540 393
      vertex 740.1923788646684 699.3260869536891 393
      vertex 754.2543867133024 540 415.0729309053138
    endloop
  endfacet
  facet normal 0.793353340291235 0 -0.6087614290087208
    outer loop
      vertex 754.2543867133024 540 415.0729309053138
      vertex 754.2543867133024 700.7656259256285 415.0729309053138
      vertex 770.1866670643066 540 435.83628290596175
    endloop
  endfacet
  facet normal 0.9238795325112864 -1.6131791597723295e-18 -0.38268343236509067
    outer loop
      vertex 718.0922137642275 696.235176714723 345.6060429977006
      vertex 728.107663889005 697.8120964226828 369.7854785222098
      vertex 728.107663889005 540 369.7854785222098
    endloop
  endfacet
  facet normal 0.8870108331782224 0 -0.4617486132350325
    outer loop
      vertex 740.1923788646684 540 393
      vertex 728.107663889005 697.8120964226828 369.7854785222098
      vertex 740.1923788646684 699.3260869536891 393
    endloop
  endfacet
  facet normal 0.8433914458128856 0 -0.5372996083468239
    outer loop
      vertex 754.2543867133024 540 415.0729309053138
      vertex 740.1923788646684 699.3260869536891 393
      vertex 754.2543867133024 700.7656259256285 415.0729309053138
    endloop
  endfacet
  facet normal 0 1 0
    outer loop
      vertex 709.1923222193428 540 170
      vertex 708.7489328940569 540 172
      vertex 1291.251067105943 540 172
    endloop
  endfacet
  facet normal 0 1 0
    outer loop
      vertex 704.4135865858894 540 192
      vertex 701.1415905724764 540 216.85327717570254
      vertex 1298.8584094275236 540 216.85327717570254
    endloop
  endfacet
  facet normal 0 1 0
    outer loop
      vertex 701.1415905724764 540 216.85327717570254
      vertex 700 540 243
      vertex 1300 540 243
    endloop
  endfacet
  facet normal 0 1 0
    outer loop
      vertex 700 540 243
      vertex 701.1415905724764 540 269.14672282429746
      vertex 1298.8584094275236 540 269.14672282429746
    endloop
  endfacet
  facet normal 0 1 0
    outer loop
      vertex 709.1923222193428 540 170
      vertex 1291.251067105943 540 172
      vertex 1290.8076777806573 540 170
    endloop
  endfacet
  facet normal 0 1 0
    outer loop
      vertex 704.4135865858894 540 192
      vertex 1298.8584094275236 540 216.85327717570254
      vertex 1295.5864134141104 540 192
    endloop
  endfacet
  facet normal 0 1 0
    outer loop
      vertex 701.1415905724764 540 216.85327717570254
      vertex 1300 540 243
      vertex 1298.8584094275236 540 216.85327717570254
    endloop
  endfacet
  facet normal 0 1 0
    outer loop
      vertex 700 540 243
      vertex 1298.8584094275236 540 269.14672282429746
      vertex 1300 540 243
    endloop
  endfacet
  facet normal 0 1 0
    outer loop
      vertex 701.1415905724764 540 269.14672282429746
      vertex 704.5576740963377 540 295.0944533000791
      vertex 1295.4423259036623 540 295.0944533000791
    endloop
  endfacet
  facet normal 0 1 0
    outer loop
      vertex 704.5576740963377 540 295.0944533000791
      vertex 710.2222521132795 540 320.6457135307562
      vertex 1289.7777478867206 540 320.6457135307562
    endloop
  endfacet
  facet normal 0 1 0
    outer loop
      vertex 710.2222521132795 540 320.6457135307562
      vertex 718.0922137642275 540 345.6060429977006
      vertex 1281.9077862357726 540 345.6060429977006
    endloop
  endfacet
  facet normal 0 1 0
    outer loop
      vertex 701.1415905724764 540 269.14672282429746
      vertex 1295.4423259036623 540 295.0944533000791
      vertex 1298.8584094275236 540 269.14672282429746
    endloop
  endfacet
  facet normal 0 1 0
    outer loop
      vertex 704.5576740963377 540 295.0944533000791
      vertex 1289.7777478867206 540 320.6457135307562
      vertex 1295.4423259036623 540 295.0944533000791
    endloop
  endfacet
  facet normal 0 1 0
    outer loop
      vertex 710.2222521132795 540 320.6457135307562
      vertex 1281.9077862357726 540 345.6060429977006
      vertex 1289.7777478867206 540 320.6457135307562
    endloop
  endfacet
  facet normal 0 1 0
    outer loop
      vertex 718.0922137642275 540 345.6060429977006
      vertex 1271.892336110995 540 369.7854785222098
      vertex 1281.9077862357726 540 345.6060429977006
    endloop
  endfacet
  facet normal -0.9762960071199408 0 0.216439613938069
    outer loop
      vertex 1290.8076777806573 540 170
      vertex 1291.251067105943 540 172
      vertex 1291.251067105943 625.5541362959415 172
    endloop
  endfacet
  facet normal -0.9762960071199408 0 0.216439613938069
    outer loop
      vertex 1290.8076777806573 540 170
      vertex 1291.251067105943 625.5541362959415 172
      vertex 1290.8076777806573 615 170
    endloop
  endfacet
  facet normal -0.9762960071199674 2.3794823889720762e-14 0.21643961393794933
    outer loop
      vertex 1290.8076777806573 615 170
      vertex 1291.251067105943 625.5541362959415 172
      vertex 1290.8895606566732 619.6930339485407 170.3693497851491
    endloop
  endfacet
  facet normal -0.9762960071199831 4.451774692296884e-14 0.21643961393787836
    outer loop
      vertex 1290.8895606566732 619.6930339485407 170.3693497851491
      vertex 1291.251067105943 625.5541362959415 172
      vertex 1291.13319305309 624.2705098316073 171.46830450743437
    endloop
  endfacet
  facet normal -0.9762960071199114 1.507854557608581e-14 0.21643961393820238
    outer loop
      vertex 1295.4423259036623 540 190.9055466999209
      vertex 1292.755663680265 636.2132034376264 178.78679656237364
      vertex 1292.4880960126316 634.8000819648142 177.57987680867564
    endloop
  endfacet
  facet normal -0.9762960071199321 2.6979012851945525e-15 0.2164396139381087
    outer loop
      vertex 1295.4423259036623 540 190.9055466999209
      vertex 1293.1916493154747 637.9188301387854 180.753400674589
      vertex 1292.755663680265 636.2132034376264 178.78679656237364
    endloop
  endfacet
  facet normal -0.9914448613738098 1.333040443618586e-18 0.13052619222005601
    outer loop
      vertex 1295.5864134141104 540 192
      vertex 1298.8584094275236 540 216.85327717570254
      vertex 1298.8584094275236 665.1399578807102 216.85327717570254
    endloop
  endfacet
  facet normal -0.9914448613738098 0 0.13052619222005601
    outer loop
      vertex 1295.5864134141104 540 192
      vertex 1298.8584094275236 665.1399578807102 216.85327717570254
      vertex 1295.5864134141104 646.499999999694 192
    endloop
  endfacet
  facet normal -0.9990482215818577 0 0.04361938736533784
    outer loop
      vertex 1298.8584094275236 540 216.85327717570254
      vertex 1300 540 243
      vertex 1298.8584094275236 665.1399578807102 216.85327717570254
    endloop
  endfacet
  facet normal -0.9990482215818576 0 -0.043619387365337846
    outer loop
      vertex 1300 540 243
      vertex 1298.8584094275236 540 269.14672282429746
      vertex 1300 684.7336636809624 243
    endloop
  endfacet
  facet normal -0.9990482215818576 2.2496113390886436e-16 0.043619387365338914
    outer loop
      vertex 1300 540 243
      vertex 1299.9938574340515 684.6444840803742 242.85931210964918
      vertex 1298.8584094275236 665.1399578807102 216.85327717570254
    endloop
  endfacet
  facet normal -0.9990482215818677 0 0.04361938736510807
    outer loop
      vertex 1300 540 243
      vertex 1300 684.7336636809624 243
      vertex 1299.9938574340515 684.6444840803742 242.85931210964918
    endloop
  endfacet
  facet normal -0.9990482215818591 6.211405818088383e-15 -0.043619387365303526
    outer loop
      vertex 1300 684.7336636809624 243
      vertex 1298.8584094275236 540 269.14672282429746
      vertex 1299.832545040053 687.1648246273398 246.83534914255142
    endloop
  endfacet
  facet normal -0.9990482215818554 -7.196222902613093e-15 -0.043619387365391796
    outer loop
      vertex 1299.832545040053 687.1648246273398 246.83534914255142
      vertex 1298.8584094275236 540 269.14672282429746
      vertex 1299.643870669863 689.032146371901 251.1567026823759
    endloop
  endfacet
  facet normal -0.9990482215818577 -4.323848773646738e-16 -0.04361938736533586
    outer loop
      vertex 1299.643870669863 689.032146371901 251.1567026823759
      vertex 1298.8584094275236 540 269.14672282429746
      vertex 1299.444765244414 690.2004696577787 255.71696666628122
    endloop
  endfacet
  facet normal -0.9990482215818597 3.680816799530403e-15 -0.04361938736528995
    outer loop
      vertex 1299.444765244414 690.2004696577787 255.71696666628122
      vertex 1298.8584094275236 540 269.14672282429746
      vertex 1299.3054880887173 690.5808872580528 258.9069379866123
    endloop
  endfacet
  facet normal -0.9914448613738102 1.6748110006134185e-18 -0.13052619222005327
    outer loop
      vertex 1298.8584094275236 540 269.14672282429746
      vertex 1295.4423259036623 540 295.0944533000791
      vertex 1295.4423259036623 692.9409426043434 295.0944533000791
    endloop
  endfacet
  facet normal -0.9762960071199349 1.4461513907329114e-18 -0.2164396139380959
    outer loop
      vertex 1295.4423259036623 540 295.0944533000791
      vertex 1289.7777478867206 540 320.6457135307562
      vertex 1289.7777478867206 694.6073291409573 320.6457135307562
    endloop
  endfacet
  facet normal -0.9537169507482269 1.636853023206664e-18 -0.30070579950427284
    outer loop
      vertex 1289.7777478867206 540 320.6457135307562
      vertex 1281.9077862357726 540 345.6060429977006
      vertex 1281.9077862357726 696.2351767147229 345.6060429977006
    endloop
  endfacet
  facet normal -0.9990482215818574 4.264217079432253e-20 -0.04361938736534398
    outer loop
      vertex 1299.3054880887173 690.5808872580528 258.9069379866123
      vertex 1298.8584094275236 540 269.14672282429746
      vertex 1298.8584094275236 691.2486993126166 269.14672282429746
    endloop
  endfacet
  facet normal -0.9914448613738102 0 -0.1305261922200533
    outer loop
      vertex 1298.8584094275236 540 269.14672282429746
      vertex 1295.4423259036623 692.9409426043434 295.0944533000791
      vertex 1298.8584094275236 691.2486993126166 269.14672282429746
    endloop
  endfacet
  facet normal -0.9762960071199349 0 -0.2164396139380959
    outer loop
      vertex 1295.4423259036623 540 295.0944533000791
      vertex 1289.7777478867206 694.6073291409573 320.6457135307562
      vertex 1295.4423259036623 692.9409426043434 295.0944533000791
    endloop
  endfacet
  facet normal -0.953716950748227 0 -0.30070579950427284
    outer loop
      vertex 1289.7777478867206 540 320.6457135307562
      vertex 1281.9077862357726 696.2351767147229 345.6060429977006
      vertex 1289.7777478867206 694.6073291409573 320.6457135307562
    endloop
  endfacet
  facet normal -0.9238795325112864 0 -0.3826834323650906
    outer loop
      vertex 1281.9077862357726 540 345.6060429977006
      vertex 1271.892336110995 697.8120964226829 369.7854785222098
      vertex 1281.9077862357726 696.2351767147229 345.6060429977006
    endloop
  endfacet
  facet normal 0 1 0
    outer loop
      vertex 718.0922137642275 540 345.6060429977006
      vertex 728.107663889005 540 369.7854785222098
      vertex 1271.892336110995 540 369.7854785222098
    endloop
  endfacet
  facet normal 0 1 0
    outer loop
      vertex 728.107663889005 540 369.7854785222098
      vertex 740.1923788646684 540 393
      vertex 1259.8076211353316 540 393
    endloop
  endfacet
  facet normal 0.7372773368101246 0 -0.6755902076156597
    outer loop
      vertex 770.1866670643066 540 435.83628290596175
      vertex 770.1866670643066 702.119757577707 435.83628290596175
      vertex 787.8679656440357 540 455.13203435596427
    endloop
  endfacet
  facet normal 0 1 0
    outer loop
      vertex 740.1923788646684 540 393
      vertex 754.2543867133024 540 415.0729309053138
      vertex 1245.7456132866976 540 415.0729309053138
    endloop
  endfacet
  facet normal 0 1 0
    outer loop
      vertex 754.2543867133024 540 415.0729309053138
      vertex 770.1866670643066 540 435.83628290596175
      vertex 1229.8133329356933 540 435.83628290596175
    endloop
  endfacet
  facet normal 0.793353340291235 -1.8046193905511417e-18 -0.6087614290087209
    outer loop
      vertex 754.2543867133024 700.7656259256285 415.0729309053138
      vertex 770.1866670643066 702.119757577707 435.83628290596175
      vertex 770.1866670643066 540 435.83628290596175
    endloop
  endfacet
  facet normal 0 1 0
    outer loop
      vertex 728.107663889005 540 369.7854785222098
      vertex 1259.8076211353316 540 393
      vertex 1271.892336110995 540 369.7854785222098
    endloop
  endfacet
  facet normal 0 1 0
    outer loop
      vertex 740.1923788646684 540 393
      vertex 1245.7456132866976 540 415.0729309053138
      vertex 1259.8076211353316 540 393
    endloop
  endfacet
  facet normal 0 1 0
    outer loop
      vertex 754.2543867133024 540 415.0729309053138
      vertex 1229.8133329356933 540 435.83628290596175
      vertex 1245.7456132866976 540 415.0729309053138
    endloop
  endfacet
  facet normal 0 1 0
    outer loop
      vertex 770.1866670643066 540 435.83628290596175
      vertex 1212.1320343559642 540 455.13203435596427
      vertex 1229.8133329356933 540 435.83628290596175
    endloop
  endfacet
  facet normal 0.6755902076156597 0 -0.7372773368101246
    outer loop
      vertex 787.8679656440357 540 455.13203435596427
      vertex 787.8679656440357 703.3781761504052 455.13203435596427
      vertex 807.1637170940382 540 472.81333293569344
    endloop
  endfacet
  facet normal 0.6087614290087208 0 -0.7933533402912349
    outer loop
      vertex 807.1637170940382 540 472.81333293569344
      vertex 807.1637170940382 704.5313043185313 472.81333293569344
      vertex 827.9270690946862 540 488.74561328669756
    endloop
  endfacet
  facet normal 0.5372996083468238 0 -0.8433914458128856
    outer loop
      vertex 827.9270690946862 540 488.74561328669756
      vertex 827.9270690946862 704.8589417173102 488.74561328669756
      vertex 850 540 502.8076211353316
    endloop
  endfacet
  facet normal 0 1 0
    outer loop
      vertex 770.1866670643066 540 435.83628290596175
      vertex 787.8679656440357 540 455.13203435596427
      vertex 1212.1320343559642 540 455.13203435596427
    endloop
  endfacet
  facet normal 0 1 0
    outer loop
      vertex 787.8679656440357 540 455.13203435596427
      vertex 807.1637170940382 540 472.81333293569344
      vertex 1192.8362829059618 540 472.81333293569344
    endloop
  endfacet
  facet normal 0 1 0
    outer loop
      vertex 807.1637170940382 540 472.81333293569344
      vertex 827.9270690946862 540 488.74561328669756
      vertex 1172.0729309053138 540 488.74561328669756
    endloop
  endfacet
  facet normal 0.4617486132350326 0 -0.8870108331782224
    outer loop
      vertex 850 540 502.8076211353316
      vertex 850 704.6321351390568 502.8076211353316
      vertex 873.2145214777902 540 514.892336110995
    endloop
  endfacet
  facet normal 0 1 0
    outer loop
      vertex 827.9270690946862 540 488.74561328669756
      vertex 850 540 502.8076211353316
      vertex 1150 540 502.8076211353316
    endloop
  endfacet
  facet normal 0 1 0
    outer loop
      vertex 850 540 502.8076211353316
      vertex 873.2145214777902 540 514.892336110995
      vertex 1126.7854785222098 540 514.892336110995
    endloop
  endfacet
  facet normal 0.38268343236508995 0 -0.9238795325112867
    outer loop
      vertex 873.2145214777902 540 514.892336110995
      vertex 873.2145214777902 704.4372203813421 514.892336110995
      vertex 897.3939570022994 540 524.9077862357725
    endloop
  endfacet
  facet normal 0.3007057995042735 0 -0.9537169507482267
    outer loop
      vertex 897.3939570022994 540 524.9077862357725
      vertex 897.3939570022994 704.2756808631651 524.9077862357725
      vertex 922.3542864692438 540 532.7777478867205
    endloop
  endfacet
  facet normal 0.21643961393809957 0 -0.9762960071199341
    outer loop
      vertex 922.3542864692438 540 532.7777478867205
      vertex 922.3542864692438 704.1487459977996 532.7777478867205
      vertex 947.9055466999209 540 538.4423259036623
    endloop
  endfacet
  facet normal 0.7372773368101246 4.1365735971076013e-19 -0.6755902076156596
    outer loop
      vertex 770.1866670643066 702.119757577707 435.83628290596175
      vertex 787.8679656440357 703.3781761504052 455.13203435596427
      vertex 787.8679656440357 540 455.13203435596427
    endloop
  endfacet
  facet normal 0.6755902076156598 0 -0.7372773368101246
    outer loop
      vertex 807.1637170940382 540 472.81333293569344
      vertex 787.8679656440357 703.3781761504052 455.13203435596427
      vertex 807.1637170940382 704.5313043185313 472.81333293569344
    endloop
  endfacet
  facet normal 0.6087614290087177 -6.277985230575258e-16 -0.7933533402912374
    outer loop
      vertex 827.9270690946862 540 488.74561328669756
      vertex 807.1637170940382 704.5313043185313 472.81333293569344
      vertex 814.9436978616504 704.920638397336 478.7831221446395
    endloop
  endfacet
  facet normal 0.6087614290087253 3.441178108816521e-16 -0.7933533402912316
    outer loop
      vertex 827.9270690946862 540 488.74561328669756
      vertex 814.9436978616504 704.920638397336 478.7831221446395
      vertex 818.1185922701898 704.9803337976336 481.21930430829525
    endloop
  endfacet
  facet normal 0.6087614290087218 0 -0.7933533402912343
    outer loop
      vertex 827.9270690946862 540 488.74561328669756
      vertex 818.1185922701898 704.9803337976336 481.21930430829525
      vertex 827.9270690946862 704.8589417173102 488.74561328669756
    endloop
  endfacet
  facet normal 0.5372996083468239 0 -0.8433914458128857
    outer loop
      vertex 850 540 502.8076211353316
      vertex 827.9270690946862 704.8589417173102 488.74561328669756
      vertex 850 704.6321351390568 502.8076211353316
    endloop
  endfacet
  facet normal 0.46174861323503263 0 -0.8870108331782224
    outer loop
      vertex 873.2145214777902 540 514.892336110995
      vertex 850 704.6321351390568 502.8076211353316
      vertex 873.2145214777902 704.4372203813421 514.892336110995
    endloop
  endfacet
  facet normal 0.38268343236508995 0 -0.9238795325112867
    outer loop
      vertex 897.3939570022994 540 524.9077862357725
      vertex 873.2145214777902 704.4372203813421 514.892336110995
      vertex 897.3939570022994 704.2756808631651 524.9077862357725
    endloop
  endfacet
  facet normal 0.3007057995042735 0 -0.9537169507482268
    outer loop
      vertex 922.3542864692438 540 532.7777478867205
      vertex 897.3939570022994 704.2756808631651 524.9077862357725
      vertex 922.3542864692438 704.1487459977996 532.7777478867205
    endloop
  endfacet
  facet normal 0.21643961393809957 2.1732538835255047e-18 -0.976296007119934
    outer loop
      vertex 922.3542864692438 704.1487459977996 532.7777478867205
      vertex 947.9055466999209 704.0573818362159 538.4423259036623
      vertex 947.9055466999209 540 538.4423259036623
    endloop
  endfacet
  facet normal 0 1 0
    outer loop
      vertex 787.8679656440357 540 455.13203435596427
      vertex 1192.8362829059618 540 472.81333293569344
      vertex 1212.1320343559642 540 455.13203435596427
    endloop
  endfacet
  facet normal 0 1 0
    outer loop
      vertex 807.1637170940382 540 472.81333293569344
      vertex 1172.0729309053138 540 488.74561328669756
      vertex 1192.8362829059618 540 472.81333293569344
    endloop
  endfacet
  facet normal 0 1 0
    outer loop
      vertex 827.9270690946862 540 488.74561328669756
      vertex 1150 540 502.8076211353316
      vertex 1172.0729309053138 540 488.74561328669756
    endloop
  endfacet
  facet normal 0 1 0
    outer loop
      vertex 850 540 502.8076211353316
      vertex 1126.7854785222098 540 514.892336110995
      vertex 1150 540 502.8076211353316
    endloop
  endfacet
  facet normal 0 1 0
    outer loop
      vertex 873.2145214777902 540 514.892336110995
      vertex 897.3939570022994 540 524.9077862357725
      vertex 1102.6060429977006 540 524.9077862357725
    endloop
  endfacet
  facet normal 0 1 0
    outer loop
      vertex 897.3939570022994 540 524.9077862357725
      vertex 922.3542864692438 540 532.7777478867205
      vertex 1077.6457135307562 540 532.7777478867205
    endloop
  endfacet
  facet normal 0 1 0
    outer loop
      vertex 922.3542864692438 540 532.7777478867205
      vertex 947.9055466999209 540 538.4423259036623
      vertex 1052.094453300079 540 538.4423259036623
    endloop
  endfacet
  facet normal 0 1 0
    outer loop
      vertex 947.9055466999209 540 538.4423259036623
      vertex 973.8532771757026 540 541.8584094275236
      vertex 1026.1467228242975 540 541.8584094275236
    endloop
  endfacet
  facet normal 0 1 0
    outer loop
      vertex 897.3939570022994 540 524.9077862357725
      vertex 1077.6457135307562 540 532.7777478867205
      vertex 1102.6060429977006 540 524.9077862357725
    endloop
  endfacet
  facet normal 0 1 0
    outer loop
      vertex 873.2145214777902 540 514.892336110995
      vertex 1102.6060429977006 540 524.9077862357725
      vertex 1126.7854785222098 540 514.892336110995
    endloop
  endfacet
  facet normal 0 1 0
    outer loop
      vertex 922.3542864692438 540 532.7777478867205
      vertex 1052.094453300079 540 538.4423259036623
      vertex 1077.6457135307562 540 532.7777478867205
    endloop
  endfacet
  facet normal 0 1 0
    outer loop
      vertex 947.9055466999209 540 538.4423259036623
      vertex 1026.1467228242975 540 541.8584094275236
      vertex 1052.094453300079 540 538.4423259036623
    endloop
  endfacet
  facet normal 0.1305261922200533 0 -0.9914448613738103
    outer loop
      vertex 947.9055466999209 540 538.4423259036623
      vertex 947.9055466999209 704.0573818362159 538.4423259036623
      vertex 973.8532771757026 540 541.8584094275236
    endloop
  endfacet
  facet normal -0.13052619222005382 0 -0.9914448613738102
    outer loop
      vertex 1026.1467228242975 540 541.8584094275236
      vertex 1026.1467228242975 704.0022837148513 541.8584094275236
      vertex 1052.094453300079 540 538.4423259036623
    endloop
  endfacet
  facet normal -0.46174861323503263 0 -0.8870108331782224
    outer loop
      vertex 1126.7854785222098 540 514.892336110995
      vertex 1126.7854785222098 704.4372203813421 514.892336110995
      vertex 1150 540 502.8076211353316
    endloop
  endfacet
  facet normal -0.21643961393809957 -2.1732538835255047e-18 -0.976296007119934
    outer loop
      vertex 1077.6457135307562 540 532.7777478867205
      vertex 1052.094453300079 540 538.4423259036623
      vertex 1052.094453300079 704.0573818362159 538.4423259036623
    endloop
  endfacet
  facet normal -0.3007057995042735 0 -0.9537169507482268
    outer loop
      vertex 1077.6457135307562 540 532.7777478867205
      vertex 1077.6457135307562 704.1487459977996 532.7777478867205
      vertex 1102.6060429977006 540 524.9077862357725
    endloop
  endfacet
  facet normal -0.38268343236508995 0 -0.9238795325112867
    outer loop
      vertex 1102.6060429977006 540 524.9077862357725
      vertex 1102.6060429977006 704.2756808631651 524.9077862357725
      vertex 1126.7854785222098 540 514.892336110995
    endloop
  endfacet
  facet normal 0.13052619222005327 -1.5618512578965037e-18 -0.9914448613738102
    outer loop
      vertex 947.9055466999209 704.0573818362159 538.4423259036623
      vertex 973.8532771757026 704.0022837148513 541.8584094275236
      vertex 973.8532771757026 540 541.8584094275236
    endloop
  endfacet
  facet normal -0.13052619222005382 0 -0.99144486137381
    outer loop
      vertex 1052.094453300079 540 538.4423259036623
      vertex 1026.1467228242975 704.0022837148513 541.8584094275236
      vertex 1052.094453300079 704.0573818362159 538.4423259036623
    endloop
  endfacet
  facet normal -0.4617486132350326 -6.146148997745397e-18 -0.8870108331782224
    outer loop
      vertex 1126.7854785222098 704.4372203813421 514.892336110995
      vertex 1150 704.6321351390568 502.8076211353316
      vertex 1150 540 502.8076211353316
    endloop
  endfacet
  facet normal -0.3007057995042735 0 -0.9537169507482267
    outer loop
      vertex 1102.6060429977006 540 524.9077862357725
      vertex 1077.6457135307562 704.1487459977996 532.7777478867205
      vertex 1102.6060429977006 704.2756808631651 524.9077862357725
    endloop
  endfacet
  facet normal -0.21643961393809957 0 -0.9762960071199341
    outer loop
      vertex 1077.6457135307562 540 532.7777478867205
      vertex 1052.094453300079 704.0573818362159 538.4423259036623
      vertex 1077.6457135307562 704.1487459977996 532.7777478867205
    endloop
  endfacet
  facet normal -0.38268343236508995 0 -0.9238795325112867
    outer loop
      vertex 1126.7854785222098 540 514.892336110995
      vertex 1102.6060429977006 704.2756808631651 524.9077862357725
      vertex 1126.7854785222098 704.4372203813421 514.892336110995
    endloop
  endfacet
  facet normal -0.9238795325112863 1.6131791597723281e-18 -0.3826834323650906
    outer loop
      vertex 1281.9077862357726 540 345.6060429977006
      vertex 1271.892336110995 540 369.7854785222098
      vertex 1271.892336110995 697.8120964226829 369.7854785222098
    endloop
  endfacet
  facet normal -0.8870108331782206 1.4325039642581176e-18 -0.461748613235036
    outer loop
      vertex 1271.892336110995 540 369.7854785222098
      vertex 1259.8076211353316 540 393
      vertex 1259.8076211353316 699.3260869536891 393
    endloop
  endfacet
  facet normal -0.7933533402912328 0 -0.6087614290087235
    outer loop
      vertex 1229.8133329356933 540 435.83628290596175
      vertex 1229.8133329356933 702.119757577707 435.83628290596175
      vertex 1245.7456132866976 540 415.0729309053138
    endloop
  endfacet
  facet normal -0.7372773368101246 0 -0.6755902076156597
    outer loop
      vertex 1229.8133329356933 540 435.83628290596175
      vertex 1212.1320343559642 540 455.13203435596427
      vertex 1229.8133329356933 702.119757577707 435.83628290596175
    endloop
  endfacet
  facet normal -0.8433914458128856 -2.674136023534571e-18 -0.5372996083468239
    outer loop
      vertex 1259.8076211353316 540 393
      vertex 1245.7456132866976 540 415.0729309053138
      vertex 1245.7456132866976 700.7656259256285 415.0729309053138
    endloop
  endfacet
  facet normal -0.8870108331782206 0 -0.461748613235036
    outer loop
      vertex 1271.892336110995 540 369.7854785222098
      vertex 1259.8076211353316 699.3260869536891 393
      vertex 1271.892336110995 697.8120964226829 369.7854785222098
    endloop
  endfacet
  facet normal -0.8433914458128857 0 -0.537299608346824
    outer loop
      vertex 1259.8076211353316 540 393
      vertex 1245.7456132866976 700.7656259256285 415.0729309053138
      vertex 1259.8076211353316 699.3260869536891 393
    endloop
  endfacet
  facet normal -0.7933533402912327 0 -0.6087614290087235
    outer loop
      vertex 1245.7456132866976 540 415.0729309053138
      vertex 1229.8133329356933 702.119757577707 435.83628290596175
      vertex 1245.7456132866976 700.7656259256285 415.0729309053138
    endloop
  endfacet
  facet normal -0.6755902076156619 4.3758208356561785e-18 -0.7372773368101226
    outer loop
      vertex 1212.1320343559642 540 455.13203435596427
      vertex 1192.8362829059618 540 472.81333293569344
      vertex 1192.8362829059618 704.5313043185313 472.81333293569344
    endloop
  endfacet
  facet normal -0.6087614290087208 1.7746350611533803e-18 -0.793353340291235
    outer loop
      vertex 1192.8362829059618 540 472.81333293569344
      vertex 1172.0729309053138 540 488.74561328669756
      vertex 1172.0729309053138 704.8589417173102 488.74561328669756
    endloop
  endfacet
  facet normal -0.5372996083468239 -2.611331932679382e-18 -0.8433914458128857
    outer loop
      vertex 1172.0729309053138 540 488.74561328669756
      vertex 1150 540 502.8076211353316
      vertex 1150 704.6321351390568 502.8076211353316
    endloop
  endfacet
  facet normal -0.7372773368101245 -4.1365735971075984e-19 -0.6755902076156597
    outer loop
      vertex 1229.8133329356933 702.119757577707 435.83628290596175
      vertex 1212.1320343559642 540 455.13203435596427
      vertex 1212.1320343559642 703.3781761504054 455.13203435596427
    endloop
  endfacet
  facet normal -0.6755902076156618 0 -0.7372773368101225
    outer loop
      vertex 1212.1320343559642 540 455.13203435596427
      vertex 1192.8362829059618 704.5313043185313 472.81333293569344
      vertex 1212.1320343559642 703.3781761504054 455.13203435596427
    endloop
  endfacet
  facet normal -0.6087614290087177 0 -0.7933533402912374
    outer loop
      vertex 1192.8362829059618 540 472.81333293569344
      vertex 1185.0563021383496 704.920638397336 478.7831221446395
      vertex 1192.8362829059618 704.5313043185313 472.81333293569344
    endloop
  endfacet
  facet normal -0.6087614290087254 -5.877144126402581e-16 -0.7933533402912315
    outer loop
      vertex 1192.8362829059618 540 472.81333293569344
      vertex 1181.8814077298102 704.9803337976336 481.21930430829525
      vertex 1185.0563021383496 704.920638397336 478.7831221446395
    endloop
  endfacet
  facet normal -0.6087614290087218 -1.9904729650499132e-16 -0.7933533402912344
    outer loop
      vertex 1192.8362829059618 540 472.81333293569344
      vertex 1172.0729309053138 704.8589417173102 488.74561328669756
      vertex 1181.8814077298102 704.9803337976336 481.21930430829525
    endloop
  endfacet
  facet normal -0.5372996083468238 0 -0.8433914458128856
    outer loop
      vertex 1172.0729309053138 540 488.74561328669756
      vertex 1150 704.6321351390568 502.8076211353316
      vertex 1172.0729309053138 704.8589417173102 488.74561328669756
    endloop
  endfacet
  facet normal 0 1 0
    outer loop
      vertex 973.8532771757026 540 541.8584094275236
      vertex 1000 540 543
      vertex 1026.1467228242975 540 541.8584094275236
    endloop
  endfacet
  facet normal 0.043619387365337936 0 -0.9990482215818577
    outer loop
      vertex 973.8532771757026 540 541.8584094275236
      vertex 973.8532771757026 704.0022837148513 541.8584094275236
      vertex 1000 540 543
    endloop
  endfacet
  facet normal -0.04361938736533775 0 -0.9990482215818577
    outer loop
      vertex 1000 540 543
      vertex 1000 703.9838709636782 543
      vertex 1026.1467228242975 540 541.8584094275236
    endloop
  endfacet
  facet normal 0.04361938736533794 0 -0.9990482215818577
    outer loop
      vertex 1000 540 543
      vertex 973.8532771757026 704.0022837148513 541.8584094275236
      vertex 1000 703.9838709636782 543
    endloop
  endfacet
  facet normal -0.04361938736533774 0 -0.9990482215818577
    outer loop
      vertex 1026.1467228242975 540 541.8584094275236
      vertex 1000 703.9838709636782 543
      vertex 1026.1467228242975 704.0022837148513 541.8584094275236
    endloop
  endfacet
  facet normal 0.9762960071199555 0 0.2164396139380033
    outer loop
      vertex 708.7489328940569 625.5541362959415 172
      vertex 708.7489328940569 633.0607859314928 172
      vertex 708.4902339384684 628.3713197018864 173.16691557886236
    endloop
  endfacet
  facet normal 0.9762960071199495 7.075164501279283e-15 0.2164396139380304
    outer loop
      vertex 708.7489328940569 633.0607859314928 172
      vertex 708.46742406335 636.1631515701413 173.26980427652597
      vertex 708.4902339384684 628.3713197018864 173.16691557886236
    endloop
  endfacet
  facet normal 0.9762960071198362 0 0.21643961393854094
    outer loop
      vertex 708.46742406335 628.6197149902582 173.26980427652597
      vertex 708.4902339384684 628.3713197018864 173.16691557886236
      vertex 708.46742406335 636.1631515701413 173.26980427652597
    endloop
  endfacet
  facet normal 0.9762960071199296 0 0.21643961393812006
    outer loop
      vertex 708.46742406335 628.6197149902582 173.26980427652597
      vertex 708.46742406335 636.1631515701413 173.26980427652597
      vertex 707.922124829345 632.6335575655103 175.72949016839266
    endloop
  endfacet
  facet normal 0.9762960071199295 0 0.21643961393812006
    outer loop
      vertex 707.922124829345 632.6335575655103 175.72949016839266
      vertex 708.46742406335 636.1631515701413 173.26980427652597
      vertex 707.922124829345 640.2251602562964 175.72949016839266
    endloop
  endfacet
  facet normal 0.9762960071199317 0 0.21643961393811023
    outer loop
      vertex 707.922124829345 632.6335575655103 175.72949016839266
      vertex 707.922124829345 640.2251602562964 175.72949016839266
      vertex 707.2443363197352 636.2132034376264 178.78679656237364
    endloop
  endfacet
  facet normal 0.9762960071199317 0 0.21643961393811026
    outer loop
      vertex 707.2443363197352 636.2132034376264 178.78679656237364
      vertex 707.922124829345 640.2251602562964 175.72949016839266
      vertex 707.2443363197352 643.8477618788779 178.78679656237364
    endloop
  endfacet
  facet normal 0.9762960071199344 0 0.21643961393809819
    outer loop
      vertex 707.2443363197352 636.2132034376264 178.78679656237364
      vertex 707.2443363197352 643.8477618788779 178.78679656237364
      vertex 706.5319862676275 639 182
    endloop
  endfacet
  facet normal 0.9762960071199345 -2.619327967915843e-18 0.2164396139380982
    outer loop
      vertex 707.2443363197352 643.8477618788779 178.78679656237364
      vertex 706.5319862676275 646.668 182
      vertex 706.5319862676275 639 182
    endloop
  endfacet
  facet normal 0.9762960071199355 2.3040185673499908e-15 0.21643961393809316
    outer loop
      vertex 705.2576913605769 634.482864128138 187.74797287340672
      vertex 706.5319862676275 639 182
      vertex 704.5576740963377 653.4273099449642 190.9055466999209
    endloop
  endfacet
  facet normal 0.9762960071199347 0 0.2164396139380967
    outer loop
      vertex 706.5319862676275 639 182
      vertex 706.5319862676275 646.668 182
      vertex 704.5576740963377 653.4273099449642 190.9055466999209
    endloop
  endfacet
  facet normal 0.9762960071199325 -6.128315418473657e-19 0.21643961393810632
    outer loop
      vertex 705.2576913605769 634.482864128138 187.74797287340672
      vertex 704.5576740963377 653.4273099449642 190.9055466999209
      vertex 704.5576740963377 645.6791600246681 190.9055466999209
    endloop
  endfacet
  facet normal 0.9914448613738046 0 0.1305261922200958
    outer loop
      vertex 704.5576740963377 645.6791600246681 190.9055466999209
      vertex 704.5576740963377 653.4273099449642 190.9055466999209
      vertex 704.4135865858894 646.499999999694 192
    endloop
  endfacet
  facet normal 0.9914448613738046 0 0.1305261922200958
    outer loop
      vertex 704.4135865858894 646.499999999694 192
      vertex 704.5576740963377 653.4273099449642 190.9055466999209
      vertex 704.4135865858894 654.2579999996904 192
    endloop
  endfacet
  facet normal 0 1 0
    outer loop
      vertex 708.7489328940569 540 172
      vertex 704.5576740963377 540 190.9055466999209
      vertex 1291.251067105943 540 172
    endloop
  endfacet
  facet normal 0 1 0
    outer loop
      vertex 704.5576740963377 540 190.9055466999209
      vertex 704.4135865858894 540 192
      vertex 1295.4423259036623 540 190.9055466999209
    endloop
  endfacet
  facet normal 0 1 0
    outer loop
      vertex 704.5576740963377 540 190.9055466999209
      vertex 1295.4423259036623 540 190.9055466999209
      vertex 1291.251067105943 540 172
    endloop
  endfacet
  facet normal 0 1 0
    outer loop
      vertex 704.4135865858894 540 192
      vertex 1295.5864134141104 540 192
      vertex 1295.4423259036623 540 190.9055466999209
    endloop
  endfacet
  facet normal -0.9762960071199344 0 0.21643961393809885
    outer loop
      vertex 1291.251067105943 540 172
      vertex 1295.4423259036623 540 190.9055466999209
      vertex 1291.251067105943 625.5541362959415 172
    endloop
  endfacet
  facet normal -0.9914448613738179 0 0.1305261922199946
    outer loop
      vertex 1295.4423259036623 540 190.9055466999209
      vertex 1295.5864134141104 540 192
      vertex 1295.4423259036623 653.4273099449642 190.9055466999209
    endloop
  endfacet
  facet normal -0.9762960071199344 4.225274444354316e-17 0.216439613938099
    outer loop
      vertex 1295.4423259036623 540 190.9055466999209
      vertex 1291.251067105943 633.0607859314928 172
      vertex 1291.251067105943 625.5541362959415 172
    endloop
  endfacet
  facet normal -0.9762960071199296 4.4659121938411425e-15 0.2164396139381199
    outer loop
      vertex 1295.4423259036623 540 190.9055466999209
      vertex 1291.5325759366501 636.1631515701413 173.26980427652597
      vertex 1291.251067105943 633.0607859314928 172
    endloop
  endfacet
  facet normal -0.976296007119938 -2.897355201104975e-15 0.21643961393808153
    outer loop
      vertex 1295.4423259036623 540 190.9055466999209
      vertex 1292.077875170655 640.2251602562964 175.72949016839266
      vertex 1291.5325759366501 636.1631515701413 173.26980427652597
    endloop
  endfacet
  facet normal -0.9762960071199355 -9.269520801154954e-16 0.21643961393809377
    outer loop
      vertex 1295.4423259036623 540 190.9055466999209
      vertex 1292.4880960126316 634.8000819648142 177.57987680867564
      vertex 1292.077875170655 640.2251602562964 175.72949016839266
    endloop
  endfacet
  facet normal -0.9762960071199601 -1.1066191918839764e-14 0.21643961393798217
    outer loop
      vertex 1295.4423259036623 540 190.9055466999209
      vertex 1293.4680137323724 646.668 182
      vertex 1293.1916493154747 637.9188301387854 180.753400674589
    endloop
  endfacet
  facet normal -0.9762960071199321 0 0.21643961393810862
    outer loop
      vertex 1295.4423259036623 540 190.9055466999209
      vertex 1295.4423259036623 653.4273099449642 190.9055466999209
      vertex 1293.4680137323724 646.668 182
    endloop
  endfacet
  facet normal -0.9914448613738179 0 0.13052619221999456
    outer loop
      vertex 1295.5864134141104 540 192
      vertex 1295.5864134141104 646.499999999694 192
      vertex 1295.4423259036623 653.4273099449642 190.9055466999209
    endloop
  endfacet
  facet normal -0.9762960071199153 3.1385142131056305e-14 0.21643961393818412
    outer loop
      vertex 1292.4880960126316 634.8000819648142 177.57987680867564
      vertex 1292.755663680265 636.2132034376264 178.78679656237364
      vertex 1292.077875170655 640.2251602562964 175.72949016839266
    endloop
  endfacet
  facet normal -0.976296007119924 0 0.21643961393814484
    outer loop
      vertex 1292.755663680265 636.2132034376264 178.78679656237364
      vertex 1292.755663680265 643.8477618788779 178.78679656237364
      vertex 1292.077875170655 640.2251602562964 175.72949016839266
    endloop
  endfacet
  facet normal -0.9762960071199316 0 0.2164396139381111
    outer loop
      vertex 1292.755663680265 636.2132034376264 178.78679656237364
      vertex 1293.1916493154747 637.9188301387854 180.753400674589
      vertex 1292.755663680265 643.8477618788779 178.78679656237364
    endloop
  endfacet
  facet normal -0.976296007119945 -2.1223656112043273e-14 0.21643961393805006
    outer loop
      vertex 1293.1916493154747 637.9188301387854 180.753400674589
      vertex 1293.4680137323724 646.668 182
      vertex 1292.755663680265 643.8477618788779 178.78679656237364
    endloop
  endfacet
  facet normal -0.9914448613738179 0 0.13052619221999456
    outer loop
      vertex 1295.5864134141104 646.499999999694 192
      vertex 1295.5864134141104 654.2579999996904 192
      vertex 1295.4423259036623 653.4273099449642 190.9055466999209
    endloop
  endfacet
  facet normal 0.9990482215818576 -2.253911212545977e-16 0.043619387365338914
    outer loop
      vertex -1334.8584094275236 -665.1399578807102 216.85327717570254
      vertex -1336 -540 243
      vertex -1335.9938574340515 -684.6444840803742 242.85931210964918
    endloop
  endfacet
  facet normal 0.9990482215818677 -2.244084589237523e-21 0.04361938736510807
    outer loop
      vertex -1335.9938574340515 -684.6444840803742 242.85931210964918
      vertex -1336 -540 243
      vertex -1336 -684.7386687156501 243
    endloop
  endfacet
  facet normal 0.999048221581856 6.8454808354897485e-15 -0.04361938736537566
    outer loop
      vertex -1336 -684.7386687156501 243
      vertex -1334.8584094275236 -540 269.14672282429746
      vertex -1335.8895862173097 -686.4316553175449 245.52889139205217
    endloop
  endfacet
  facet normal 0.9990482215818576 1.0047907348193875e-15 -0.043619387365339525
    outer loop
      vertex -1335.7052171778298 -688.5123786181211 249.75163664668798
      vertex -1335.8895862173097 -686.4316553175449 245.52889139205217
      vertex -1334.8584094275236 -540 269.14672282429746
    endloop
  endfacet
  facet normal 0.9990482215818581 -6.519473266946779e-16 -0.04361938736532686
    outer loop
      vertex -1335.7052171778298 -688.5123786181211 249.75163664668798
      vertex -1334.8584094275236 -540 269.14672282429746
      vertex -1335.5089065284474 -689.906901858747 254.24788973480463
    endloop
  endfacet
  facet normal 0.9990482215818588 -2.2808406236021563e-15 -0.04361938736531051
    outer loop
      vertex -1335.5089065284474 -689.906901858747 254.24788973480463
      vertex -1334.8584094275236 -540 269.14672282429746
      vertex -1335.3054880887173 -690.5808872580528 258.9069379866123
    endloop
  endfacet
  facet normal 0.9762960071199267 0 0.216439613938133
    outer loop
      vertex -1327.251067105943 -625.5237674162171 172
      vertex -1327.102719689166 -623.8362733274698 171.33084804564714
      vertex -1327.251067105943 -622.9941018405711 172
    endloop
  endfacet
  facet normal 0.9762960071199394 5.764419477931938e-15 0.21643961393807548
    outer loop
      vertex -1327.102719689166 -623.8362733274698 171.33084804564714
      vertex -1326.8745220893836 -619.2426406890154 170.30151519179344
      vertex -1327.251067105943 -616.8403378934256 172
    endloop
  endfacet
  facet normal 0.9762960071199396 6.433523155783988e-15 0.21643961393807462
    outer loop
      vertex -1326.8745220893836 -619.2426406890154 170.30151519179344
      vertex -1326.8076777806573 -615 170
      vertex -1327.251067105943 -616.8403378934256 172
    endloop
  endfacet
  facet normal 0.9762960071199236 -1.1436916319302754e-14 0.2164396139381467
    outer loop
      vertex -1327.102719689166 -623.8362733274698 171.33084804564714
      vertex -1331.4423259036623 -540 190.9055466999209
      vertex -1327.251067105943 -622.9941018405711 172
    endloop
  endfacet
  facet normal 0.9762960071199391 5.605766610637855e-15 0.21643961393807712
    outer loop
      vertex -1327.102719689166 -623.8362733274698 171.33084804564714
      vertex -1327.251067105943 -616.8403378934256 172
      vertex -1331.4423259036623 -540 190.9055466999209
    endloop
  endfacet
  facet normal 0.9762960071199408 0 0.216439613938069
    outer loop
      vertex -1326.8076777806573 -615 170
      vertex -1326.8076777806573 -540 170
      vertex -1327.251067105943 -616.8403378934256 172
    endloop
  endfacet
  facet normal 0.9914448613738098 0 0.13052619222005601
    outer loop
      vertex -1331.5864134141104 -646.499999999694 192
      vertex -1331.5864134141104 -540 192
      vertex -1334.8584094275236 -665.1399578807102 216.85327717570254
    endloop
  endfacet
  facet normal 0.9914448613738098 0 0.13052619222005601
    outer loop
      vertex -1334.8584094275236 -665.1399578807102 216.85327717570254
      vertex -1331.5864134141104 -540 192
      vertex -1334.8584094275236 -540 216.85327717570254
    endloop
  endfacet
  facet normal 0.9762960071199408 0 0.216439613938069
    outer loop
      vertex -1327.251067105943 -616.8403378934256 172
      vertex -1326.8076777806573 -540 170
      vertex -1327.251067105943 -540 172
    endloop
  endfacet
  facet normal 0.9990482215818577 0 0.04361938736533784
    outer loop
      vertex -1334.8584094275236 -665.1399578807102 216.85327717570254
      vertex -1334.8584094275236 -540 216.85327717570254
      vertex -1336 -540 243
    endloop
  endfacet
  facet normal 0.9990482215818577 0 -0.043619387365337846
    outer loop
      vertex -1336 -684.7386687156501 243
      vertex -1336 -540 243
      vertex -1334.8584094275236 -540 269.14672282429746
    endloop
  endfacet
  facet normal 0.9990482215818574 -4.264217079432253e-20 -0.04361938736534398
    outer loop
      vertex -1335.3054880887173 -690.5808872580528 258.9069379866123
      vertex -1334.8584094275236 -540 269.14672282429746
      vertex -1334.8584094275236 -691.2486993126166 269.14672282429746
    endloop
  endfacet
  facet normal 0.9914448613738102 0 -0.1305261922200533
    outer loop
      vertex -1334.8584094275236 -691.2486993126166 269.14672282429746
      vertex -1334.8584094275236 -540 269.14672282429746
      vertex -1331.4423259036623 -692.9409426043434 295.0944533000791
    endloop
  endfacet
  facet normal 0.9762960071199349 0 -0.2164396139380959
    outer loop
      vertex -1331.4423259036623 -692.9409426043434 295.0944533000791
      vertex -1331.4423259036623 -540 295.0944533000791
      vertex -1325.7777478867206 -694.6073291409573 320.6457135307562
    endloop
  endfacet
  facet normal 0.953716950748227 0 -0.30070579950427284
    outer loop
      vertex -1325.7777478867206 -694.6073291409573 320.6457135307562
      vertex -1325.7777478867206 -540 320.6457135307562
      vertex -1317.9077862357726 -696.2351767147229 345.6060429977006
    endloop
  endfacet
  facet normal 0.9238795325112864 0 -0.3826834323650906
    outer loop
      vertex -1317.9077862357726 -696.2351767147229 345.6060429977006
      vertex -1317.9077862357726 -540 345.6060429977006
      vertex -1307.892336110995 -697.8120964226828 369.7854785222098
    endloop
  endfacet
  facet normal 0.9914448613738102 0 -0.13052619222005327
    outer loop
      vertex -1331.4423259036623 -692.9409426043434 295.0944533000791
      vertex -1334.8584094275236 -540 269.14672282429746
      vertex -1331.4423259036623 -540 295.0944533000791
    endloop
  endfacet
  facet normal 0.9762960071199349 0 -0.2164396139380959
    outer loop
      vertex -1325.7777478867206 -694.6073291409573 320.6457135307562
      vertex -1331.4423259036623 -540 295.0944533000791
      vertex -1325.7777478867206 -540 320.6457135307562
    endloop
  endfacet
  facet normal 0.9537169507482269 0 -0.30070579950427284
    outer loop
      vertex -1317.9077862357726 -696.2351767147229 345.6060429977006
      vertex -1325.7777478867206 -540 320.6457135307562
      vertex -1317.9077862357726 -540 345.6060429977006
    endloop
  endfacet
  facet normal 0 -1 0
    outer loop
      vertex -1326.8076777806573 -540 170
      vertex -745.1923222193428 -540 170
      vertex -1327.251067105943 -540 172
    endloop
  endfacet
  facet normal 0 -1 0
    outer loop
      vertex -1331.5864134141104 -540 192
      vertex -740.4135865858894 -540 192
      vertex -1334.8584094275236 -540 216.85327717570254
    endloop
  endfacet
  facet normal 0 -1 0
    outer loop
      vertex -1334.8584094275236 -540 216.85327717570254
      vertex -737.1415905724764 -540 216.85327717570254
      vertex -1336 -540 243
    endloop
  endfacet
  facet normal 0 -1 0
    outer loop
      vertex -1336 -540 243
      vertex -736 -540 243
      vertex -1334.8584094275236 -540 269.14672282429746
    endloop
  endfacet
  facet normal 0 -1 0
    outer loop
      vertex -1327.251067105943 -540 172
      vertex -745.1923222193428 -540 170
      vertex -744.7489328940569 -540 172
    endloop
  endfacet
  facet normal 0 -1 0
    outer loop
      vertex -1334.8584094275236 -540 216.85327717570254
      vertex -740.4135865858894 -540 192
      vertex -737.1415905724764 -540 216.85327717570254
    endloop
  endfacet
  facet normal 0 -1 0
    outer loop
      vertex -1336 -540 243
      vertex -737.1415905724764 -540 216.85327717570254
      vertex -736 -540 243
    endloop
  endfacet
  facet normal 0 -1 0
    outer loop
      vertex -1334.8584094275236 -540 269.14672282429746
      vertex -736 -540 243
      vertex -737.1415905724764 -540 269.14672282429746
    endloop
  endfacet
  facet normal 0 -1 0
    outer loop
      vertex -1334.8584094275236 -540 269.14672282429746
      vertex -737.1415905724764 -540 269.14672282429746
      vertex -1331.4423259036623 -540 295.0944533000791
    endloop
  endfacet
  facet normal 0 -1 0
    outer loop
      vertex -1331.4423259036623 -540 295.0944533000791
      vertex -740.5576740963377 -540 295.0944533000791
      vertex -1325.7777478867206 -540 320.6457135307562
    endloop
  endfacet
  facet normal 0 -1 0
    outer loop
      vertex -1325.7777478867206 -540 320.6457135307562
      vertex -746.2222521132795 -540 320.6457135307562
      vertex -1317.9077862357726 -540 345.6060429977006
    endloop
  endfacet
  facet normal 0 -1 0
    outer loop
      vertex -1317.9077862357726 -540 345.6060429977006
      vertex -754.0922137642275 -540 345.6060429977006
      vertex -1307.892336110995 -540 369.7854785222098
    endloop
  endfacet
  facet normal 0 -1 0
    outer loop
      vertex -1331.4423259036623 -540 295.0944533000791
      vertex -737.1415905724764 -540 269.14672282429746
      vertex -740.5576740963377 -540 295.0944533000791
    endloop
  endfacet
  facet normal 0 -1 0
    outer loop
      vertex -1325.7777478867206 -540 320.6457135307562
      vertex -740.5576740963377 -540 295.0944533000791
      vertex -746.2222521132795 -540 320.6457135307562
    endloop
  endfacet
  facet normal 0 -1 0
    outer loop
      vertex -1317.9077862357726 -540 345.6060429977006
      vertex -746.2222521132795 -540 320.6457135307562
      vertex -754.0922137642275 -540 345.6060429977006
    endloop
  endfacet
  facet normal 0.8870108331782205 0 -0.46174861323503597
    outer loop
      vertex -1307.892336110995 -697.8120964226828 369.7854785222098
      vertex -1307.892336110995 -540 369.7854785222098
      vertex -1295.8076211353316 -699.3260869536891 393
    endloop
  endfacet
  facet normal 0.8433914458128857 0 -0.537299608346824
    outer loop
      vertex -1295.8076211353316 -699.3260869536891 393
      vertex -1295.8076211353316 -540 393
      vertex -1281.7456132866976 -700.7656259256286 415.0729309053138
    endloop
  endfacet
  facet normal 0.7933533402912328 0 -0.6087614290087235
    outer loop
      vertex -1281.7456132866976 -700.7656259256286 415.0729309053138
      vertex -1281.7456132866976 -540 415.0729309053138
      vertex -1265.8133329356933 -702.119757577707 435.83628290596175
    endloop
  endfacet
  facet normal 0.7372773368101246 0 -0.6755902076156597
    outer loop
      vertex -1265.8133329356933 -702.119757577707 435.83628290596175
      vertex -1265.8133329356933 -540 435.83628290596175
      vertex -1248.1320343559642 -703.3781761504054 455.13203435596427
    endloop
  endfacet
  facet normal 0.9238795325112864 -1.6131791597723295e-18 -0.38268343236509067
    outer loop
      vertex -1317.9077862357726 -540 345.6060429977006
      vertex -1307.892336110995 -540 369.7854785222098
      vertex -1307.892336110995 -697.8120964226828 369.7854785222098
    endloop
  endfacet
  facet normal 0.8870108331782206 0 -0.461748613235036
    outer loop
      vertex -1295.8076211353316 -699.3260869536891 393
      vertex -1307.892336110995 -540 369.7854785222098
      vertex -1295.8076211353316 -540 393
    endloop
  endfacet
  facet normal 0.8433914458128856 0 -0.5372996083468239
    outer loop
      vertex -1281.7456132866976 -700.7656259256286 415.0729309053138
      vertex -1295.8076211353316 -540 393
      vertex -1281.7456132866976 -540 415.0729309053138
    endloop
  endfacet
  facet normal 0.7933533402912328 0 -0.6087614290087235
    outer loop
      vertex -1265.8133329356933 -702.119757577707 435.83628290596175
      vertex -1281.7456132866976 -540 415.0729309053138
      vertex -1265.8133329356933 -540 435.83628290596175
    endloop
  endfacet
  facet normal 0.6755902076156618 0 -0.7372773368101225
    outer loop
      vertex -1248.1320343559642 -703.3781761504054 455.13203435596427
      vertex -1248.1320343559642 -540 455.13203435596427
      vertex -1228.8362829059618 -704.5313043185313 472.81333293569344
    endloop
  endfacet
  facet normal 0.6087614290087177 0 -0.7933533402912374
    outer loop
      vertex -1228.8362829059618 -704.5313043185313 472.81333293569344
      vertex -1228.8362829059618 -540 472.81333293569344
      vertex -1221.0563021383496 -704.920638397336 478.7831221446395
    endloop
  endfacet
  facet normal 0.6087614290087255 5.791611700758417e-16 -0.7933533402912315
    outer loop
      vertex -1221.0563021383496 -704.920638397336 478.7831221446395
      vertex -1228.8362829059618 -540 472.81333293569344
      vertex -1217.8814077298102 -704.9803337976336 481.21930430829525
    endloop
  endfacet
  facet normal 0.6087614290087218 1.9744552673650233e-16 -0.7933533402912343
    outer loop
      vertex -1217.8814077298102 -704.9803337976336 481.21930430829525
      vertex -1228.8362829059618 -540 472.81333293569344
      vertex -1208.0729309053138 -704.8589417173102 488.74561328669756
    endloop
  endfacet
  facet normal 0.5372996083468238 0 -0.8433914458128856
    outer loop
      vertex -1208.0729309053138 -704.8589417173102 488.74561328669756
      vertex -1208.0729309053138 -540 488.74561328669756
      vertex -1186 -704.6321351390568 502.8076211353316
    endloop
  endfacet
  facet normal 0.4617486132350326 0 -0.8870108331782224
    outer loop
      vertex -1186 -704.6321351390568 502.8076211353316
      vertex -1186 -540 502.8076211353316
      vertex -1162.7854785222098 -704.4372203813421 514.892336110995
    endloop
  endfacet
  facet normal 0.38268343236508995 0 -0.9238795325112867
    outer loop
      vertex -1162.7854785222098 -704.4372203813421 514.892336110995
      vertex -1162.7854785222098 -540 514.892336110995
      vertex -1138.6060429977006 -704.2756808631652 524.9077862357725
    endloop
  endfacet
  facet normal 0.7372773368101245 4.1365735971075984e-19 -0.6755902076156597
    outer loop
      vertex -1265.8133329356933 -540 435.83628290596175
      vertex -1248.1320343559642 -540 455.13203435596427
      vertex -1248.1320343559642 -703.3781761504054 455.13203435596427
    endloop
  endfacet
  facet normal 0.6755902076156619 0 -0.7372773368101226
    outer loop
      vertex -1228.8362829059618 -704.5313043185313 472.81333293569344
      vertex -1248.1320343559642 -540 455.13203435596427
      vertex -1228.8362829059618 -540 472.81333293569344
    endloop
  endfacet
  facet normal 0.6087614290087208 0 -0.793353340291235
    outer loop
      vertex -1208.0729309053138 -704.8589417173102 488.74561328669756
      vertex -1228.8362829059618 -540 472.81333293569344
      vertex -1208.0729309053138 -540 488.74561328669756
    endloop
  endfacet
  facet normal 0.5372996083468239 0 -0.8433914458128857
    outer loop
      vertex -1186 -704.6321351390568 502.8076211353316
      vertex -1208.0729309053138 -540 488.74561328669756
      vertex -1186 -540 502.8076211353316
    endloop
  endfacet
  facet normal 0.46174861323503263 0 -0.8870108331782224
    outer loop
      vertex -1162.7854785222098 -704.4372203813421 514.892336110995
      vertex -1186 -540 502.8076211353316
      vertex -1162.7854785222098 -540 514.892336110995
    endloop
  endfacet
  facet normal 0.3826834323650899 -1.3454354276808029e-18 -0.9238795325112866
    outer loop
      vertex -1162.7854785222098 -540 514.892336110995
      vertex -1138.6060429977006 -540 524.9077862357725
      vertex -1138.6060429977006 -704.2756808631652 524.9077862357725
    endloop
  endfacet
  facet normal 0 -1 0
    outer loop
      vertex -1307.892336110995 -540 369.7854785222098
      vertex -764.107663889005 -540 369.7854785222098
      vertex -1295.8076211353316 -540 393
    endloop
  endfacet
  facet normal 0 -1 0
    outer loop
      vertex -1295.8076211353316 -540 393
      vertex -776.1923788646684 -540 393
      vertex -1281.7456132866976 -540 415.0729309053138
    endloop
  endfacet
  facet normal 0 -1 0
    outer loop
      vertex -1281.7456132866976 -540 415.0729309053138
      vertex -790.2543867133024 -540 415.0729309053138
      vertex -1265.8133329356933 -540 435.83628290596175
    endloop
  endfacet
  facet normal 0 -1 0
    outer loop
      vertex -1265.8133329356933 -540 435.83628290596175
      vertex -806.1866670643066 -540 435.83628290596175
      vertex -1248.1320343559642 -540 455.13203435596427
    endloop
  endfacet
  facet normal -0.8870108331782224 -6.350834641885803e-18 -0.4617486132350325
    outer loop
      vertex -764.107663889005 -697.8120964226829 369.7854785222098
      vertex -776.1923788646684 -699.3260869536891 393
      vertex -776.1923788646684 -540 393
    endloop
  endfacet
  facet normal -0.8433914458128856 -2.674136023534571e-18 -0.5372996083468239
    outer loop
      vertex -776.1923788646684 -699.3260869536891 393
      vertex -790.2543867133024 -700.7656259256285 415.0729309053138
      vertex -790.2543867133024 -540 415.0729309053138
    endloop
  endfacet
  facet normal -0.793353340291235 1.8046193905511417e-18 -0.6087614290087209
    outer loop
      vertex -790.2543867133024 -700.7656259256285 415.0729309053138
      vertex -806.1866670643066 -702.119757577707 435.83628290596175
      vertex -806.1866670643066 -540 435.83628290596175
    endloop
  endfacet
  facet normal 0 -1 0
    outer loop
      vertex -1307.892336110995 -540 369.7854785222098
      vertex -754.0922137642275 -540 345.6060429977006
      vertex -764.107663889005 -540 369.7854785222098
    endloop
  endfacet
  facet normal 0 -1 0
    outer loop
      vertex -1295.8076211353316 -540 393
      vertex -764.107663889005 -540 369.7854785222098
      vertex -776.1923788646684 -540 393
    endloop
  endfacet
  facet normal -0.8870108331782224 0 -0.4617486132350326
    outer loop
      vertex -764.107663889005 -697.8120964226829 369.7854785222098
      vertex -776.1923788646684 -540 393
      vertex -764.107663889005 -540 369.7854785222098
    endloop
  endfacet
  facet normal -0.8433914458128857 0 -0.537299608346824
    outer loop
      vertex -776.1923788646684 -699.3260869536891 393
      vertex -790.2543867133024 -540 415.0729309053138
      vertex -776.1923788646684 -540 393
    endloop
  endfacet
  facet normal 0 -1 0
    outer loop
      vertex -1281.7456132866976 -540 415.0729309053138
      vertex -776.1923788646684 -540 393
      vertex -790.2543867133024 -540 415.0729309053138
    endloop
  endfacet
  facet normal 0 -1 0
    outer loop
      vertex -1265.8133329356933 -540 435.83628290596175
      vertex -790.2543867133024 -540 415.0729309053138
      vertex -806.1866670643066 -540 435.83628290596175
    endloop
  endfacet
  facet normal -0.793353340291235 0 -0.6087614290087208
    outer loop
      vertex -790.2543867133024 -700.7656259256285 415.0729309053138
      vertex -806.1866670643066 -540 435.83628290596175
      vertex -790.2543867133024 -540 415.0729309053138
    endloop
  endfacet
  facet normal -0.7372773368101246 0 -0.6755902076156597
    outer loop
      vertex -806.1866670643066 -702.119757577707 435.83628290596175
      vertex -823.8679656440357 -540 455.13203435596427
      vertex -806.1866670643066 -540 435.83628290596175
    endloop
  endfacet
  facet normal 0.3007057995042735 0 -0.9537169507482267
    outer loop
      vertex -1138.6060429977006 -704.2756808631652 524.9077862357725
      vertex -1138.6060429977006 -540 524.9077862357725
      vertex -1113.6457135307562 -704.1487459977996 532.7777478867205
    endloop
  endfacet
  facet normal 0.21643961393809957 0 -0.9762960071199341
    outer loop
      vertex -1113.6457135307562 -704.1487459977996 532.7777478867205
      vertex -1113.6457135307562 -540 532.7777478867205
      vertex -1088.094453300079 -704.0573818362159 538.4423259036623
    endloop
  endfacet
  facet normal 0.13052619222005382 0 -0.99144486137381
    outer loop
      vertex -1088.094453300079 -704.0573818362159 538.4423259036623
      vertex -1088.094453300079 -540 538.4423259036623
      vertex -1062.1467228242975 -704.0022837148512 541.8584094275236
    endloop
  endfacet
  facet normal -0.13052619222005327 0 -0.9914448613738102
    outer loop
      vertex -1009.8532771757026 -704.0022837148513 541.8584094275236
      vertex -1009.8532771757026 -540 541.8584094275236
      vertex -983.9055466999209 -704.0573818362159 538.4423259036623
    endloop
  endfacet
  facet normal -0.21643961393809957 -2.1732538835255047e-18 -0.976296007119934
    outer loop
      vertex -958.3542864692438 -704.1487459977994 532.7777478867205
      vertex -983.9055466999209 -704.0573818362159 538.4423259036623
      vertex -983.9055466999209 -540 538.4423259036623
    endloop
  endfacet
  facet normal 0 -1 0
    outer loop
      vertex -1248.1320343559642 -540 455.13203435596427
      vertex -823.8679656440357 -540 455.13203435596427
      vertex -1228.8362829059618 -540 472.81333293569344
    endloop
  endfacet
  facet normal 0 -1 0
    outer loop
      vertex -1228.8362829059618 -540 472.81333293569344
      vertex -843.1637170940382 -540 472.81333293569344
      vertex -1208.0729309053138 -540 488.74561328669756
    endloop
  endfacet
  facet normal 0 -1 0
    outer loop
      vertex -1208.0729309053138 -540 488.74561328669756
      vertex -863.9270690946862 -540 488.74561328669756
      vertex -1186 -540 502.8076211353316
    endloop
  endfacet
  facet normal 0 -1 0
    outer loop
      vertex -1248.1320343559642 -540 455.13203435596427
      vertex -806.1866670643066 -540 435.83628290596175
      vertex -823.8679656440357 -540 455.13203435596427
    endloop
  endfacet
  facet normal 0 -1 0
    outer loop
      vertex -1228.8362829059618 -540 472.81333293569344
      vertex -823.8679656440357 -540 455.13203435596427
      vertex -843.1637170940382 -540 472.81333293569344
    endloop
  endfacet
  facet normal 0 -1 0
    outer loop
      vertex -1208.0729309053138 -540 488.74561328669756
      vertex -843.1637170940382 -540 472.81333293569344
      vertex -863.9270690946862 -540 488.74561328669756
    endloop
  endfacet
  facet normal 0.3007057995042735 0 -0.9537169507482268
    outer loop
      vertex -1113.6457135307562 -704.1487459977996 532.7777478867205
      vertex -1138.6060429977006 -540 524.9077862357725
      vertex -1113.6457135307562 -540 532.7777478867205
    endloop
  endfacet
  facet normal 0.21643961393809957 2.1732538835255047e-18 -0.976296007119934
    outer loop
      vertex -1113.6457135307562 -540 532.7777478867205
      vertex -1088.094453300079 -540 538.4423259036623
      vertex -1088.094453300079 -704.0573818362159 538.4423259036623
    endloop
  endfacet
  facet normal 0.13052619222005385 0 -0.9914448613738102
    outer loop
      vertex -1062.1467228242975 -704.0022837148512 541.8584094275236
      vertex -1088.094453300079 -540 538.4423259036623
      vertex -1062.1467228242975 -540 541.8584094275236
    endloop
  endfacet
  facet normal 0 -1 0
    outer loop
      vertex -1186 -540 502.8076211353316
      vertex -886 -540 502.8076211353316
      vertex -1162.7854785222098 -540 514.892336110995
    endloop
  endfacet
  facet normal 0 -1 0
    outer loop
      vertex -1162.7854785222098 -540 514.892336110995
      vertex -909.2145214777902 -540 514.892336110995
      vertex -1138.6060429977006 -540 524.9077862357725
    endloop
  endfacet
  facet normal 0 -1 0
    outer loop
      vertex -1138.6060429977006 -540 524.9077862357725
      vertex -933.3939570022994 -540 524.9077862357725
      vertex -1113.6457135307562 -540 532.7777478867205
    endloop
  endfacet
  facet normal 0 -1 0
    outer loop
      vertex -1113.6457135307562 -540 532.7777478867205
      vertex -958.3542864692438 -540 532.7777478867205
      vertex -1088.094453300079 -540 538.4423259036623
    endloop
  endfacet
  facet normal -0.1305261922200533 0 -0.9914448613738103
    outer loop
      vertex -983.9055466999209 -704.0573818362159 538.4423259036623
      vertex -1009.8532771757026 -540 541.8584094275236
      vertex -983.9055466999209 -540 538.4423259036623
    endloop
  endfacet
  facet normal -0.21643961393809957 0 -0.9762960071199341
    outer loop
      vertex -958.3542864692438 -704.1487459977994 532.7777478867205
      vertex -983.9055466999209 -540 538.4423259036623
      vertex -958.3542864692438 -540 532.7777478867205
    endloop
  endfacet
  facet normal 0 -1 0
    outer loop
      vertex -1186 -540 502.8076211353316
      vertex -863.9270690946862 -540 488.74561328669756
      vertex -886 -540 502.8076211353316
    endloop
  endfacet
  facet normal 0 -1 0
    outer loop
      vertex -1162.7854785222098 -540 514.892336110995
      vertex -886 -540 502.8076211353316
      vertex -909.2145214777902 -540 514.892336110995
    endloop
  endfacet
  facet normal 0 -1 0
    outer loop
      vertex -1088.094453300079 -540 538.4423259036623
      vertex -983.9055466999209 -540 538.4423259036623
      vertex -1062.1467228242975 -540 541.8584094275236
    endloop
  endfacet
  facet normal 0 -1 0
    outer loop
      vertex -1062.1467228242975 -540 541.8584094275236
      vertex -983.9055466999209 -540 538.4423259036623
      vertex -1009.8532771757026 -540 541.8584094275236
    endloop
  endfacet
  facet normal 0 -1 0
    outer loop
      vertex -958.3542864692438 -540 532.7777478867205
      vertex -983.9055466999209 -540 538.4423259036623
      vertex -1088.094453300079 -540 538.4423259036623
    endloop
  endfacet
  facet normal 0 -1 0
    outer loop
      vertex -1138.6060429977006 -540 524.9077862357725
      vertex -909.2145214777902 -540 514.892336110995
      vertex -933.3939570022994 -540 524.9077862357725
    endloop
  endfacet
  facet normal 0 -1 0
    outer loop
      vertex -1113.6457135307562 -540 532.7777478867205
      vertex -933.3939570022994 -540 524.9077862357725
      vertex -958.3542864692438 -540 532.7777478867205
    endloop
  endfacet
  facet normal -0.6087614290087218 0 -0.7933533402912343
    outer loop
      vertex -863.9270690946862 -704.8589417173102 488.74561328669756
      vertex -863.9270690946862 -540 488.74561328669756
      vertex -854.1185922701898 -704.9803337976336 481.21930430829525
    endloop
  endfacet
  facet normal -0.7372773368101245 -4.1365735971075984e-19 -0.6755902076156597
    outer loop
      vertex -806.1866670643066 -702.119757577707 435.83628290596175
      vertex -823.8679656440357 -703.3781761504054 455.13203435596427
      vertex -823.8679656440357 -540 455.13203435596427
    endloop
  endfacet
  facet normal -0.6755902076156598 -4.1075821565175693e-19 -0.7372773368101246
    outer loop
      vertex -823.8679656440357 -703.3781761504054 455.13203435596427
      vertex -843.1637170940382 -704.5313043185313 472.81333293569344
      vertex -843.1637170940382 -540 472.81333293569344
    endloop
  endfacet
  facet normal -0.6087614290087178 6.201777956455053e-16 -0.7933533402912374
    outer loop
      vertex -843.1637170940382 -704.5313043185313 472.81333293569344
      vertex -850.9436978616504 -704.920638397336 478.7831221446395
      vertex -863.9270690946862 -540 488.74561328669756
    endloop
  endfacet
  facet normal -0.6087614290087254 -3.456675482537328e-16 -0.7933533402912314
    outer loop
      vertex -850.9436978616504 -704.920638397336 478.7831221446395
      vertex -854.1185922701898 -704.9803337976336 481.21930430829525
      vertex -863.9270690946862 -540 488.74561328669756
    endloop
  endfacet
  facet normal -0.5372996083468239 -2.611331932679382e-18 -0.8433914458128857
    outer loop
      vertex -863.9270690946862 -704.8589417173102 488.74561328669756
      vertex -886 -704.6321351390568 502.8076211353316
      vertex -886 -540 502.8076211353316
    endloop
  endfacet
  facet normal -0.4617486132350327 -6.153434301765956e-18 -0.8870108331782225
    outer loop
      vertex -886 -704.6321351390568 502.8076211353316
      vertex -909.2145214777902 -704.4372203813422 514.892336110995
      vertex -909.2145214777902 -540 514.892336110995
    endloop
  endfacet
  facet normal -0.3826834323650899 0 -0.9238795325112866
    outer loop
      vertex -933.3939570022994 -704.2756808631652 524.9077862357725
      vertex -933.3939570022994 -540 524.9077862357725
      vertex -909.2145214777902 -704.4372203813422 514.892336110995
    endloop
  endfacet
  facet normal -0.3007057995042735 0 -0.9537169507482268
    outer loop
      vertex -958.3542864692438 -704.1487459977994 532.7777478867205
      vertex -958.3542864692438 -540 532.7777478867205
      vertex -933.3939570022994 -704.2756808631652 524.9077862357725
    endloop
  endfacet
  facet normal -0.5372996083468238 0 -0.8433914458128856
    outer loop
      vertex -863.9270690946862 -704.8589417173102 488.74561328669756
      vertex -886 -540 502.8076211353316
      vertex -863.9270690946862 -540 488.74561328669756
    endloop
  endfacet
  facet normal -0.6755902076156597 0 -0.7372773368101245
    outer loop
      vertex -823.8679656440357 -703.3781761504054 455.13203435596427
      vertex -843.1637170940382 -540 472.81333293569344
      vertex -823.8679656440357 -540 455.13203435596427
    endloop
  endfacet
  facet normal -0.6087614290087208 0 -0.7933533402912349
    outer loop
      vertex -843.1637170940382 -704.5313043185313 472.81333293569344
      vertex -863.9270690946862 -540 488.74561328669756
      vertex -843.1637170940382 -540 472.81333293569344
    endloop
  endfacet
  facet normal -0.4617486132350326 0 -0.8870108331782224
    outer loop
      vertex -886 -704.6321351390568 502.8076211353316
      vertex -909.2145214777902 -540 514.892336110995
      vertex -886 -540 502.8076211353316
    endloop
  endfacet
  facet normal -0.3007057995042735 -1.6254677325550477e-19 -0.9537169507482267
    outer loop
      vertex -958.3542864692438 -540 532.7777478867205
      vertex -933.3939570022994 -540 524.9077862357725
      vertex -933.3939570022994 -704.2756808631652 524.9077862357725
    endloop
  endfacet
  facet normal -0.3826834323650899 0 -0.9238795325112866
    outer loop
      vertex -909.2145214777902 -704.4372203813422 514.892336110995
      vertex -933.3939570022994 -540 524.9077862357725
      vertex -909.2145214777902 -540 514.892336110995
    endloop
  endfacet
  facet normal -0.9762960071199301 2.5228679913549628e-15 0.21643961393811745
    outer loop
      vertex -744.5125818700784 -628.2123275846243 173.066110573709
      vertex -744.5399601345107 -624.6593526385094 172.94261520351876
      vertex -744.7489328940569 -625.5237674162171 172
    endloop
  endfacet
  facet normal -0.9762960071199289 -4.076448508779504e-15 0.21643961393812322
    outer loop
      vertex -744.7489328940569 -625.5237674162171 172
      vertex -744.5399601345107 -624.6593526385094 172.94261520351876
      vertex -744.897280310834 -623.8362733274698 171.33084804564714
    endloop
  endfacet
  facet normal -0.9990482215818576 -2.2491798146266525e-16 0.043619387365338914
    outer loop
      vertex -737.1415905724764 -665.1399578807102 216.85327717570254
      vertex -736.0061425659485 -684.6444840803742 242.85931210964918
      vertex -736 -540 243
    endloop
  endfacet
  facet normal -0.9990482215818577 0 -0.04361938736533541
    outer loop
      vertex -736 -684.7386687156501 243
      vertex -736.1104137826902 -686.4316553175449 245.52889139205217
      vertex -736 -540 243
    endloop
  endfacet
  facet normal -0.9990482215818677 2.2440845892375235e-21 0.04361938736510808
    outer loop
      vertex -736.0061425659485 -684.6444840803742 242.85931210964918
      vertex -736 -684.7386687156501 243
      vertex -736 -540 243
    endloop
  endfacet
  facet normal -0.9990482215818575 -8.015807932549256e-17 -0.04361938736534006
    outer loop
      vertex -736.2947828221701 -688.5123786181211 249.75163664668798
      vertex -736 -540 243
      vertex -736.1104137826902 -686.4316553175449 245.52889139205217
    endloop
  endfacet
  facet normal -0.9990482215818581 5.37455414125004e-16 -0.043619387365326494
    outer loop
      vertex -736.2947828221701 -688.5123786181211 249.75163664668798
      vertex -736.4910934715525 -689.906901858747 254.24788973480463
      vertex -736 -540 243
    endloop
  endfacet
  facet normal -0.9990482215818579 -6.566013014557324e-17 -0.043619387365334515
    outer loop
      vertex -736.4910934715525 -689.906901858747 254.24788973480463
      vertex -736.6945119112827 -690.5808872580528 258.9069379866123
      vertex -736 -540 243
    endloop
  endfacet
  facet normal -0.9762960071199795 -1.9134083006616028e-14 0.21643961393789476
    outer loop
      vertex -743.3723467005427 -635.5774018584234 178.20937904910824
      vertex -743.3151930047433 -635.8886998072267 178.4671827107668
      vertex -745.1923222193428 -540 170
    endloop
  endfacet
  facet normal -0.9762960071199314 1.0103075217251237e-15 0.21643961393811223
    outer loop
      vertex -742.5319862676275 -639 182
      vertex -745.1923222193428 -540 170
      vertex -743.3151930047433 -635.8886998072267 178.4671827107668
    endloop
  endfacet
  facet normal -0.9762960071199357 -1.488423682458415e-15 0.2164396139380926
    outer loop
      vertex -742.5319862676275 -639 182
      vertex -741.2576913605769 -634.482864128138 187.74797287340672
      vertex -745.1923222193428 -540 170
    endloop
  endfacet
  facet normal -0.9762960071199298 3.679572575075957e-15 0.2164396139381188
    outer loop
      vertex -740.5576740963377 -645.6791600246681 190.9055466999209
      vertex -745.1923222193428 -540 170
      vertex -741.2576913605769 -634.482864128138 187.74797287340672
    endloop
  endfacet
  facet normal -0.9762960071196741 1.0497938052000188e-13 0.21643961393927222
    outer loop
      vertex -743.3723467005427 -635.5774018584234 178.20937904910824
      vertex -745.1923222193428 -540 170
      vertex -743.5118331029548 -629.3214904512649 177.58019654760326
    endloop
  endfacet
  facet normal -0.9762960071199477 -4.872527055688174e-15 0.21643961393803823
    outer loop
      vertex -743.5118331029548 -629.3214904512649 177.58019654760326
      vertex -745.1923222193428 -540 170
      vertex -744.1217703159631 -621.5312163515559 174.82894757418626
    endloop
  endfacet
  facet normal -0.9762960071199284 1.4881232877940967e-16 0.21643961393812522
    outer loop
      vertex -744.897280310834 -623.8362733274698 171.33084804564714
      vertex -744.5399601345107 -624.6593526385094 172.94261520351876
      vertex -745.1923222193428 -540 170
    endloop
  endfacet
  facet normal -0.976296007119946 -1.17021961692875e-15 0.21643961393804606
    outer loop
      vertex -744.897280310834 -623.8362733274698 171.33084804564714
      vertex -745.1923222193428 -540 170
      vertex -745.1254779106164 -619.2426406890154 170.30151519179344
    endloop
  endfacet
  facet normal -0.9762960071199317 -3.9738259253040126e-16 0.21643961393811034
    outer loop
      vertex -744.5399601345107 -624.6593526385094 172.94261520351876
      vertex -744.1217703159631 -621.5312163515559 174.82894757418626
      vertex -745.1923222193428 -540 170
    endloop
  endfacet
  facet normal -0.976296007119881 2.8231155535253906e-20 0.21643961393833921
    outer loop
      vertex -745.1254779106164 -619.2426406890154 170.30151519179344
      vertex -745.1923222193428 -540 170
      vertex -745.1923222193428 -615 170
    endloop
  endfacet
  facet normal -0.9914448613738054 -8.942497565465944e-15 0.1305261922200892
    outer loop
      vertex -740.5576740963377 -645.6791600246681 190.9055466999209
      vertex -740.4135865858894 -646.499999999694 192
      vertex -737.1415905724764 -540 216.85327717570254
    endloop
  endfacet
  facet normal -0.9914448613738104 2.1202953470427683e-18 0.13052619222005155
    outer loop
      vertex -740.4135865858894 -646.499999999694 192
      vertex -737.1415905724764 -665.1399578807102 216.85327717570254
      vertex -737.1415905724764 -540 216.85327717570254
    endloop
  endfacet
  facet normal -0.9762960071199293 4.35408606787857e-15 0.21643961393812186
    outer loop
      vertex -740.5576740963377 -645.6791600246681 190.9055466999209
      vertex -744.7489328940569 -540 172
      vertex -745.1923222193428 -540 170
    endloop
  endfacet
  facet normal -0.9762960071199343 0 0.21643961393809888
    outer loop
      vertex -740.5576740963377 -645.6791600246681 190.9055466999209
      vertex -740.5576740963377 -540 190.9055466999209
      vertex -744.7489328940569 -540 172
    endloop
  endfacet
  facet normal -0.9914448613738045 0 0.13052619222009582
    outer loop
      vertex -740.5576740963377 -645.6791600246681 190.9055466999209
      vertex -740.4135865858894 -540 192
      vertex -740.5576740963377 -540 190.9055466999209
    endloop
  endfacet
  facet normal -0.9914448613738105 4.662815260908359e-16 0.13052619222005157
    outer loop
      vertex -740.5576740963377 -645.6791600246681 190.9055466999209
      vertex -737.1415905724764 -540 216.85327717570254
      vertex -740.4135865858894 -540 192
    endloop
  endfacet
  facet normal -0.9990482215818577 0 0.04361938736533784
    outer loop
      vertex -737.1415905724764 -665.1399578807102 216.85327717570254
      vertex -736 -540 243
      vertex -737.1415905724764 -540 216.85327717570254
    endloop
  endfacet
  facet normal -0.9990482215818577 -4.1792891982298387e-16 -0.043619387365337846
    outer loop
      vertex -736.6945119112827 -690.5808872580528 258.9069379866123
      vertex -737.1415905724764 -540 269.14672282429746
      vertex -736 -540 243
    endloop
  endfacet
  facet normal -0.9990482215818575 4.2642170794322564e-20 -0.04361938736534398
    outer loop
      vertex -736.6945119112827 -690.5808872580528 258.9069379866123
      vertex -737.1415905724764 -691.2486993126165 269.14672282429746
      vertex -737.1415905724764 -540 269.14672282429746
    endloop
  endfacet
  facet normal -0.9914448613738102 1.6748110006134194e-18 -0.1305261922200533
    outer loop
      vertex -737.1415905724764 -691.2486993126165 269.14672282429746
      vertex -740.5576740963377 -692.9409426043433 295.0944533000791
      vertex -740.5576740963377 -540 295.0944533000791
    endloop
  endfacet
  facet normal -0.976296007119934 5.928023563591174e-21 -0.21643961393810005
    outer loop
      vertex -740.5576740963377 -692.9409426043433 295.0944533000791
      vertex -746.2222521132795 -694.6073291409572 320.6457135307562
      vertex -746.2222521132795 -540 320.6457135307562
    endloop
  endfacet
  facet normal -0.9537169507482269 1.6368530232066642e-18 -0.3007057995042729
    outer loop
      vertex -746.2222521132795 -694.6073291409572 320.6457135307562
      vertex -754.0922137642275 -696.2351767147229 345.6060429977006
      vertex -754.0922137642275 -540 345.6060429977006
    endloop
  endfacet
  facet normal -0.9914448613738102 0 -0.1305261922200533
    outer loop
      vertex -737.1415905724764 -691.2486993126165 269.14672282429746
      vertex -740.5576740963377 -540 295.0944533000791
      vertex -737.1415905724764 -540 269.14672282429746
    endloop
  endfacet
  facet normal -0.9762960071199339 0 -0.21643961393810005
    outer loop
      vertex -740.5576740963377 -692.9409426043433 295.0944533000791
      vertex -746.2222521132795 -540 320.6457135307562
      vertex -740.5576740963377 -540 295.0944533000791
    endloop
  endfacet
  facet normal -0.953716950748227 0 -0.30070579950427284
    outer loop
      vertex -746.2222521132795 -694.6073291409572 320.6457135307562
      vertex -754.0922137642275 -540 345.6060429977006
      vertex -746.2222521132795 -540 320.6457135307562
    endloop
  endfacet
  facet normal -0.9238795325112864 1.6294613701106583e-18 -0.3826834323650906
    outer loop
      vertex -764.107663889005 -540 369.7854785222098
      vertex -754.0922137642275 -540 345.6060429977006
      vertex -754.0922137642275 -696.2351767147229 345.6060429977006
    endloop
  endfacet
  facet normal -0.9238795325112863 0 -0.3826834323650906
    outer loop
      vertex -764.107663889005 -697.8120964226829 369.7854785222098
      vertex -764.107663889005 -540 369.7854785222098
      vertex -754.0922137642275 -696.2351767147229 345.6060429977006
    endloop
  endfacet
  facet normal 0.043619387365337756 0 -0.9990482215818577
    outer loop
      vertex -1062.1467228242975 -704.0022837148512 541.8584094275236
      vertex -1062.1467228242975 -540 541.8584094275236
      vertex -1036 -703.9838709636782 543
    endloop
  endfacet
  facet normal -0.04361938736533794 0 -0.9990482215818577
    outer loop
      vertex -1036 -703.9838709636782 543
      vertex -1036 -540 543
      vertex -1009.8532771757026 -704.0022837148513 541.8584094275236
    endloop
  endfacet
  facet normal 0.04361938736533775 0 -0.9990482215818577
    outer loop
      vertex -1036 -703.9838709636782 543
      vertex -1062.1467228242975 -540 541.8584094275236
      vertex -1036 -540 543
    endloop
  endfacet
  facet normal -0.043619387365337936 0 -0.9990482215818577
    outer loop
      vertex -1009.8532771757026 -704.0022837148513 541.8584094275236
      vertex -1036 -540 543
      vertex -1009.8532771757026 -540 541.8584094275236
    endloop
  endfacet
  facet normal 0 -1 0
    outer loop
      vertex -1062.1467228242975 -540 541.8584094275236
      vertex -1009.8532771757026 -540 541.8584094275236
      vertex -1036 -540 543
    endloop
  endfacet
  facet normal 0.9914448613738179 -6.35825869138765e-19 0.13052619221999456
    outer loop
      vertex -1331.4423259036623 -653.4273099449642 190.9055466999209
      vertex -1331.5864134141104 -646.499999999694 192
      vertex -1331.5864134141104 -654.2579999996904 192
    endloop
  endfacet
  facet normal 0.9762960071199515 -5.814503631892622e-14 0.21643961393802133
    outer loop
      vertex -1328.0191448571063 -639.8502070949971 175.4645748436451
      vertex -1327.251067105943 -633.0300526252116 172
      vertex -1328.6848069952568 -643.5193642049134 178.4671827107668
    endloop
  endfacet
  facet normal 0.9762960071199872 -1.4401330528147652e-13 0.21643961393786046
    outer loop
      vertex -1328.0191448571063 -639.8502070949971 175.4645748436451
      vertex -1327.4874181299217 -635.7508755156398 173.066110573709
      vertex -1327.251067105943 -633.0300526252116 172
    endloop
  endfacet
  facet normal 0.9762960071199323 -1.995621036753221e-15 0.21643961393810823
    outer loop
      vertex -1328.6848069952568 -643.5193642049134 178.4671827107668
      vertex -1327.251067105943 -633.0300526252116 172
      vertex -1331.4423259036623 -540 190.9055466999209
    endloop
  endfacet
  facet normal 0.9762960071199321 0 0.21643961393810862
    outer loop
      vertex -1331.4423259036623 -653.4273099449642 190.9055466999209
      vertex -1329.4680137323724 -646.668 182
      vertex -1331.4423259036623 -540 190.9055466999209
    endloop
  endfacet
  facet normal 0.9914448613738179 -4.6316780213994605e-20 0.13052619221999456
    outer loop
      vertex -1331.4423259036623 -653.4273099449642 190.9055466999209
      vertex -1331.5864134141104 -540 192
      vertex -1331.5864134141104 -646.499999999694 192
    endloop
  endfacet
  facet normal 0.9762960071199439 4.660122684230189e-15 0.21643961393805541
    outer loop
      vertex -1328.6848069952568 -643.5193642049134 178.4671827107668
      vertex -1331.4423259036623 -540 190.9055466999209
      vertex -1329.4680137323724 -646.668 182
    endloop
  endfacet
  facet normal 0.9762960071199343 0 0.21643961393809888
    outer loop
      vertex -1327.251067105943 -633.0300526252116 172
      vertex -1327.251067105943 -625.5237674162171 172
      vertex -1331.4423259036623 -540 190.9055466999209
    endloop
  endfacet
  facet normal 0.9762960071199343 0 0.21643961393809885
    outer loop
      vertex -1327.251067105943 -625.5237674162171 172
      vertex -1327.251067105943 -622.9941018405711 172
      vertex -1331.4423259036623 -540 190.9055466999209
    endloop
  endfacet
  facet normal 0.9762960071199341 0 0.21643961393809882
    outer loop
      vertex -1327.251067105943 -616.8403378934256 172
      vertex -1327.251067105943 -540 172
      vertex -1331.4423259036623 -540 190.9055466999209
    endloop
  endfacet
  facet normal 0.9914448613738179 0 0.1305261922199946
    outer loop
      vertex -1331.4423259036623 -653.4273099449642 190.9055466999209
      vertex -1331.4423259036623 -540 190.9055466999209
      vertex -1331.5864134141104 -540 192
    endloop
  endfacet
  facet normal 0 -1 0
    outer loop
      vertex -1327.251067105943 -540 172
      vertex -740.5576740963377 -540 190.9055466999209
      vertex -1331.4423259036623 -540 190.9055466999209
    endloop
  endfacet
  facet normal 0 -1 0
    outer loop
      vertex -1331.4423259036623 -540 190.9055466999209
      vertex -740.4135865858894 -540 192
      vertex -1331.5864134141104 -540 192
    endloop
  endfacet
  facet normal 0 -1 0
    outer loop
      vertex -1327.251067105943 -540 172
      vertex -744.7489328940569 -540 172
      vertex -740.5576740963377 -540 190.9055466999209
    endloop
  endfacet
  facet normal 0 -1 0
    outer loop
      vertex -1331.4423259036623 -540 190.9055466999209
      vertex -740.5576740963377 -540 190.9055466999209
      vertex -740.4135865858894 -540 192
    endloop
  endfacet
  facet normal -0.9914448613738046 2.492365098229041e-19 0.1305261922200958
    outer loop
      vertex -740.5576740963377 -653.4273099449642 190.9055466999209
      vertex -740.4135865858894 -654.2579999996904 192
      vertex -740.4135865858894 -646.499999999694 192
    endloop
  endfacet
  facet normal -0.9914448613738046 0 0.1305261922200958
    outer loop
      vertex -740.5576740963377 -653.4273099449642 190.9055466999209
      vertex -740.4135865858894 -646.499999999694 192
      vertex -740.5576740963377 -645.6791600246681 190.9055466999209
    endloop
  endfacet
  facet normal -0.9762960071199316 -1.9069360848553748e-18 0.21643961393811137
    outer loop
      vertex -743.3151930047433 -643.5193642049134 178.4671827107668
      vertex -742.5319862676275 -646.668 182
      vertex -742.5319862676275 -639 182
    endloop
  endfacet
  facet normal -0.9762960071199747 0 0.2164396139379168
    outer loop
      vertex -743.3151930047433 -643.5193642049134 178.4671827107668
      vertex -743.3151930047433 -635.8886998072267 178.4671827107668
      vertex -743.3723467005427 -635.5774018584234 178.20937904910824
    endloop
  endfacet
  facet normal -0.9762960071199379 -5.91280403022429e-15 0.21643961393808225
    outer loop
      vertex -743.9808551428938 -639.8502070949971 175.4645748436451
      vertex -743.3151930047433 -643.5193642049134 178.4671827107668
      vertex -743.5118331029548 -629.3214904512649 177.58019654760326
    endloop
  endfacet
  facet normal -0.9762960071198565 1.8121866525692412e-14 0.21643961393844885
    outer loop
      vertex -743.3151930047433 -643.5193642049134 178.4671827107668
      vertex -743.3723467005427 -635.5774018584234 178.20937904910824
      vertex -743.5118331029548 -629.3214904512649 177.58019654760326
    endloop
  endfacet
  facet normal -0.9762960071199315 0 0.21643961393811134
    outer loop
      vertex -743.3151930047433 -643.5193642049134 178.4671827107668
      vertex -742.5319862676275 -639 182
      vertex -743.3151930047433 -635.8886998072267 178.4671827107668
    endloop
  endfacet
  facet normal -0.9762960071199314 0 0.21643961393811134
    outer loop
      vertex -744.5125818700784 -635.7508755156398 173.066110573709
      vertex -744.5125818700784 -628.2123275846243 173.066110573709
      vertex -744.7489328940569 -633.0300526252116 172
    endloop
  endfacet
  facet normal -0.9762960071199351 5.573514874765652e-18 0.21643961393809488
    outer loop
      vertex -743.9808551428938 -639.8502070949971 175.4645748436451
      vertex -744.5125818700784 -628.2123275846243 173.066110573709
      vertex -744.5125818700784 -635.7508755156398 173.066110573709
    endloop
  endfacet
  facet normal -0.976296007119933 2.0614206697858875e-15 0.21643961393810437
    outer loop
      vertex -743.9808551428938 -639.8502070949971 175.4645748436451
      vertex -744.5399601345107 -624.6593526385094 172.94261520351876
      vertex -744.5125818700784 -628.2123275846243 173.066110573709
    endloop
  endfacet
  facet normal -0.9762960071199316 0 0.2164396139381114
    outer loop
      vertex -744.7489328940569 -633.0300526252116 172
      vertex -744.5125818700784 -628.2123275846243 173.066110573709
      vertex -744.7489328940569 -625.5237674162171 172
    endloop
  endfacet
  facet normal -0.9762960071199327 2.327868782154719e-15 0.216439613938106
    outer loop
      vertex -743.9808551428938 -639.8502070949971 175.4645748436451
      vertex -744.1217703159631 -621.5312163515559 174.82894757418626
      vertex -744.5399601345107 -624.6593526385094 172.94261520351876
    endloop
  endfacet
  facet normal -0.9762960071199445 3.772962532828924e-16 0.21643961393805242
    outer loop
      vertex -743.9808551428938 -639.8502070949971 175.4645748436451
      vertex -743.5118331029548 -629.3214904512649 177.58019654760326
      vertex -744.1217703159631 -621.5312163515559 174.82894757418626
    endloop
  endfacet
  facet normal -0.9762960071199347 -1.4542768876271463e-17 0.2164396139380967
    outer loop
      vertex -740.5576740963377 -653.4273099449642 190.9055466999209
      vertex -742.5319862676275 -639 182
      vertex -742.5319862676275 -646.668 182
    endloop
  endfacet
  facet normal -0.9762960071199355 -2.3054773601775275e-15 0.21643961393809316
    outer loop
      vertex -740.5576740963377 -653.4273099449642 190.9055466999209
      vertex -741.2576913605769 -634.482864128138 187.74797287340672
      vertex -742.5319862676275 -639 182
    endloop
  endfacet
  facet normal -0.9762960071199327 0 0.21643961393810632
    outer loop
      vertex -740.5576740963377 -653.4273099449642 190.9055466999209
      vertex -740.5576740963377 -645.6791600246681 190.9055466999209
      vertex -741.2576913605769 -634.482864128138 187.74797287340672
    endloop
  endfacet
  facet normal 0.976296007119978 2.3506359078087645e-14 0.21643961393790134
    outer loop
      vertex -1327.4058428366145 558.7618179749327 172.69814820450026
      vertex -1327.3763781059304 561.1632414942696 172.5652413932448
      vertex -1327.5764173331347 568.6073703008072 173.4675600364615
    endloop
  endfacet
  facet normal 0.9762960071199409 5.8393214625058e-16 0.216439613938069
    outer loop
      vertex -1326.8076777806573 540 170
      vertex -1327.13319305309 624.2705098316073 171.46830450743437
      vertex -1327.251067105943 540 172
    endloop
  endfacet
  facet normal 0.9762960071199441 4.0078793587009544e-15 0.21643961393805464
    outer loop
      vertex -1327.3763781059304 561.1632414942696 172.5652413932448
      vertex -1327.5197965210914 572.5752128557136 173.2121600580933
      vertex -1327.5764173331347 568.6073703008072 173.4675600364615
    endloop
  endfacet
  facet normal 0.9914448613738098 0 0.13052619222005601
    outer loop
      vertex -1331.5864134141104 540 192
      vertex -1331.5864134141104 646.4999999996941 192
      vertex -1334.8584094275236 540 216.85327717570254
    endloop
  endfacet
  facet normal 0.9762960071199036 0 0.21643961393823752
    outer loop
      vertex -1326.8076777806573 540 170
      vertex -1326.8076777806573 615 170
      vertex -1326.8895606566732 619.6930339485407 170.3693497851491
    endloop
  endfacet
  facet normal 0.9762960071199447 9.04592064279205e-16 0.21643961393805144
    outer loop
      vertex -1326.8076777806573 540 170
      vertex -1326.8895606566732 619.6930339485407 170.3693497851491
      vertex -1327.13319305309 624.2705098316073 171.46830450743437
    endloop
  endfacet
  facet normal 0.9762960071199606 0 0.21643961393798083
    outer loop
      vertex -1327.251067105943 540 172
      vertex -1327.13319305309 624.2705098316073 171.46830450743437
      vertex -1327.251067105943 625.5541362959415 172
    endloop
  endfacet
  facet normal 0.9762960071199213 -5.443825446885118e-15 0.21643961393815767
    outer loop
      vertex -1327.4080381102028 583.7833627945843 172.70805044374265
      vertex -1328.3521512803497 634.0821087433017 176.96666974874384
      vertex -1327.5802683662407 579.9055723789892 173.48493092424036
    endloop
  endfacet
  facet normal 0.9762960071199306 -5.254785889425266e-15 0.21643961393811562
    outer loop
      vertex -1327.8155341462498 567.1592331261483 174.5461462787479
      vertex -1327.9756420920191 583.4638590476806 175.268346551234
      vertex -1330.6180379203606 631.1197472106496 187.18742388417547
    endloop
  endfacet
  facet normal 0.9762960071200668 8.288010620360579e-15 0.21643961393750047
    outer loop
      vertex -1327.4080381102028 583.7833627945843 172.70805044374265
      vertex -1327.515380786474 626.5175861667428 173.19224196640465
      vertex -1327.5325759366501 628.6197149902582 173.26980427652597
    endloop
  endfacet
  facet normal 0.9762960071199198 -4.267701058651287e-16 0.21643961393816374
    outer loop
      vertex -1327.4080381102028 583.7833627945843 172.70805044374265
      vertex -1327.5325759366501 628.6197149902582 173.26980427652597
      vertex -1328.0778751706553 632.6335575655103 175.72949016839266
    endloop
  endfacet
  facet normal 0.9762960071199713 1.463467006698529e-14 0.2164396139379317
    outer loop
      vertex -1327.4080381102028 583.7833627945843 172.70805044374265
      vertex -1328.0778751706553 632.6335575655103 175.72949016839266
      vertex -1328.3521512803497 634.0821087433017 176.96666974874384
    endloop
  endfacet
  facet normal 0.9762960071199387 4.295085665046946e-15 0.21643961393807928
    outer loop
      vertex -1327.9756420920191 583.4638590476806 175.268346551234
      vertex -1329.4680137323726 639 182.00000000000003
      vertex -1330.6180379203606 631.1197472106496 187.18742388417547
    endloop
  endfacet
  facet normal 0.9762960071199186 -7.148791590988611e-15 0.2164396139381693
    outer loop
      vertex -1327.9756420920191 583.4638590476806 175.268346551234
      vertex -1329.0450603300387 637.3453569152127 180.09218049144044
      vertex -1329.4680137323726 639 182.00000000000003
    endloop
  endfacet
  facet normal 0.9914448613738098 0 0.13052619222005601
    outer loop
      vertex -1334.8584094275236 540 216.85327717570254
      vertex -1331.5864134141104 646.4999999996941 192
      vertex -1334.8584094275236 665.1399578807102 216.85327717570254
    endloop
  endfacet
  facet normal 0.9990482215818577 0 0.04361938736533784
    outer loop
      vertex -1334.8584094275236 540 216.85327717570254
      vertex -1334.8584094275236 665.1399578807102 216.85327717570254
      vertex -1336 540 243
    endloop
  endfacet
  facet normal 0.9990482215818577 -1.0910109929287078e-15 -0.043619387365337846
    outer loop
      vertex -1336 540 243
      vertex -1335.305488088717 690.5808872580528 258.9069379866123
      vertex -1334.8584094275236 540 269.14672282429746
    endloop
  endfacet
  facet normal 0.9762960071193179 -1.224975103988232e-13 0.2164396139408793
    outer loop
      vertex -1327.515380786474 626.5175861667428 173.19224196640465
      vertex -1327.5211709990908 628.4955173460722 173.21835992769417
      vertex -1327.5325759366501 628.6197149902582 173.26980427652597
    endloop
  endfacet
  facet normal 0.9762960071199381 5.776096807476142e-15 0.21643961393808137
    outer loop
      vertex -1330.6180379203606 631.1197472106496 187.18742388417547
      vertex -1329.4680137323726 639 182.00000000000003
      vertex -1331.4423259036623 645.6791600246682 190.9055466999209
    endloop
  endfacet
  facet normal 0.9990482215818576 2.249649259944726e-16 0.043619387365338914
    outer loop
      vertex -1336 540 243
      vertex -1334.8584094275236 665.1399578807102 216.85327717570254
      vertex -1335.9938574340515 684.6444840803742 242.85931210964918
    endloop
  endfacet
  facet normal 0.9990482215818677 0 0.04361938736510807
    outer loop
      vertex -1336 540 243
      vertex -1335.9938574340515 684.6444840803742 242.85931210964918
      vertex -1336 684.7336636809624 243
    endloop
  endfacet
  facet normal 0.9990482215818569 0 -0.04361938736535872
    outer loop
      vertex -1336 540 243
      vertex -1336 684.7336636809624 243
      vertex -1335.8325450400528 687.1648246273398 246.83534914255142
    endloop
  endfacet
  facet normal 0.9990482215818598 -1.815369023130311e-15 -0.04361938736528919
    outer loop
      vertex -1336 540 243
      vertex -1335.8325450400528 687.1648246273398 246.83534914255142
      vertex -1335.6438706698632 689.032146371901 251.1567026823759
    endloop
  endfacet
  facet normal 0.9990482215818555 3.5268178579311097e-15 -0.0436193873653866
    outer loop
      vertex -1336 540 243
      vertex -1335.6438706698632 689.032146371901 251.1567026823759
      vertex -1335.444765244414 690.2004696577787 255.71696666628122
    endloop
  endfacet
  facet normal 0.9990482215818567 1.3338507490578418e-15 -0.04361938736536074
    outer loop
      vertex -1336 540 243
      vertex -1335.444765244414 690.2004696577787 255.71696666628122
      vertex -1335.305488088717 690.5808872580528 258.9069379866123
    endloop
  endfacet
  facet normal 0.9914448613738102 0 -0.1305261922200533
    outer loop
      vertex -1334.8584094275236 540 269.14672282429746
      vertex -1334.8584094275236 691.2486993126166 269.14672282429746
      vertex -1331.4423259036623 540 295.0944533000791
    endloop
  endfacet
  facet normal 0.9762960071199349 0 -0.2164396139380959
    outer loop
      vertex -1331.4423259036623 540 295.0944533000791
      vertex -1331.4423259036623 692.9409426043433 295.0944533000791
      vertex -1325.7777478867206 540 320.6457135307562
    endloop
  endfacet
  facet normal 0.953716950748227 0 -0.30070579950427284
    outer loop
      vertex -1325.7777478867206 540 320.6457135307562
      vertex -1325.7777478867206 694.6073291409572 320.6457135307562
      vertex -1317.9077862357726 540 345.6060429977006
    endloop
  endfacet
  facet normal 0.9238795325112864 0 -0.3826834323650906
    outer loop
      vertex -1317.9077862357726 540 345.6060429977006
      vertex -1317.9077862357726 696.2351767147229 345.6060429977006
      vertex -1307.892336110995 540 369.7854785222098
    endloop
  endfacet
  facet normal 0.9990482215818584 -2.631748295998272e-19 -0.04361938736532184
    outer loop
      vertex -1335.305488088717 690.5808872580528 258.9069379866123
      vertex -1334.8584094275236 691.2486993126166 269.14672282429746
      vertex -1334.8584094275236 540 269.14672282429746
    endloop
  endfacet
  facet normal 0.9914448613738102 0 -0.1305261922200533
    outer loop
      vertex -1331.4423259036623 540 295.0944533000791
      vertex -1334.8584094275236 691.2486993126166 269.14672282429746
      vertex -1331.4423259036623 692.9409426043433 295.0944533000791
    endloop
  endfacet
  facet normal 0.976296007119935 0 -0.2164396139380959
    outer loop
      vertex -1325.7777478867206 540 320.6457135307562
      vertex -1331.4423259036623 692.9409426043433 295.0944533000791
      vertex -1325.7777478867206 694.6073291409572 320.6457135307562
    endloop
  endfacet
  facet normal 0.9537169507482269 0 -0.30070579950427284
    outer loop
      vertex -1317.9077862357726 540 345.6060429977006
      vertex -1325.7777478867206 694.6073291409572 320.6457135307562
      vertex -1317.9077862357726 696.2351767147229 345.6060429977006
    endloop
  endfacet
  facet normal 0 1 0
    outer loop
      vertex -1326.8076777806573 540 170
      vertex -1327.251067105943 540 172
      vertex -744.7489328940569 540 172
    endloop
  endfacet
  facet normal 0 1 0
    outer loop
      vertex -1331.5864134141104 540 192
      vertex -1334.8584094275236 540 216.85327717570254
      vertex -737.1415905724764 540 216.85327717570254
    endloop
  endfacet
  facet normal 0 1 0
    outer loop
      vertex -1334.8584094275236 540 216.85327717570254
      vertex -1336 540 243
      vertex -736 540 243
    endloop
  endfacet
  facet normal 0 1 0
    outer loop
      vertex -1336 540 243
      vertex -1334.8584094275236 540 269.14672282429746
      vertex -737.1415905724764 540 269.14672282429746
    endloop
  endfacet
  facet normal 0 1 0
    outer loop
      vertex -1326.8076777806573 540 170
      vertex -744.7489328940569 540 172
      vertex -745.1923222193428 540 170
    endloop
  endfacet
  facet normal 0 1 0
    outer loop
      vertex -1331.5864134141104 540 192
      vertex -737.1415905724764 540 216.85327717570254
      vertex -740.4135865858894 540 192
    endloop
  endfacet
  facet normal 0 1 0
    outer loop
      vertex -1334.8584094275236 540 216.85327717570254
      vertex -736 540 243
      vertex -737.1415905724764 540 216.85327717570254
    endloop
  endfacet
  facet normal 0 1 0
    outer loop
      vertex -1336 540 243
      vertex -737.1415905724764 540 269.14672282429746
      vertex -736 540 243
    endloop
  endfacet
  facet normal 0 1 0
    outer loop
      vertex -1334.8584094275236 540 269.14672282429746
      vertex -1331.4423259036623 540 295.0944533000791
      vertex -740.5576740963377 540 295.0944533000791
    endloop
  endfacet
  facet normal 0 1 0
    outer loop
      vertex -1331.4423259036623 540 295.0944533000791
      vertex -1325.7777478867206 540 320.6457135307562
      vertex -746.2222521132795 540 320.6457135307562
    endloop
  endfacet
  facet normal 0 1 0
    outer loop
      vertex -1325.7777478867206 540 320.6457135307562
      vertex -1317.9077862357726 540 345.6060429977006
      vertex -754.0922137642275 540 345.6060429977006
    endloop
  endfacet
  facet normal 0 1 0
    outer loop
      vertex -1334.8584094275236 540 269.14672282429746
      vertex -740.5576740963377 540 295.0944533000791
      vertex -737.1415905724764 540 269.14672282429746
    endloop
  endfacet
  facet normal 0 1 0
    outer loop
      vertex -1331.4423259036623 540 295.0944533000791
      vertex -746.2222521132795 540 320.6457135307562
      vertex -740.5576740963377 540 295.0944533000791
    endloop
  endfacet
  facet normal 0 1 0
    outer loop
      vertex -1325.7777478867206 540 320.6457135307562
      vertex -754.0922137642275 540 345.6060429977006
      vertex -746.2222521132795 540 320.6457135307562
    endloop
  endfacet
  facet normal 0 1 0
    outer loop
      vertex -1317.9077862357726 540 345.6060429977006
      vertex -764.107663889005 540 369.7854785222098
      vertex -754.0922137642275 540 345.6060429977006
    endloop
  endfacet
  facet normal 0.8870108331782205 0 -0.46174861323503597
    outer loop
      vertex -1307.892336110995 540 369.7854785222098
      vertex -1307.892336110995 697.8120964226828 369.7854785222098
      vertex -1295.8076211353316 540 393
    endloop
  endfacet
  facet normal 0.8433914458128857 0 -0.537299608346824
    outer loop
      vertex -1295.8076211353316 540 393
      vertex -1295.8076211353316 699.3260869536891 393
      vertex -1281.7456132866976 540 415.0729309053138
    endloop
  endfacet
  facet normal 0.7933533402912327 0 -0.6087614290087235
    outer loop
      vertex -1281.7456132866976 540 415.0729309053138
      vertex -1281.7456132866976 700.7656259256285 415.0729309053138
      vertex -1265.8133329356933 540 435.83628290596175
    endloop
  endfacet
  facet normal 0.7372773368101246 0 -0.6755902076156597
    outer loop
      vertex -1265.8133329356933 540 435.83628290596175
      vertex -1265.8133329356933 702.119757577707 435.83628290596175
      vertex -1248.1320343559642 540 455.13203435596427
    endloop
  endfacet
  facet normal 0.9238795325112864 -1.6131791597723295e-18 -0.38268343236509067
    outer loop
      vertex -1317.9077862357726 696.2351767147229 345.6060429977006
      vertex -1307.892336110995 697.8120964226828 369.7854785222098
      vertex -1307.892336110995 540 369.7854785222098
    endloop
  endfacet
  facet normal 0.8870108331782206 0 -0.461748613235036
    outer loop
      vertex -1295.8076211353316 540 393
      vertex -1307.892336110995 697.8120964226828 369.7854785222098
      vertex -1295.8076211353316 699.3260869536891 393
    endloop
  endfacet
  facet normal 0.8433914458128856 0 -0.5372996083468239
    outer loop
      vertex -1281.7456132866976 540 415.0729309053138
      vertex -1295.8076211353316 699.3260869536891 393
      vertex -1281.7456132866976 700.7656259256285 415.0729309053138
    endloop
  endfacet
  facet normal 0.7933533402912328 0 -0.6087614290087235
    outer loop
      vertex -1265.8133329356933 540 435.83628290596175
      vertex -1281.7456132866976 700.7656259256285 415.0729309053138
      vertex -1265.8133329356933 702.119757577707 435.83628290596175
    endloop
  endfacet
  facet normal 0.6755902076156618 0 -0.7372773368101225
    outer loop
      vertex -1248.1320343559642 540 455.13203435596427
      vertex -1248.1320343559642 703.3781761504054 455.13203435596427
      vertex -1228.8362829059618 540 472.81333293569344
    endloop
  endfacet
  facet normal 0.6087614290087208 0 -0.7933533402912349
    outer loop
      vertex -1228.8362829059618 540 472.81333293569344
      vertex -1228.8362829059618 704.5313043185313 472.81333293569344
      vertex -1208.0729309053138 540 488.74561328669756
    endloop
  endfacet
  facet normal 0.5372996083468238 0 -0.8433914458128856
    outer loop
      vertex -1208.0729309053138 540 488.74561328669756
      vertex -1208.0729309053138 704.8589417173102 488.74561328669756
      vertex -1186 540 502.8076211353316
    endloop
  endfacet
  facet normal 0.4617486132350326 0 -0.8870108331782224
    outer loop
      vertex -1186 540 502.8076211353316
      vertex -1186 704.6321351390568 502.8076211353316
      vertex -1162.7854785222098 540 514.892336110995
    endloop
  endfacet
  facet normal 0.3826834323650899 0 -0.9238795325112866
    outer loop
      vertex -1162.7854785222098 540 514.892336110995
      vertex -1162.7854785222098 704.4372203813422 514.892336110995
      vertex -1138.6060429977006 540 524.9077862357725
    endloop
  endfacet
  facet normal 0.7372773368101245 4.1365735971075984e-19 -0.6755902076156597
    outer loop
      vertex -1265.8133329356933 702.119757577707 435.83628290596175
      vertex -1248.1320343559642 703.3781761504054 455.13203435596427
      vertex -1248.1320343559642 540 455.13203435596427
    endloop
  endfacet
  facet normal 0.6755902076156619 0 -0.7372773368101226
    outer loop
      vertex -1228.8362829059618 540 472.81333293569344
      vertex -1248.1320343559642 703.3781761504054 455.13203435596427
      vertex -1228.8362829059618 704.5313043185313 472.81333293569344
    endloop
  endfacet
  facet normal 0.6087614290087177 -6.277985230575258e-16 -0.7933533402912374
    outer loop
      vertex -1208.0729309053138 540 488.74561328669756
      vertex -1228.8362829059618 704.5313043185313 472.81333293569344
      vertex -1221.0563021383496 704.920638397336 478.7831221446395
    endloop
  endfacet
  facet normal 0.6087614290087253 3.441178108816521e-16 -0.7933533402912316
    outer loop
      vertex -1208.0729309053138 540 488.74561328669756
      vertex -1221.0563021383496 704.920638397336 478.7831221446395
      vertex -1217.8814077298102 704.9803337976336 481.21930430829525
    endloop
  endfacet
  facet normal 0.6087614290087218 0 -0.7933533402912343
    outer loop
      vertex -1208.0729309053138 540 488.74561328669756
      vertex -1217.8814077298102 704.9803337976336 481.21930430829525
      vertex -1208.0729309053138 704.8589417173102 488.74561328669756
    endloop
  endfacet
  facet normal 0.5372996083468239 0 -0.8433914458128857
    outer loop
      vertex -1186 540 502.8076211353316
      vertex -1208.0729309053138 704.8589417173102 488.74561328669756
      vertex -1186 704.6321351390568 502.8076211353316
    endloop
  endfacet
  facet normal 0.4617486132350327 0 -0.8870108331782225
    outer loop
      vertex -1162.7854785222098 540 514.892336110995
      vertex -1186 704.6321351390568 502.8076211353316
      vertex -1162.7854785222098 704.4372203813422 514.892336110995
    endloop
  endfacet
  facet normal 0.38268343236508995 -1.345435427680804e-18 -0.9238795325112867
    outer loop
      vertex -1162.7854785222098 704.4372203813422 514.892336110995
      vertex -1138.6060429977006 704.2756808631651 524.9077862357725
      vertex -1138.6060429977006 540 524.9077862357725
    endloop
  endfacet
  facet normal 0 1 0
    outer loop
      vertex -1317.9077862357726 540 345.6060429977006
      vertex -1307.892336110995 540 369.7854785222098
      vertex -764.107663889005 540 369.7854785222098
    endloop
  endfacet
  facet normal 0 1 0
    outer loop
      vertex -1307.892336110995 540 369.7854785222098
      vertex -1295.8076211353316 540 393
      vertex -776.1923788646684 540 393
    endloop
  endfacet
  facet normal 0 1 0
    outer loop
      vertex -1295.8076211353316 540 393
      vertex -1281.7456132866976 540 415.0729309053138
      vertex -790.2543867133024 540 415.0729309053138
    endloop
  endfacet
  facet normal 0 1 0
    outer loop
      vertex -1281.7456132866976 540 415.0729309053138
      vertex -1265.8133329356933 540 435.83628290596175
      vertex -806.1866670643066 540 435.83628290596175
    endloop
  endfacet
  facet normal 0 1 0
    outer loop
      vertex -1281.7456132866976 540 415.0729309053138
      vertex -806.1866670643066 540 435.83628290596175
      vertex -790.2543867133024 540 415.0729309053138
    endloop
  endfacet
  facet normal 0 1 0
    outer loop
      vertex -1265.8133329356933 540 435.83628290596175
      vertex -823.8679656440357 540 455.13203435596427
      vertex -806.1866670643066 540 435.83628290596175
    endloop
  endfacet
  facet normal 0 1 0
    outer loop
      vertex -1307.892336110995 540 369.7854785222098
      vertex -776.1923788646684 540 393
      vertex -764.107663889005 540 369.7854785222098
    endloop
  endfacet
  facet normal 0 1 0
    outer loop
      vertex -1295.8076211353316 540 393
      vertex -790.2543867133024 540 415.0729309053138
      vertex -776.1923788646684 540 393
    endloop
  endfacet
  facet normal -0.8870108331782224 0 -0.4617486132350326
    outer loop
      vertex -764.107663889005 540 369.7854785222098
      vertex -776.1923788646684 540 393
      vertex -764.107663889005 697.8120964226829 369.7854785222098
    endloop
  endfacet
  facet normal -0.8433914458128856 -2.674136023534571e-18 -0.5372996083468239
    outer loop
      vertex -776.1923788646684 540 393
      vertex -790.2543867133024 540 415.0729309053138
      vertex -790.2543867133024 700.7656259256285 415.0729309053138
    endloop
  endfacet
  facet normal -0.793353340291235 1.8046193905511417e-18 -0.6087614290087209
    outer loop
      vertex -790.2543867133024 540 415.0729309053138
      vertex -806.1866670643066 540 435.83628290596175
      vertex -806.1866670643066 702.119757577707 435.83628290596175
    endloop
  endfacet
  facet normal -0.8870108331782224 0 -0.4617486132350325
    outer loop
      vertex -776.1923788646684 540 393
      vertex -776.1923788646684 699.3260869536891 393
      vertex -764.107663889005 697.8120964226829 369.7854785222098
    endloop
  endfacet
  facet normal -0.8433914458128857 0 -0.537299608346824
    outer loop
      vertex -776.1923788646684 540 393
      vertex -790.2543867133024 700.7656259256285 415.0729309053138
      vertex -776.1923788646684 699.3260869536891 393
    endloop
  endfacet
  facet normal -0.793353340291235 0 -0.6087614290087208
    outer loop
      vertex -790.2543867133024 540 415.0729309053138
      vertex -806.1866670643066 702.119757577707 435.83628290596175
      vertex -790.2543867133024 700.7656259256285 415.0729309053138
    endloop
  endfacet
  facet normal -0.7372773368101246 0 -0.6755902076156597
    outer loop
      vertex -806.1866670643066 540 435.83628290596175
      vertex -823.8679656440357 703.3781761504052 455.13203435596427
      vertex -806.1866670643066 702.119757577707 435.83628290596175
    endloop
  endfacet
  facet normal 0 1 0
    outer loop
      vertex -1265.8133329356933 540 435.83628290596175
      vertex -1248.1320343559642 540 455.13203435596427
      vertex -823.8679656440357 540 455.13203435596427
    endloop
  endfacet
  facet normal 0 1 0
    outer loop
      vertex -1248.1320343559642 540 455.13203435596427
      vertex -1228.8362829059618 540 472.81333293569344
      vertex -843.1637170940382 540 472.81333293569344
    endloop
  endfacet
  facet normal 0 1 0
    outer loop
      vertex -1228.8362829059618 540 472.81333293569344
      vertex -1208.0729309053138 540 488.74561328669756
      vertex -863.9270690946862 540 488.74561328669756
    endloop
  endfacet
  facet normal 0 1 0
    outer loop
      vertex -1248.1320343559642 540 455.13203435596427
      vertex -843.1637170940382 540 472.81333293569344
      vertex -823.8679656440357 540 455.13203435596427
    endloop
  endfacet
  facet normal 0 1 0
    outer loop
      vertex -1228.8362829059618 540 472.81333293569344
      vertex -863.9270690946862 540 488.74561328669756
      vertex -843.1637170940382 540 472.81333293569344
    endloop
  endfacet
  facet normal 0 1 0
    outer loop
      vertex -1208.0729309053138 540 488.74561328669756
      vertex -886 540 502.8076211353316
      vertex -863.9270690946862 540 488.74561328669756
    endloop
  endfacet
  facet normal 0 1 0
    outer loop
      vertex -1208.0729309053138 540 488.74561328669756
      vertex -1186 540 502.8076211353316
      vertex -886 540 502.8076211353316
    endloop
  endfacet
  facet normal 0 1 0
    outer loop
      vertex -1186 540 502.8076211353316
      vertex -1162.7854785222098 540 514.892336110995
      vertex -909.2145214777902 540 514.892336110995
    endloop
  endfacet
  facet normal 0 1 0
    outer loop
      vertex -1162.7854785222098 540 514.892336110995
      vertex -1138.6060429977006 540 524.9077862357725
      vertex -933.3939570022994 540 524.9077862357725
    endloop
  endfacet
  facet normal 0 1 0
    outer loop
      vertex -1138.6060429977006 540 524.9077862357725
      vertex -1113.6457135307562 540 532.7777478867205
      vertex -958.3542864692438 540 532.7777478867205
    endloop
  endfacet
  facet normal 0 1 0
    outer loop
      vertex -1113.6457135307562 540 532.7777478867205
      vertex -1088.094453300079 540 538.4423259036623
      vertex -983.9055466999209 540 538.4423259036623
    endloop
  endfacet
  facet normal 0 1 0
    outer loop
      vertex -1088.094453300079 540 538.4423259036623
      vertex -1062.1467228242975 540 541.8584094275236
      vertex -1009.8532771757026 540 541.8584094275236
    endloop
  endfacet
  facet normal 0.3007057995042735 0 -0.9537169507482267
    outer loop
      vertex -1138.6060429977006 540 524.9077862357725
      vertex -1138.6060429977006 704.2756808631651 524.9077862357725
      vertex -1113.6457135307562 540 532.7777478867205
    endloop
  endfacet
  facet normal 0.21643961393809957 0 -0.9762960071199341
    outer loop
      vertex -1113.6457135307562 540 532.7777478867205
      vertex -1113.6457135307562 704.1487459977994 532.7777478867205
      vertex -1088.094453300079 540 538.4423259036623
    endloop
  endfacet
  facet normal 0.13052619222005382 0 -0.99144486137381
    outer loop
      vertex -1088.094453300079 540 538.4423259036623
      vertex -1088.094453300079 704.0573818362159 538.4423259036623
      vertex -1062.1467228242975 540 541.8584094275236
    endloop
  endfacet
  facet normal 0 1 0
    outer loop
      vertex -1186 540 502.8076211353316
      vertex -909.2145214777902 540 514.892336110995
      vertex -886 540 502.8076211353316
    endloop
  endfacet
  facet normal 0 1 0
    outer loop
      vertex -1138.6060429977006 540 524.9077862357725
      vertex -958.3542864692438 540 532.7777478867205
      vertex -933.3939570022994 540 524.9077862357725
    endloop
  endfacet
  facet normal 0 1 0
    outer loop
      vertex -1088.094453300079 540 538.4423259036623
      vertex -1009.8532771757026 540 541.8584094275236
      vertex -983.9055466999209 540 538.4423259036623
    endloop
  endfacet
  facet normal 0 1 0
    outer loop
      vertex -1113.6457135307562 540 532.7777478867205
      vertex -983.9055466999209 540 538.4423259036623
      vertex -958.3542864692438 540 532.7777478867205
    endloop
  endfacet
  facet normal 0 1 0
    outer loop
      vertex -1162.7854785222098 540 514.892336110995
      vertex -933.3939570022994 540 524.9077862357725
      vertex -909.2145214777902 540 514.892336110995
    endloop
  endfacet
  facet normal -0.13052619222005327 0 -0.9914448613738102
    outer loop
      vertex -1009.8532771757026 540 541.8584094275236
      vertex -1009.8532771757026 704.0022837148513 541.8584094275236
      vertex -983.9055466999209 540 538.4423259036623
    endloop
  endfacet
  facet normal -0.2164396139380996 -2.1732538835255035e-18 -0.976296007119934
    outer loop
      vertex -958.3542864692438 540 532.7777478867205
      vertex -983.9055466999209 540 538.4423259036623
      vertex -983.9055466999209 704.057381836216 538.4423259036623
    endloop
  endfacet
  facet normal 0.3007057995042735 0 -0.9537169507482268
    outer loop
      vertex -1113.6457135307562 540 532.7777478867205
      vertex -1138.6060429977006 704.2756808631651 524.9077862357725
      vertex -1113.6457135307562 704.1487459977994 532.7777478867205
    endloop
  endfacet
  facet normal 0.21643961393809957 2.1732538835255047e-18 -0.976296007119934
    outer loop
      vertex -1113.6457135307562 704.1487459977994 532.7777478867205
      vertex -1088.094453300079 704.0573818362159 538.4423259036623
      vertex -1088.094453300079 540 538.4423259036623
    endloop
  endfacet
  facet normal 0.13052619222005382 0 -0.9914448613738102
    outer loop
      vertex -1062.1467228242975 540 541.8584094275236
      vertex -1088.094453300079 704.0573818362159 538.4423259036623
      vertex -1062.1467228242975 704.0022837148513 541.8584094275236
    endloop
  endfacet
  facet normal -0.13052619222005332 0 -0.9914448613738103
    outer loop
      vertex -983.9055466999209 540 538.4423259036623
      vertex -1009.8532771757026 704.0022837148513 541.8584094275236
      vertex -983.9055466999209 704.057381836216 538.4423259036623
    endloop
  endfacet
  facet normal -0.21643961393809957 0 -0.9762960071199341
    outer loop
      vertex -958.3542864692438 540 532.7777478867205
      vertex -983.9055466999209 704.057381836216 538.4423259036623
      vertex -958.3542864692438 704.1487459977994 532.7777478867205
    endloop
  endfacet
  facet normal -0.7372773368101246 -4.136573597107602e-19 -0.6755902076156597
    outer loop
      vertex -806.1866670643066 540 435.83628290596175
      vertex -823.8679656440357 540 455.13203435596427
      vertex -823.8679656440357 703.3781761504052 455.13203435596427
    endloop
  endfacet
  facet normal -0.6755902076156598 -4.1075821565175693e-19 -0.7372773368101246
    outer loop
      vertex -823.8679656440357 540 455.13203435596427
      vertex -843.1637170940382 540 472.81333293569344
      vertex -843.1637170940382 704.5313043185313 472.81333293569344
    endloop
  endfacet
  facet normal -0.6087614290087208 0 -0.793353340291235
    outer loop
      vertex -863.9270690946862 540 488.74561328669756
      vertex -863.9270690946862 704.8589417173102 488.74561328669756
      vertex -843.1637170940382 540 472.81333293569344
    endloop
  endfacet
  facet normal -0.5372996083468239 -2.611331932679382e-18 -0.8433914458128857
    outer loop
      vertex -863.9270690946862 540 488.74561328669756
      vertex -886 540 502.8076211353316
      vertex -886 704.6321351390568 502.8076211353316
    endloop
  endfacet
  facet normal -0.4617486132350327 -6.153434301765956e-18 -0.8870108331782225
    outer loop
      vertex -886 540 502.8076211353316
      vertex -909.2145214777902 540 514.892336110995
      vertex -909.2145214777902 704.4372203813422 514.892336110995
    endloop
  endfacet
  facet normal -0.3826834323650899 0 -0.9238795325112866
    outer loop
      vertex -933.3939570022994 540 524.9077862357725
      vertex -933.3939570022994 704.2756808631652 524.9077862357725
      vertex -909.2145214777902 540 514.892336110995
    endloop
  endfacet
  facet normal -0.3007057995042735 0 -0.9537169507482268
    outer loop
      vertex -958.3542864692438 540 532.7777478867205
      vertex -958.3542864692438 704.1487459977994 532.7777478867205
      vertex -933.3939570022994 540 524.9077862357725
    endloop
  endfacet
  facet normal -0.5372996083468238 0 -0.8433914458128856
    outer loop
      vertex -863.9270690946862 540 488.74561328669756
      vertex -886 704.6321351390568 502.8076211353316
      vertex -863.9270690946862 704.8589417173102 488.74561328669756
    endloop
  endfacet
  facet normal -0.6755902076156597 0 -0.7372773368101246
    outer loop
      vertex -823.8679656440357 540 455.13203435596427
      vertex -843.1637170940382 704.5313043185313 472.81333293569344
      vertex -823.8679656440357 703.3781761504052 455.13203435596427
    endloop
  endfacet
  facet normal -0.6087614290087233 0 -0.7933533402912332
    outer loop
      vertex -843.1637170940382 540 472.81333293569344
      vertex -850.9436978616503 704.920638397336 478.7831221446395
      vertex -843.1637170940382 704.5313043185313 472.81333293569344
    endloop
  endfacet
  facet normal -0.6087614290087119 8.615440233391365e-16 -0.793353340291242
    outer loop
      vertex -843.1637170940382 540 472.81333293569344
      vertex -854.1185922701898 704.9803337976336 481.21930430829525
      vertex -850.9436978616503 704.920638397336 478.7831221446395
    endloop
  endfacet
  facet normal -0.6087614290087218 -1.9904729650499132e-16 -0.7933533402912344
    outer loop
      vertex -843.1637170940382 540 472.81333293569344
      vertex -863.9270690946862 704.8589417173102 488.74561328669756
      vertex -854.1185922701898 704.9803337976336 481.21930430829525
    endloop
  endfacet
  facet normal -0.4617486132350326 0 -0.8870108331782224
    outer loop
      vertex -886 540 502.8076211353316
      vertex -909.2145214777902 704.4372203813422 514.892336110995
      vertex -886 704.6321351390568 502.8076211353316
    endloop
  endfacet
  facet normal -0.3007057995042735 -1.6254677325550477e-19 -0.9537169507482267
    outer loop
      vertex -958.3542864692438 704.1487459977994 532.7777478867205
      vertex -933.3939570022994 704.2756808631652 524.9077862357725
      vertex -933.3939570022994 540 524.9077862357725
    endloop
  endfacet
  facet normal -0.3826834323650899 0 -0.9238795325112866
    outer loop
      vertex -909.2145214777902 540 514.892336110995
      vertex -933.3939570022994 704.2756808631652 524.9077862357725
      vertex -909.2145214777902 704.4372203813422 514.892336110995
    endloop
  endfacet
  facet normal -0.9762960071199291 0 0.2164396139381219
    outer loop
      vertex -745.1923222193428 540 170
      vertex -744.7489328940569 540 172
      vertex -745.1923222193428 615 170
    endloop
  endfacet
  facet normal -0.9762960071199343 -6.448025969068008e-16 0.21643961393809882
    outer loop
      vertex -744.7489328940569 540 172
      vertex -740.5576740963377 540 190.9055466999209
      vertex -745.1923222193428 615 170
    endloop
  endfacet
  facet normal -0.9914448613738045 0 0.13052619222009582
    outer loop
      vertex -740.5576740963377 540 190.9055466999209
      vertex -740.4135865858894 540 192
      vertex -740.5576740963377 645.6791600246681 190.9055466999209
    endloop
  endfacet
  facet normal -0.9914448613738105 -4.661969026610365e-16 0.13052619222005157
    outer loop
      vertex -740.4135865858894 540 192
      vertex -737.1415905724764 540 216.85327717570254
      vertex -740.5576740963377 645.6791600246681 190.9055466999209
    endloop
  endfacet
  facet normal -0.9762960071199269 9.080675210051416e-15 0.21643961393813216
    outer loop
      vertex -740.5576740963377 540 190.9055466999209
      vertex -744.7489328940569 612.6725813414921 172
      vertex -745.1923222193428 615 170
    endloop
  endfacet
  facet normal -0.976296007119939 -5.796077732917984e-15 0.2164396139380772
    outer loop
      vertex -740.5576740963377 540 190.9055466999209
      vertex -744.8668069469101 624.2705098316073 171.46830450743437
      vertex -744.7489328940569 614.4401393188722 172
    endloop
  endfacet
  facet normal -0.9762960071199224 1.2211000022970518e-14 0.21643961393815195
    outer loop
      vertex -740.5576740963377 540 190.9055466999209
      vertex -744.7489328940569 625.5541362959415 172
      vertex -744.8668069469101 624.2705098316073 171.46830450743437
    endloop
  endfacet
  facet normal -0.9762960071199163 1.8846395003635755e-14 0.21643961393818037
    outer loop
      vertex -740.5576740963377 540 190.9055466999209
      vertex -744.6638706916995 626.4804478243707 172.38369079951374
      vertex -744.7489328940569 625.5541362959415 172
    endloop
  endfacet
  facet normal -0.9762960071199317 1.7139866240029653e-15 0.21643961393810993
    outer loop
      vertex -740.5576740963377 540 190.9055466999209
      vertex -743.922124829345 632.6335575655103 175.72949016839266
      vertex -744.3100553911767 629.7780754591349 173.97964848430811
    endloop
  endfacet
  facet normal -0.9762960071199355 -1.0745734235228453e-15 0.21643961393809347
    outer loop
      vertex -740.5576740963377 540 190.9055466999209
      vertex -743.79224586251 633.3194952893194 176.3153363285422
      vertex -743.922124829345 632.6335575655103 175.72949016839266
    endloop
  endfacet
  facet normal -0.9762960071199291 0 0.2164396139381219
    outer loop
      vertex -744.7489328940569 612.6725813414921 172
      vertex -744.7489328940569 614.4401393188722 172
      vertex -745.1923222193428 615 170
    endloop
  endfacet
  facet normal -0.9762960071199286 9.338708989215408e-15 0.21643961393812441
    outer loop
      vertex -745.1923222193428 615 170
      vertex -744.7489328940569 614.4401393188722 172
      vertex -745.1104393433269 619.6930339485407 170.3693497851491
    endloop
  endfacet
  facet normal -0.9762960071199388 -5.775570645726105e-15 0.21643961393807795
    outer loop
      vertex -744.7489328940569 614.4401393188722 172
      vertex -744.8668069469101 624.2705098316073 171.46830450743437
      vertex -745.1104393433269 619.6930339485407 170.3693497851491
    endloop
  endfacet
  facet normal -0.976296007119933 7.185789863652857e-16 0.21643961393810432
    outer loop
      vertex -740.5576740963377 540 190.9055466999209
      vertex -742.5319862676275 639 182
      vertex -743.1930901672197 636.4136843686556 179.01795301830558
    endloop
  endfacet
  facet normal -0.9762960071199347 0 0.21643961393809671
    outer loop
      vertex -740.5576740963377 540 190.9055466999209
      vertex -740.5576740963377 645.6791600246681 190.9055466999209
      vertex -742.5319862676275 639 182
    endloop
  endfacet
  facet normal -0.9914448613738054 8.969099720048721e-15 0.13052619222008927
    outer loop
      vertex -737.1415905724764 540 216.85327717570254
      vertex -740.4135865858894 646.499999999694 192
      vertex -740.5576740963377 645.6791600246681 190.9055466999209
    endloop
  endfacet
  facet normal -0.9914448613738104 0 0.13052619222005155
    outer loop
      vertex -737.1415905724764 540 216.85327717570254
      vertex -737.1415905724764 665.1399578807102 216.85327717570254
      vertex -740.4135865858894 646.499999999694 192
    endloop
  endfacet
  facet normal -0.9990482215818577 0 0.04361938736533784
    outer loop
      vertex -737.1415905724764 540 216.85327717570254
      vertex -736 540 243
      vertex -737.1415905724764 665.1399578807102 216.85327717570254
    endloop
  endfacet
  facet normal -0.9990482215818576 0 -0.043619387365337846
    outer loop
      vertex -736 540 243
      vertex -737.1415905724764 540 269.14672282429746
      vertex -736 684.7336636809624 243
    endloop
  endfacet
  facet normal -0.9990482215818576 2.2496113390886436e-16 0.043619387365338914
    outer loop
      vertex -736 540 243
      vertex -736.0061425659485 684.6444840803742 242.85931210964918
      vertex -737.1415905724764 665.1399578807102 216.85327717570254
    endloop
  endfacet
  facet normal -0.9990482215818677 0 0.04361938736510807
    outer loop
      vertex -736 540 243
      vertex -736 684.7336636809624 243
      vertex -736.0061425659485 684.6444840803742 242.85931210964918
    endloop
  endfacet
  facet normal -0.9990482215818569 -3.3888790515106364e-15 -0.043619387365356574
    outer loop
      vertex -736 684.7336636809624 243
      vertex -737.1415905724764 540 269.14672282429746
      vertex -736.1674549599472 687.1648246273398 246.83534914255142
    endloop
  endfacet
  facet normal -0.9990482215818585 2.573366737728963e-15 -0.04361938736531731
    outer loop
      vertex -736.1674549599472 687.1648246273398 246.83534914255142
      vertex -737.1415905724764 540 269.14672282429746
      vertex -736.3561293301369 689.032146371901 251.1567026823759
    endloop
  endfacet
  facet normal -0.9990482215818577 3.0722389319751804e-16 -0.043619387365336056
    outer loop
      vertex -736.3561293301369 689.032146371901 251.1567026823759
      vertex -737.1415905724764 540 269.14672282429746
      vertex -736.555234755586 690.2004696577787 255.71696666628122
    endloop
  endfacet
  facet normal -0.9990482215818567 -1.870497299561807e-15 -0.04361938736536036
    outer loop
      vertex -736.555234755586 690.2004696577787 255.71696666628122
      vertex -737.1415905724764 540 269.14672282429746
      vertex -736.6945119112828 690.5808872580528 258.9069379866123
    endloop
  endfacet
  facet normal -0.9914448613738102 0 -0.1305261922200533
    outer loop
      vertex -737.1415905724764 540 269.14672282429746
      vertex -740.5576740963377 540 295.0944533000791
      vertex -737.1415905724764 691.2486993126166 269.14672282429746
    endloop
  endfacet
  facet normal -0.976296007119934 5.928023563591174e-21 -0.21643961393810005
    outer loop
      vertex -740.5576740963377 540 295.0944533000791
      vertex -746.2222521132795 540 320.6457135307562
      vertex -746.2222521132795 694.6073291409572 320.6457135307562
    endloop
  endfacet
  facet normal -0.9537169507482269 1.636853023206664e-18 -0.30070579950427284
    outer loop
      vertex -746.2222521132795 540 320.6457135307562
      vertex -754.0922137642275 540 345.6060429977006
      vertex -754.0922137642275 696.2351767147229 345.6060429977006
    endloop
  endfacet
  facet normal -0.9990482215818579 -1.3355823100033307e-19 -0.04361938736533291
    outer loop
      vertex -736.6945119112828 690.5808872580528 258.9069379866123
      vertex -737.1415905724764 540 269.14672282429746
      vertex -737.1415905724764 691.2486993126166 269.14672282429746
    endloop
  endfacet
  facet normal -0.9914448613738102 0 -0.13052619222005327
    outer loop
      vertex -740.5576740963377 540 295.0944533000791
      vertex -740.5576740963377 692.9409426043434 295.0944533000791
      vertex -737.1415905724764 691.2486993126166 269.14672282429746
    endloop
  endfacet
  facet normal -0.976296007119934 0 -0.21643961393810005
    outer loop
      vertex -740.5576740963377 540 295.0944533000791
      vertex -746.2222521132795 694.6073291409572 320.6457135307562
      vertex -740.5576740963377 692.9409426043434 295.0944533000791
    endloop
  endfacet
  facet normal -0.953716950748227 0 -0.30070579950427284
    outer loop
      vertex -746.2222521132795 540 320.6457135307562
      vertex -754.0922137642275 696.2351767147229 345.6060429977006
      vertex -746.2222521132795 694.6073291409572 320.6457135307562
    endloop
  endfacet
  facet normal -0.9238795325112864 1.6294613701106583e-18 -0.3826834323650906
    outer loop
      vertex -764.107663889005 697.8120964226829 369.7854785222098
      vertex -754.0922137642275 696.2351767147229 345.6060429977006
      vertex -754.0922137642275 540 345.6060429977006
    endloop
  endfacet
  facet normal -0.9238795325112863 0 -0.3826834323650906
    outer loop
      vertex -764.107663889005 540 369.7854785222098
      vertex -764.107663889005 697.8120964226829 369.7854785222098
      vertex -754.0922137642275 540 345.6060429977006
    endloop
  endfacet
  facet normal 0.04361938736533774 0 -0.9990482215818577
    outer loop
      vertex -1062.1467228242975 540 541.8584094275236
      vertex -1062.1467228242975 704.0022837148513 541.8584094275236
      vertex -1036 540 543
    endloop
  endfacet
  facet normal 0 1 0
    outer loop
      vertex -1062.1467228242975 540 541.8584094275236
      vertex -1036 540 543
      vertex -1009.8532771757026 540 541.8584094275236
    endloop
  endfacet
  facet normal -0.04361938736533794 0 -0.9990482215818577
    outer loop
      vertex -1036 540 543
      vertex -1036 703.9838709636782 543
      vertex -1009.8532771757026 540 541.8584094275236
    endloop
  endfacet
  facet normal 0.04361938736533775 0 -0.9990482215818577
    outer loop
      vertex -1036 540 543
      vertex -1062.1467228242975 704.0022837148513 541.8584094275236
      vertex -1036 703.9838709636782 543
    endloop
  endfacet
  facet normal -0.043619387365337936 0 -0.9990482215818577
    outer loop
      vertex -1009.8532771757026 540 541.8584094275236
      vertex -1036 703.9838709636782 543
      vertex -1009.8532771757026 704.0022837148513 541.8584094275236
    endloop
  endfacet
  facet normal 0.9762960071200186 1.287456231554197e-14 0.21643961393771827
    outer loop
      vertex -1327.251067105943 540 172
      vertex -1327.3763781059304 561.1632414942696 172.5652413932448
      vertex -1327.4058428366145 558.7618179749327 172.69814820450026
    endloop
  endfacet
  facet normal 0.9762960071198862 -1.0431304502589145e-14 0.21643961393831535
    outer loop
      vertex -1327.251067105943 540 172
      vertex -1327.4058428366145 558.7618179749327 172.69814820450026
      vertex -1327.5764173331347 568.6073703008072 173.4675600364615
    endloop
  endfacet
  facet normal 0.9762960071199003 -2.084758497153639e-15 0.21643961393825215
    outer loop
      vertex -1327.251067105943 540 172
      vertex -1327.4080381102028 583.7833627945843 172.70805044374265
      vertex -1327.3763781059304 561.1632414942696 172.5652413932448
    endloop
  endfacet
  facet normal 0.9762960071198997 -1.1706362368311178e-14 0.21643961393825445
    outer loop
      vertex -1327.251067105943 540 172
      vertex -1327.9756420920191 583.4638590476806 175.268346551234
      vertex -1327.8155341462498 567.1592331261483 174.5461462787479
    endloop
  endfacet
  facet normal 0.976296007119924 -1.3758774301445967e-15 0.21643961393814523
    outer loop
      vertex -1327.3763781059304 561.1632414942696 172.5652413932448
      vertex -1327.4080381102028 583.7833627945843 172.70805044374265
      vertex -1327.5197965210914 572.5752128557136 173.2121600580933
    endloop
  endfacet
  facet normal 0.9762960071199406 5.077191881907124e-15 0.21643961393807054
    outer loop
      vertex -1327.5764173331347 568.6073703008072 173.4675600364615
      vertex -1327.5197965210914 572.5752128557136 173.2121600580933
      vertex -1327.5802683662407 579.9055723789892 173.48493092424036
    endloop
  endfacet
  facet normal 0.9762960071199149 5.597118502087936e-16 0.21643961393818625
    outer loop
      vertex -1327.5197965210914 572.5752128557136 173.2121600580933
      vertex -1327.4080381102028 583.7833627945843 172.70805044374265
      vertex -1327.5802683662407 579.9055723789892 173.48493092424036
    endloop
  endfacet
  facet normal 0.9762960071199452 8.448171501386798e-15 0.21643961393804953
    outer loop
      vertex -1327.251067105943 540 172
      vertex -1327.8155341462498 567.1592331261483 174.5461462787479
      vertex -1330.6180379203606 631.1197472106496 187.18742388417547
    endloop
  endfacet
  facet normal 0.9762960071199343 -1.7465717639864708e-16 0.21643961393809885
    outer loop
      vertex -1327.251067105943 540 172
      vertex -1330.6180379203606 631.1197472106496 187.18742388417547
      vertex -1331.4423259036623 540 190.9055466999209
    endloop
  endfacet
  facet normal 0.9914448613738179 -4.631678021399456e-20 0.1305261922199946
    outer loop
      vertex -1331.4423259036623 540 190.9055466999209
      vertex -1331.5864134141104 646.4999999996941 192
      vertex -1331.5864134141104 540 192
    endloop
  endfacet
  facet normal 0.9762960071200893 3.8888262077011406e-14 0.2164396139373987
    outer loop
      vertex -1327.251067105943 540 172
      vertex -1327.5764173331347 568.6073703008072 173.4675600364615
      vertex -1328.3521512803497 634.0821087433017 176.96666974874384
    endloop
  endfacet
  facet normal 0.9762960071199285 6.558610009891927e-17 0.21643961393812552
    outer loop
      vertex -1327.251067105943 540 172
      vertex -1327.5325759366501 636.1631515701413 173.26980427652597
      vertex -1327.4080381102028 583.7833627945843 172.70805044374265
    endloop
  endfacet
  facet normal 0.9762960071199037 -1.0321935034208933e-14 0.21643961393823682
    outer loop
      vertex -1327.251067105943 540 172
      vertex -1328.7556636802647 643.8477618788779 178.78679656237364
      vertex -1327.9756420920191 583.4638590476806 175.268346551234
    endloop
  endfacet
  facet normal 0.9762960071199562 5.191024281262338e-15 0.21643961393799996
    outer loop
      vertex -1327.5764173331347 568.6073703008072 173.4675600364615
      vertex -1327.5802683662407 579.9055723789892 173.48493092424036
      vertex -1328.3521512803497 634.0821087433017 176.96666974874384
    endloop
  endfacet
  facet normal 0.9762960071199273 0 0.21643961393813016
    outer loop
      vertex -1327.251067105943 540 172
      vertex -1327.251067105943 625.5541362959415 172
      vertex -1327.5325759366501 636.1631515701413 173.26980427652597
    endloop
  endfacet
  facet normal 0.9762960071199508 4.2428848002511354e-15 0.2164396139380245
    outer loop
      vertex -1327.251067105943 540 172
      vertex -1328.3521512803497 634.0821087433017 176.96666974874384
      vertex -1328.7556636802647 643.8477618788779 178.78679656237364
    endloop
  endfacet
  facet normal 0.9762960071196504 -1.4041035534448308e-14 0.21643961393937924
    outer loop
      vertex -1327.4080381102028 583.7833627945843 172.70805044374265
      vertex -1327.5325759366501 636.1631515701413 173.26980427652597
      vertex -1327.515380786474 626.5175861667428 173.19224196640465
    endloop
  endfacet
  facet normal 0.9762960071199253 -4.389222339574811e-15 0.21643961393813985
    outer loop
      vertex -1327.9756420920191 583.4638590476806 175.268346551234
      vertex -1328.7556636802647 643.8477618788779 178.78679656237364
      vertex -1329.0450603300387 637.3453569152127 180.09218049144044
    endloop
  endfacet
  facet normal 0.9762960071199334 0 0.21643961393810293
    outer loop
      vertex -1331.4423259036623 540 190.9055466999209
      vertex -1330.6180379203606 631.1197472106496 187.18742388417547
      vertex -1331.4423259036623 645.6791600246682 190.9055466999209
    endloop
  endfacet
  facet normal 0.9914448613738179 0 0.13052619221999456
    outer loop
      vertex -1331.4423259036623 540 190.9055466999209
      vertex -1331.4423259036623 645.6791600246682 190.9055466999209
      vertex -1331.5864134141104 654.2579999996904 192
    endloop
  endfacet
  facet normal 0.9914448613738178 -6.358258691387746e-19 0.13052619221999456
    outer loop
      vertex -1331.4423259036623 540 190.9055466999209
      vertex -1331.5864134141104 654.2579999996904 192
      vertex -1331.5864134141104 646.4999999996941 192
    endloop
  endfacet
  facet normal 0.9762960071199271 0 0.21643961393813016
    outer loop
      vertex -1327.251067105943 625.5541362959415 172
      vertex -1327.251067105943 633.0607859314928 172
      vertex -1327.5325759366501 636.1631515701413 173.26980427652597
    endloop
  endfacet
  facet normal 0.9762960071232385 1.2249742746533983e-13 0.21643961392319483
    outer loop
      vertex -1327.515380786474 626.5175861667428 173.19224196640465
      vertex -1327.5325759366501 636.1631515701413 173.26980427652597
      vertex -1327.5211709990908 628.4955173460722 173.21835992769417
    endloop
  endfacet
  facet normal 0.9762960071193802 0 0.21643961394059738
    outer loop
      vertex -1327.5325759366501 628.6197149902582 173.26980427652597
      vertex -1327.5211709990908 628.4955173460722 173.21835992769417
      vertex -1327.5325759366501 636.1631515701413 173.26980427652597
    endloop
  endfacet
  facet normal 0.9762960071199199 0 0.21643961393816308
    outer loop
      vertex -1327.5325759366501 628.6197149902582 173.26980427652597
      vertex -1327.5325759366501 636.1631515701413 173.26980427652597
      vertex -1328.0778751706553 632.6335575655103 175.72949016839266
    endloop
  endfacet
  facet normal 0.97629600711992 0 0.2164396139381631
    outer loop
      vertex -1328.0778751706553 632.6335575655103 175.72949016839266
      vertex -1327.5325759366501 636.1631515701413 173.26980427652597
      vertex -1328.0778751706553 640.2251602562964 175.72949016839266
    endloop
  endfacet
  facet normal 0.9762960071199677 0 0.21643961393794797
    outer loop
      vertex -1328.0778751706553 632.6335575655103 175.72949016839266
      vertex -1328.0778751706553 640.2251602562964 175.72949016839266
      vertex -1328.3521512803497 634.0821087433017 176.96666974874384
    endloop
  endfacet
  facet normal 0.9762960071199572 9.9713022948381e-15 0.21643961393799516
    outer loop
      vertex -1328.3521512803497 634.0821087433017 176.96666974874384
      vertex -1328.0778751706553 640.2251602562964 175.72949016839266
      vertex -1328.7556636802647 643.8477618788779 178.78679656237364
    endloop
  endfacet
  facet normal 0.97629600711992 4.737440025898317e-16 0.21643961393816288
    outer loop
      vertex -1329.0450603300387 637.3453569152127 180.09218049144044
      vertex -1328.7556636802647 643.8477618788779 178.78679656237364
      vertex -1329.4680137323726 639 182.00000000000003
    endloop
  endfacet
  facet normal 0.9762960071199199 8.040109124935715e-16 0.21643961393816336
    outer loop
      vertex -1328.7556636802647 643.8477618788779 178.78679656237364
      vertex -1329.4680137323726 646.668 182
      vertex -1329.4680137323726 639 182.00000000000003
    endloop
  endfacet
  facet normal 0.9762960071199375 8.022409776443749e-16 0.21643961393808495
    outer loop
      vertex -1329.4680137323726 639 182.00000000000003
      vertex -1329.4680137323726 646.668 182
      vertex -1331.4423259036623 645.6791600246682 190.9055466999209
    endloop
  endfacet
  facet normal 0.9762960071199372 1.326104321330581e-17 0.2164396139380848
    outer loop
      vertex -1329.4680137323726 646.668 182
      vertex -1331.4423259036623 653.4273099449642 190.9055466999209
      vertex -1331.4423259036623 645.6791600246682 190.9055466999209
    endloop
  endfacet
  facet normal 0.9914448613738178 0 0.13052619221999456
    outer loop
      vertex -1331.4423259036623 645.6791600246682 190.9055466999209
      vertex -1331.4423259036623 653.4273099449642 190.9055466999209
      vertex -1331.5864134141104 654.2579999996904 192
    endloop
  endfacet
  facet normal 0 1 0
    outer loop
      vertex -1327.251067105943 540 172
      vertex -1331.4423259036623 540 190.9055466999209
      vertex -744.7489328940569 540 172
    endloop
  endfacet
  facet normal 0 1 0
    outer loop
      vertex -1331.4423259036623 540 190.9055466999209
      vertex -1331.5864134141104 540 192
      vertex -740.5576740963377 540 190.9055466999209
    endloop
  endfacet
  facet normal 0 1 0
    outer loop
      vertex -1331.4423259036623 540 190.9055466999209
      vertex -740.5576740963377 540 190.9055466999209
      vertex -744.7489328940569 540 172
    endloop
  endfacet
  facet normal 0 1 0
    outer loop
      vertex -1331.5864134141104 540 192
      vertex -740.4135865858894 540 192
      vertex -740.5576740963377 540 190.9055466999209
    endloop
  endfacet
  facet normal -0.9762960071199341 1.794433635202696e-16 0.2164396139380992
    outer loop
      vertex -740.5576740963377 540 190.9055466999209
      vertex -744.7489328940569 614.4401393188722 172
      vertex -744.7489328940569 612.6725813414921 172
    endloop
  endfacet
  facet normal -0.9762960071199452 -1.0578652669898494e-14 0.21643961393804903
    outer loop
      vertex -740.5576740963377 540 190.9055466999209
      vertex -744.7489328940569 633.0607859314928 172
      vertex -744.6638706916995 626.4804478243707 172.38369079951374
    endloop
  endfacet
  facet normal -0.9762960071199406 -6.178590502494147e-15 0.21643961393807015
    outer loop
      vertex -740.5576740963377 540 190.9055466999209
      vertex -744.3100553911767 629.7780754591349 173.97964848430811
      vertex -744.7489328940569 633.0607859314928 172
    endloop
  endfacet
  facet normal -0.9762960071199321 1.4794410682424067e-15 0.21643961393810832
    outer loop
      vertex -740.5576740963377 540 190.9055466999209
      vertex -743.922124829345 640.2251602562964 175.72949016839266
      vertex -743.79224586251 633.3194952893194 176.3153363285422
    endloop
  endfacet
  facet normal -0.9762960071199329 6.814950895838079e-16 0.21643961393810401
    outer loop
      vertex -740.5576740963377 540 190.9055466999209
      vertex -743.1930901672197 636.4136843686556 179.01795301830558
      vertex -743.922124829345 640.2251602562964 175.72949016839266
    endloop
  endfacet
  facet normal -0.9762960071199068 0 0.21643961393822286
    outer loop
      vertex -744.7489328940569 625.5541362959415 172
      vertex -744.6638706916995 626.4804478243707 172.38369079951374
      vertex -744.7489328940569 633.0607859314928 172
    endloop
  endfacet
  facet normal -0.976296007119934 1.2886804965498389e-14 0.21643961393810018
    outer loop
      vertex -744.7489328940569 633.0607859314928 172
      vertex -744.3100553911767 629.7780754591349 173.97964848430811
      vertex -744.4674240633499 636.1631515701413 173.26980427652597
    endloop
  endfacet
  facet normal -0.9762960071199354 1.2130786151272545e-14 0.21643961393809363
    outer loop
      vertex -744.3100553911767 629.7780754591349 173.97964848430811
      vertex -743.922124829345 632.6335575655103 175.72949016839266
      vertex -744.4674240633499 636.1631515701413 173.26980427652597
    endloop
  endfacet
  facet normal -0.9762960071199372 6.191623013438967e-15 0.21643961393808553
    outer loop
      vertex -743.922124829345 632.6335575655103 175.72949016839266
      vertex -743.79224586251 633.3194952893194 176.3153363285422
      vertex -744.4674240633499 636.1631515701413 173.26980427652597
    endloop
  endfacet
  facet normal -0.9762960071199387 -1.2000752262282091e-15 0.21643961393807892
    outer loop
      vertex -744.4674240633499 636.1631515701413 173.26980427652597
      vertex -743.79224586251 633.3194952893194 176.3153363285422
      vertex -743.922124829345 640.2251602562964 175.72949016839266
    endloop
  endfacet
  facet normal -0.9762960071199325 3.1078280189990927e-15 0.21643961393810676
    outer loop
      vertex -743.1930901672197 636.4136843686556 179.01795301830558
      vertex -743.2443363197352 643.8477618788779 178.78679656237364
      vertex -743.922124829345 640.2251602562964 175.72949016839266
    endloop
  endfacet
  facet normal -0.9762960071199335 2.9680986928199763e-15 0.21643961393810243
    outer loop
      vertex -743.1930901672197 636.4136843686556 179.01795301830558
      vertex -742.5319862676275 639 182
      vertex -743.2443363197352 643.8477618788779 178.78679656237364
    endloop
  endfacet
  facet normal -0.9762960071199345 2.6193279679158427e-18 0.21643961393809819
    outer loop
      vertex -743.2443363197352 643.8477618788779 178.78679656237364
      vertex -742.5319862676275 639 182
      vertex -742.5319862676275 646.668 182
    endloop
  endfacet
  facet normal -0.9762960071199347 0 0.2164396139380967
    outer loop
      vertex -742.5319862676275 639 182
      vertex -740.5576740963377 645.6791600246681 190.9055466999209
      vertex -742.5319862676275 646.668 182
    endloop
  endfacet
  facet normal -0.9762960071199346 -1.4392332736249907e-17 0.2164396139380967
    outer loop
      vertex -742.5319862676275 646.668 182
      vertex -740.5576740963377 645.6791600246681 190.9055466999209
      vertex -740.5576740963377 653.4273099449642 190.9055466999209
    endloop
  endfacet
  facet normal -0.9914448613738046 0 0.1305261922200958
    outer loop
      vertex -740.5576740963377 645.6791600246681 190.9055466999209
      vertex -740.4135865858894 646.499999999694 192
      vertex -740.5576740963377 653.4273099449642 190.9055466999209
    endloop
  endfacet
  facet normal -0.9914448613738046 0 0.1305261922200958
    outer loop
      vertex -740.4135865858894 646.499999999694 192
      vertex -740.4135865858894 654.2579999996904 192
      vertex -740.5576740963377 653.4273099449642 190.9055466999209
    endloop
  endfacet
  facet normal -1 0 0
    outer loop
      vertex 470 -626.6735523772836 171.6639273133278
      vertex 470 -628.1793049869368 172
      vertex 470 -624.2422210313492 171.4918208758498
    endloop
  endfacet
  facet normal -1 0 0
    outer loop
      vertex 470 -625.5237674162171 172
      vertex 470 -624.2422210313492 171.4918208758498
      vertex 470 -628.1793049869368 172
    endloop
  endfacet
  facet normal -1 0 0
    outer loop
      vertex 470 -646.499999999694 192
      vertex 470 -653.101428571166 192
      vertex 470 -684.6444840803742 242.85931210964918
    endloop
  endfacet
  facet normal 1 0 0
    outer loop
      vertex 484 -626.6735523772836 171.6639273133278
      vertex 484 -625.5237674162171 172
      vertex 484 -628.1793049869368 172
    endloop
  endfacet
  facet normal 1 0 0
    outer loop
      vertex 484 -626.6735523772836 171.6639273133278
      vertex 484 -624.2422210313492 171.4918208758498
      vertex 484 -625.5237674162171 172
    endloop
  endfacet
  facet normal 1 0 0
    outer loop
      vertex 484 -692.8602178893387 244.8021866065264
      vertex 484 -653.101428571166 192
      vertex 484 -646.499999999694 192
    endloop
  endfacet
  facet normal -1 0 0
    outer loop
      vertex 470 -692.8602178893387 244.8021866065264
      vertex 470 -684.6444840803742 242.85931210964918
      vertex 470 -653.101428571166 192
    endloop
  endfacet
  facet normal -1 0 0
    outer loop
      vertex 470 -692.8602178893387 244.8021866065264
      vertex 470 -694.6688351813555 247.4931225231886
      vertex 470 -688.5123786181211 249.75163664668798
    endloop
  endfacet
  facet normal -1 0 0
    outer loop
      vertex 470 -696.7745271615386 251.7496497398615
      vertex 470 -689.906901858747 254.24788973480463
      vertex 470 -694.6688351813555 247.4931225231886
    endloop
  endfacet
  facet normal -1 0 0
    outer loop
      vertex 470 -696.7745271615386 251.7496497398615
      vertex 470 -698.1857846810519 256.2818728526831
      vertex 470 -690.5808872580528 258.9069379866123
    endloop
  endfacet
  facet normal -1 0 0
    outer loop
      vertex 470 -696.7745271615386 251.7496497398615
      vertex 470 -690.5808872580528 258.9069379866123
      vertex 470 -689.906901858747 254.24788973480463
    endloop
  endfacet
  facet normal -1 0 0
    outer loop
      vertex 470 -692.8602178893387 244.8021866065264
      vertex 470 -686.4316553175449 245.52889139205217
      vertex 470 -684.6444840803742 242.85931210964918
    endloop
  endfacet
  facet normal -1 0 0
    outer loop
      vertex 470 -692.8602178893387 244.8021866065264
      vertex 470 -688.5123786181211 249.75163664668798
      vertex 470 -686.4316553175449 245.52889139205217
    endloop
  endfacet
  facet normal -1 0 0
    outer loop
      vertex 470 -694.6688351813555 247.4931225231886
      vertex 470 -689.906901858747 254.24788973480463
      vertex 470 -688.5123786181211 249.75163664668798
    endloop
  endfacet
  facet normal 1 0 0
    outer loop
      vertex 484 -696.7745271615386 251.7496497398615
      vertex 484 -646.499999999694 192
      vertex 484 -698.1857846810519 256.2818728526831
    endloop
  endfacet
  facet normal 1 0 0
    outer loop
      vertex 484 -692.8602178893387 244.8021866065264
      vertex 484 -646.499999999694 192
      vertex 484 -694.6688351813555 247.4931225231886
    endloop
  endfacet
  facet normal 1 0 0
    outer loop
      vertex 484 -696.7745271615386 251.7496497398615
      vertex 484 -694.6688351813555 247.4931225231886
      vertex 484 -646.499999999694 192
    endloop
  endfacet
  facet normal 1 0 0
    outer loop
      vertex 484 -698.1857846810519 256.2818728526831
      vertex 484 -646.499999999694 192
      vertex 484 -684.6444840803742 242.85931210964918
    endloop
  endfacet
  facet normal 1 0 0
    outer loop
      vertex 484 -698.8678579051494 260.97819349050525
      vertex 484 -686.4316553175449 245.52889139205217
      vertex 484 -688.5123786181211 249.75163664668798
    endloop
  endfacet
  facet normal 1 0 0
    outer loop
      vertex 484 -698.1857846810519 256.2818728526831
      vertex 484 -686.4316553175449 245.52889139205217
      vertex 484 -698.8678579051494 260.97819349050525
    endloop
  endfacet
  facet normal 1 0 0
    outer loop
      vertex 484 -698.8678579051494 260.97819349050525
      vertex 484 -688.5123786181211 249.75163664668798
      vertex 484 -689.906901858747 254.24788973480463
    endloop
  endfacet
  facet normal 1 0 0
    outer loop
      vertex 484 -698.8678579051494 260.97819349050525
      vertex 484 -689.906901858747 254.24788973480463
      vertex 484 -690.5808872580528 258.9069379866123
    endloop
  endfacet
  facet normal 1 0 0
    outer loop
      vertex 484 -698.1857846810519 256.2818728526831
      vertex 484 -684.6444840803742 242.85931210964918
      vertex 484 -686.4316553175449 245.52889139205217
    endloop
  endfacet
  facet normal -1 0 0
    outer loop
      vertex 470 -698.1857846810519 256.2818728526831
      vertex 470 -698.8678579051494 260.97819349050525
      vertex 470 -704.920638397336 478.7831221446395
    endloop
  endfacet
  facet normal -1 0 0
    outer loop
      vertex 470 -698.1857846810519 256.2818728526831
      vertex 470 -704.920638397336 478.7831221446395
      vertex 470 -690.5808872580528 258.9069379866123
    endloop
  endfacet
  facet normal 1 0 0
    outer loop
      vertex 484 -698.8678579051494 260.97819349050525
      vertex 484 -690.5808872580528 258.9069379866123
      vertex 484 -713.3796860581041 482.6133871217966
    endloop
  endfacet
  facet normal -1 0 0
    outer loop
      vertex 470 -698.8678579051494 260.97819349050525
      vertex 470 -713.3796860581041 482.6133871217966
      vertex 470 -704.920638397336 478.7831221446395
    endloop
  endfacet
  facet normal 1 0 0
    outer loop
      vertex 484 -713.4400978032053 485.0690587427616
      vertex 484 -690.5808872580528 258.9069379866123
      vertex 484 -704.920638397336 478.7831221446395
    endloop
  endfacet
  facet normal 1 0 0
    outer loop
      vertex 484 -713.3796860581041 482.6133871217966
      vertex 484 -690.5808872580528 258.9069379866123
      vertex 484 -713.4400978032053 485.0690587427616
    endloop
  endfacet
  facet normal -1 0 0
    outer loop
      vertex 470 -713.3796860581041 482.6133871217966
      vertex 470 -704.9803337976336 481.21930430829525
      vertex 470 -704.920638397336 478.7831221446395
    endloop
  endfacet
  facet normal 1 0 0
    outer loop
      vertex 484 -713.4400978032053 485.0690587427616
      vertex 484 -704.920638397336 478.7831221446395
      vertex 484 -704.9803337976336 481.21930430829525
    endloop
  endfacet
  facet normal -1 0 0
    outer loop
      vertex 470 -713.3796860581041 482.6133871217966
      vertex 470 -713.4400978032053 485.0690587427616
      vertex 470 -700.042163848877 787.3858410641551
    endloop
  endfacet
  facet normal -1 0 0
    outer loop
      vertex 470 -713.3796860581041 482.6133871217966
      vertex 470 -700.042163848877 787.3858410641551
      vertex 470 -704.9803337976336 481.21930430829525
    endloop
  endfacet
  facet normal 1 0 0
    outer loop
      vertex 484 -713.4400978032053 485.0690587427616
      vertex 484 -704.9803337976336 481.21930430829525
      vertex 484 -708.4426698150635 793.6849277926683
    endloop
  endfacet
  facet normal -1 0 0
    outer loop
      vertex 470 -713.4400978032053 485.0690587427616
      vertex 470 -708.4426698150635 793.6849277926683
      vertex 470 -700.042163848877 787.3858410641551
    endloop
  endfacet
  facet normal 1 0 0
    outer loop
      vertex 484 -708.4426698150635 793.6849277926683
      vertex 484 -704.9803337976336 481.21930430829525
      vertex 484 -700.042163848877 787.3858410641551
    endloop
  endfacet
  facet normal -1 0 0
    outer loop
      vertex 470 -708.4426698150635 793.6849277926683
      vertex 470 -700.0298220440745 787.8891144916415
      vertex 470 -700.042163848877 787.3858410641551
    endloop
  endfacet
  facet normal -1 0 0
    outer loop
      vertex 470 -708.4426698150635 793.6849277926683
      vertex 470 -699.5062586814165 792.567454829812
      vertex 470 -700.0298220440745 787.8891144916415
    endloop
  endfacet
  facet normal 1 0 0
    outer loop
      vertex 484 -708.4426698150635 793.6849277926683
      vertex 484 -700.042163848877 787.3858410641551
      vertex 484 -708.4301799086035 794.1922274075747
    endloop
  endfacet
  facet normal 1 0 0
    outer loop
      vertex 484 -707.9003337855935 798.9079944684505
      vertex 484 -700.042163848877 787.3858410641551
      vertex 484 -700.0298220440745 787.8891144916415
    endloop
  endfacet
  facet normal 1 0 0
    outer loop
      vertex 484 -707.9003337855935 798.9079944684505
      vertex 484 -700.0298220440745 787.8891144916415
      vertex 484 -699.5062586814165 792.567454829812
    endloop
  endfacet
  facet normal 1 0 0
    outer loop
      vertex 484 -708.4301799086035 794.1922274075747
      vertex 484 -700.042163848877 787.3858410641551
      vertex 484 -707.9003337855935 798.9079944684505
    endloop
  endfacet
  facet normal -1 0 0
    outer loop
      vertex 470 -708.4426698150635 793.6849277926683
      vertex 470 -708.4301799086035 794.1922274075747
      vertex 470 -679.6797265782952 895.6654218062758
    endloop
  endfacet
  facet normal -1 0 0
    outer loop
      vertex 470 -708.4301799086035 794.1922274075747
      vertex 470 -707.9003337855935 798.9079944684505
      vertex 470 -679.6797265782952 895.6654218062758
    endloop
  endfacet
  facet normal -1 0 0
    outer loop
      vertex 470 -708.4426698150635 793.6849277926683
      vertex 470 -679.6797265782952 895.6654218062758
      vertex 470 -699.5062586814165 792.567454829812
    endloop
  endfacet
  facet normal -1 0 0
    outer loop
      vertex 470 -707.9003337855935 798.9079944684505
      vertex 470 -687.8358832972348 902.830745180726
      vertex 470 -679.6797265782952 895.6654218062758
    endloop
  endfacet
  facet normal 1 0 0
    outer loop
      vertex 484 -707.9003337855935 798.9079944684505
      vertex 484 -699.5062586814165 792.567454829812
      vertex 484 -687.8358832972348 902.830745180726
    endloop
  endfacet
  facet normal 1 0 0
    outer loop
      vertex 484 -687.8358832972348 902.830745180726
      vertex 484 -699.5062586814165 792.567454829812
      vertex 484 -679.6797265782952 895.6654218062758
    endloop
  endfacet
  facet normal -1 0 0
    outer loop
      vertex 470 -687.8358832972348 902.830745180726
      vertex 470 -678.7512286603451 899.2705098316073
      vertex 470 -679.6797265782952 895.6654218062758
    endloop
  endfacet
  facet normal -1 0 0
    outer loop
      vertex 470 -687.8358832972348 902.830745180726
      vertex 470 -676.9497288912535 903.6197149902582
      vertex 470 -678.7512286603451 899.2705098316073
    endloop
  endfacet
  facet normal -1 0 0
    outer loop
      vertex 470 -687.8358832972348 902.830745180726
      vertex 470 -686.8962434042692 906.4646739102602
      vertex 470 -676.9497288912535 903.6197149902582
    endloop
  endfacet
  facet normal -1 0 0
    outer loop
      vertex 470 -686.8962434042692 906.4646739102602
      vertex 470 -676.1348386870482 904.9494949457439
      vertex 470 -676.9497288912535 903.6197149902582
    endloop
  endfacet
  facet normal 1 0 0
    outer loop
      vertex 484 -687.8358832972348 902.830745180726
      vertex 484 -679.6797265782952 895.6654218062758
      vertex 484 -678.7512286603451 899.2705098316073
    endloop
  endfacet
  facet normal 1 0 0
    outer loop
      vertex 484 -687.8358832972348 902.830745180726
      vertex 484 -678.7512286603451 899.2705098316073
      vertex 484 -686.8962434042692 906.4646739102602
    endloop
  endfacet
  facet normal 1 0 0
    outer loop
      vertex 484 -686.8962434042692 906.4646739102602
      vertex 484 -678.7512286603451 899.2705098316073
      vertex 484 -676.9497288912535 903.6197149902582
    endloop
  endfacet
  facet normal 1 0 0
    outer loop
      vertex 484 -686.8962434042692 906.4646739102602
      vertex 484 -676.9497288912535 903.6197149902582
      vertex 484 -685.0731256379485 910.8486727101803
    endloop
  endfacet
  facet normal 1 0 0
    outer loop
      vertex 484 -685.0731256379485 910.8486727101803
      vertex 484 -676.2471412846414 904.7662337622643
      vertex 484 -684.3621069800571 912.0043636323624
    endloop
  endfacet
  facet normal 1 0 0
    outer loop
      vertex 484 -685.0731256379485 910.8486727101803
      vertex 484 -676.9497288912535 903.6197149902582
      vertex 484 -676.2471412846414 904.7662337622643
    endloop
  endfacet
  facet normal -1 0 0
    outer loop
      vertex 470 -686.8962434042692 906.4646739102602
      vertex 470 -685.0731256379485 910.8486727101803
      vertex 470 684.2997526388831 912.18909090531
    endloop
  endfacet
  facet normal -1 0 0
    outer loop
      vertex 470 -686.8962434042692 906.4646739102602
      vertex 470 684.2997526388831 912.18909090531
      vertex 470 -676.1348386870482 904.9494949457439
    endloop
  endfacet
  facet normal -1 0 0
    outer loop
      vertex 470 -685.0731256379485 910.8486727101803
      vertex 470 -684.2484567512927 912.18909090531
      vertex 470 684.2997526388831 912.18909090531
    endloop
  endfacet
  facet normal 1 0 0
    outer loop
      vertex 484 -684.3621069800571 912.0043636323624
      vertex 484 -676.2471412846414 904.7662337622643
      vertex 484 684.4219739823225 912.0043636323624
    endloop
  endfacet
  facet normal -1 0 0
    outer loop
      vertex 470 627.1293503559232 171.73230458343028
      vertex 470 625.5541362959415 172
      vertex 470 628.2488067493925 172
    endloop
  endfacet
  facet normal -1 0 0
    outer loop
      vertex 470 627.1293503559232 171.73230458343028
      vertex 470 624.3893038519685 171.5175106019835
      vertex 470 625.5541362959415 172
    endloop
  endfacet
  facet normal -1 0 0
    outer loop
      vertex 470 692.8602178893387 244.8021866065264
      vertex 470 653.101428571166 192
      vertex 470 646.499999999694 192
    endloop
  endfacet
  facet normal 1 0 0
    outer loop
      vertex 484 627.1293503559232 171.73230458343028
      vertex 484 625.5541362959415 172
      vertex 484 624.3893038519685 171.5175106019835
    endloop
  endfacet
  facet normal 1 0 0
    outer loop
      vertex 484 627.1293503559232 171.73230458343028
      vertex 484 628.2488067493925 172
      vertex 484 625.5541362959415 172
    endloop
  endfacet
  facet normal 1 0 0
    outer loop
      vertex 484 684.6444840803742 242.85931210964918
      vertex 484 646.499999999694 192
      vertex 484 653.101428571166 192
    endloop
  endfacet
  facet normal -1 0 0
    outer loop
      vertex 470 698.4828752936721 257.7627023996115
      vertex 470 646.499999999694 192
      vertex 470 684.6444840803742 242.85931210964918
    endloop
  endfacet
  facet normal -1 0 0
    outer loop
      vertex 470 692.8602178893387 244.8021866065264
      vertex 470 646.499999999694 192
      vertex 470 695.4108025228679 248.81003193569182
    endloop
  endfacet
  facet normal -1 0 0
    outer loop
      vertex 470 695.4108025228679 248.81003193569182
      vertex 470 646.499999999694 192
      vertex 470 697.3005321283639 253.16595630383492
    endloop
  endfacet
  facet normal -1 0 0
    outer loop
      vertex 470 697.3005321283639 253.16595630383492
      vertex 470 646.499999999694 192
      vertex 470 698.4828752936721 257.7627023996115
    endloop
  endfacet
  facet normal -1 0 0
    outer loop
      vertex 470 698.4828752936721 257.7627023996115
      vertex 470 684.6444840803742 242.85931210964918
      vertex 470 687.1648246273398 246.83534914255142
    endloop
  endfacet
  facet normal -1 0 0
    outer loop
      vertex 470 698.8678579051494 260.97819349050525
      vertex 470 687.1648246273398 246.83534914255142
      vertex 470 689.032146371901 251.1567026823759
    endloop
  endfacet
  facet normal -1 0 0
    outer loop
      vertex 470 698.8678579051494 260.97819349050525
      vertex 470 689.032146371901 251.1567026823759
      vertex 470 690.2004696577787 255.71696666628122
    endloop
  endfacet
  facet normal -1 0 0
    outer loop
      vertex 470 698.4828752936721 257.7627023996115
      vertex 470 687.1648246273398 246.83534914255142
      vertex 470 698.8678579051494 260.97819349050525
    endloop
  endfacet
  facet normal -1 0 0
    outer loop
      vertex 470 698.8678579051494 260.97819349050525
      vertex 470 690.2004696577787 255.71696666628122
      vertex 470 690.5808872580528 258.9069379866123
    endloop
  endfacet
  facet normal 1 0 0
    outer loop
      vertex 484 692.8602178893387 244.8021866065264
      vertex 484 684.6444840803742 242.85931210964918
      vertex 484 653.101428571166 192
    endloop
  endfacet
  facet normal 1 0 0
    outer loop
      vertex 484 692.8602178893387 244.8021866065264
      vertex 484 687.1648246273398 246.83534914255142
      vertex 484 684.6444840803742 242.85931210964918
    endloop
  endfacet
  facet normal 1 0 0
    outer loop
      vertex 484 692.8602178893387 244.8021866065264
      vertex 484 689.032146371901 251.1567026823759
      vertex 484 687.1648246273398 246.83534914255142
    endloop
  endfacet
  facet normal 1 0 0
    outer loop
      vertex 484 692.8602178893387 244.8021866065264
      vertex 484 695.4108025228679 248.81003193569182
      vertex 484 689.032146371901 251.1567026823759
    endloop
  endfacet
  facet normal 1 0 0
    outer loop
      vertex 484 695.4108025228679 248.81003193569182
      vertex 484 690.2004696577787 255.71696666628122
      vertex 484 689.032146371901 251.1567026823759
    endloop
  endfacet
  facet normal 1 0 0
    outer loop
      vertex 484 695.4108025228679 248.81003193569182
      vertex 484 697.3005321283639 253.16595630383492
      vertex 484 690.2004696577787 255.71696666628122
    endloop
  endfacet
  facet normal 1 0 0
    outer loop
      vertex 484 697.3005321283639 253.16595630383492
      vertex 484 690.5808872580528 258.9069379866123
      vertex 484 690.2004696577787 255.71696666628122
    endloop
  endfacet
  facet normal 1 0 0
    outer loop
      vertex 484 697.3005321283639 253.16595630383492
      vertex 484 698.4828752936721 257.7627023996115
      vertex 484 690.5808872580528 258.9069379866123
    endloop
  endfacet
  facet normal -1 0 0
    outer loop
      vertex 470 698.8678579051494 260.97819349050525
      vertex 470 690.5808872580528 258.9069379866123
      vertex 470 713.3796860581041 482.6133871217966
    endloop
  endfacet
  facet normal 1 0 0
    outer loop
      vertex 484 698.4828752936721 257.7627023996115
      vertex 484 704.920638397336 478.7831221446395
      vertex 484 690.5808872580528 258.9069379866123
    endloop
  endfacet
  facet normal 1 0 0
    outer loop
      vertex 484 698.4828752936721 257.7627023996115
      vertex 484 698.8678579051494 260.97819349050525
      vertex 484 704.920638397336 478.7831221446395
    endloop
  endfacet
  facet normal -1 0 0
    outer loop
      vertex 470 713.4400978032053 485.0690587427616
      vertex 470 690.5808872580528 258.9069379866123
      vertex 470 704.920638397336 478.7831221446395
    endloop
  endfacet
  facet normal -1 0 0
    outer loop
      vertex 470 713.3796860581041 482.6133871217966
      vertex 470 690.5808872580528 258.9069379866123
      vertex 470 713.4400978032053 485.0690587427616
    endloop
  endfacet
  facet normal 1 0 0
    outer loop
      vertex 484 698.8678579051494 260.97819349050525
      vertex 484 713.3796860581041 482.6133871217966
      vertex 484 704.920638397336 478.7831221446395
    endloop
  endfacet
  facet normal -1 0 0
    outer loop
      vertex 470 713.4400978032053 485.0690587427616
      vertex 470 704.920638397336 478.7831221446395
      vertex 470 704.9803337976336 481.21930430829525
    endloop
  endfacet
  facet normal 1 0 0
    outer loop
      vertex 484 713.3796860581041 482.6133871217966
      vertex 484 704.9803337976336 481.21930430829525
      vertex 484 704.920638397336 478.7831221446395
    endloop
  endfacet
  facet normal -1 0 0
    outer loop
      vertex 470 684.2997526388831 912.18909090531
      vertex 470 676.185526323007 904.9494949457439
      vertex 470 -676.1348386870482 904.9494949457439
    endloop
  endfacet
  facet normal 1 0 0
    outer loop
      vertex 484 684.4219739823225 912.0043636323624
      vertex 484 -676.2471412846414 904.7662337622643
      vertex 484 676.3062984015044 904.7662337622643
    endloop
  endfacet
  facet normal -1 0 0
    outer loop
      vertex 470 713.4400978032053 485.0690587427616
      vertex 470 704.9803337976336 481.21930430829525
      vertex 470 708.4426698150635 793.6849277926683
    endloop
  endfacet
  facet normal 1 0 0
    outer loop
      vertex 484 713.3796860581041 482.6133871217966
      vertex 484 700.042163848877 787.3858410641551
      vertex 484 704.9803337976336 481.21930430829525
    endloop
  endfacet
  facet normal 1 0 0
    outer loop
      vertex 484 713.3796860581041 482.6133871217966
      vertex 484 713.4400978032053 485.0690587427616
      vertex 484 700.042163848877 787.3858410641551
    endloop
  endfacet
  facet normal -1 0 0
    outer loop
      vertex 470 707.9003337855935 798.9079944684505
      vertex 470 704.9803337976336 481.21930430829525
      vertex 470 700.042163848877 787.3858410641551
    endloop
  endfacet
  facet normal -1 0 0
    outer loop
      vertex 470 708.4426698150635 793.6849277926683
      vertex 470 704.9803337976336 481.21930430829525
      vertex 470 707.9923439823986 798.408886685729
    endloop
  endfacet
  facet normal -1 0 0
    outer loop
      vertex 470 707.9923439823986 798.408886685729
      vertex 470 704.9803337976336 481.21930430829525
      vertex 470 707.9003337855935 798.9079944684505
    endloop
  endfacet
  facet normal 1 0 0
    outer loop
      vertex 484 713.4400978032053 485.0690587427616
      vertex 484 708.4426698150635 793.6849277926683
      vertex 484 700.042163848877 787.3858410641551
    endloop
  endfacet
  facet normal -1 0 0
    outer loop
      vertex 470 707.9003337855935 798.9079944684505
      vertex 470 700.042163848877 787.3858410641551
      vertex 470 699.5971778482199 792.0723082199693
    endloop
  endfacet
  facet normal -1 0 0
    outer loop
      vertex 470 707.9003337855935 798.9079944684505
      vertex 470 699.5971778482199 792.0723082199693
      vertex 470 699.5062586814165 792.567454829812
    endloop
  endfacet
  facet normal 1 0 0
    outer loop
      vertex 484 708.4426698150635 793.6849277926683
      vertex 484 699.5971778482199 792.0723082199693
      vertex 484 700.042163848877 787.3858410641551
    endloop
  endfacet
  facet normal 1 0 0
    outer loop
      vertex 484 708.4426698150635 793.6849277926683
      vertex 484 699.5062586814165 792.567454829812
      vertex 484 699.5971778482199 792.0723082199693
    endloop
  endfacet
  facet normal -1 0 0
    outer loop
      vertex 470 707.9003337855935 798.9079944684505
      vertex 470 699.5062586814165 792.567454829812
      vertex 470 687.8358832972348 902.830745180726
    endloop
  endfacet
  facet normal -1 0 0
    outer loop
      vertex 470 687.8358832972348 902.830745180726
      vertex 470 699.5062586814165 792.567454829812
      vertex 470 679.6797265782952 895.6654218062758
    endloop
  endfacet
  facet normal 1 0 0
    outer loop
      vertex 484 708.4426698150635 793.6849277926683
      vertex 484 679.6797265782952 895.6654218062758
      vertex 484 699.5062586814165 792.567454829812
    endloop
  endfacet
  facet normal 1 0 0
    outer loop
      vertex 484 708.4426698150635 793.6849277926683
      vertex 484 707.9923439823986 798.408886685729
      vertex 484 684.4219739823225 912.0043636323624
    endloop
  endfacet
  facet normal 1 0 0
    outer loop
      vertex 484 707.9923439823986 798.408886685729
      vertex 484 707.9003337855935 798.9079944684505
      vertex 484 684.4219739823225 912.0043636323624
    endloop
  endfacet
  facet normal -1 0 0
    outer loop
      vertex 470 687.8358832972348 902.830745180726
      vertex 470 679.6797265782952 895.6654218062758
      vertex 470 678.4307554811239 900.2042606621981
    endloop
  endfacet
  facet normal -1 0 0
    outer loop
      vertex 470 684.6049760286808 911.7277714430094
      vertex 470 678.4307554811239 900.2042606621981
      vertex 470 676.4871304631233 904.4918367490172
    endloop
  endfacet
  facet normal -1 0 0
    outer loop
      vertex 470 684.6049760286808 911.7277714430094
      vertex 470 676.4871304631233 904.4918367490172
      vertex 470 676.185526323007 904.9494949457439
    endloop
  endfacet
  facet normal -1 0 0
    outer loop
      vertex 470 687.8358832972348 902.830745180726
      vertex 470 678.4307554811239 900.2042606621981
      vertex 470 686.5719245468974 907.4058947474956
    endloop
  endfacet
  facet normal -1 0 0
    outer loop
      vertex 470 684.6049760286808 911.7277714430094
      vertex 470 686.5719245468974 907.4058947474956
      vertex 470 678.4307554811239 900.2042606621981
    endloop
  endfacet
  facet normal -1 0 0
    outer loop
      vertex 470 684.6049760286808 911.7277714430094
      vertex 470 676.185526323007 904.9494949457439
      vertex 470 684.2997526388831 912.18909090531
    endloop
  endfacet
  facet normal 1 0 0
    outer loop
      vertex 484 708.4426698150635 793.6849277926683
      vertex 484 684.4219739823225 912.0043636323624
      vertex 484 679.6797265782952 895.6654218062758
    endloop
  endfacet
  facet normal 1 0 0
    outer loop
      vertex 484 707.9003337855935 798.9079944684505
      vertex 484 687.8358832972348 902.830745180726
      vertex 484 684.4219739823225 912.0043636323624
    endloop
  endfacet
  facet normal 1 0 0
    outer loop
      vertex 484 684.4219739823225 912.0043636323624
      vertex 484 676.4871304631233 904.4918367490172
      vertex 484 678.4307554811239 900.2042606621981
    endloop
  endfacet
  facet normal 1 0 0
    outer loop
      vertex 484 684.4219739823225 912.0043636323624
      vertex 484 676.3062984015044 904.7662337622643
      vertex 484 676.4871304631233 904.4918367490172
    endloop
  endfacet
  facet normal 1 0 0
    outer loop
      vertex 484 684.4219739823225 912.0043636323624
      vertex 484 678.4307554811239 900.2042606621981
      vertex 484 679.6797265782952 895.6654218062758
    endloop
  endfacet
  facet normal 1 0 0
    outer loop
      vertex 484 684.6049760286808 911.7277714430094
      vertex 484 684.4219739823225 912.0043636323624
      vertex 484 686.5719245468974 907.4058947474956
    endloop
  endfacet
  facet normal 1 0 0
    outer loop
      vertex 484 687.8358832972348 902.830745180726
      vertex 484 686.5719245468974 907.4058947474956
      vertex 484 684.4219739823225 912.0043636323624
    endloop
  endfacet
  facet normal 0 0 1
    outer loop
      vertex -1510.5413159507075 -652.7335726015838 192
      vertex -1509.6182227579982 -646.499999999694 192
      vertex -1510.5413159507075 -644.9936488157941 192
    endloop
  endfacet
  facet normal 0 0 1
    outer loop
      vertex -1509.6182227579982 -654.2579999996904 192
      vertex -1331.5864134141104 -646.499999999694 192
      vertex -1510.5413159507075 -652.7335726015838 192
    endloop
  endfacet
  facet normal 0 0 1
    outer loop
      vertex -1510.5413159507075 -652.7335726015838 192
      vertex -1331.5864134141104 -646.499999999694 192
      vertex -1509.6182227579982 -646.499999999694 192
    endloop
  endfacet
  facet normal 0 0 -1
    outer loop
      vertex -1487.1373543569805 -633.0300526252116 172
      vertex -1487.1373543569805 -625.5237674162171 172
      vertex -1327.251067105943 -633.0300526252116 172
    endloop
  endfacet
  facet normal 0 0 1
    outer loop
      vertex -1509.6182227579982 -654.2579999996904 192
      vertex -1331.5864134141104 -654.2579999996904 192
      vertex -1331.5864134141104 -646.499999999694 192
    endloop
  endfacet
  facet normal 0 0 -1
    outer loop
      vertex -1487.1373543569805 -625.5237674162171 172
      vertex -1327.251067105943 -625.5237674162171 172
      vertex -1327.251067105943 -633.0300526252116 172
    endloop
  endfacet
  facet normal 0 0 1
    outer loop
      vertex -740.4135865858894 -654.2579999996904 192
      vertex 470 -646.499999999694 192
      vertex -740.4135865858894 -646.499999999694 192
    endloop
  endfacet
  facet normal 0 0 -1
    outer loop
      vertex -744.7489328940569 -633.0300526252116 172
      vertex -744.7489328940569 -625.5237674162171 172
      vertex 708.7489328940569 -633.0300526252117 172
    endloop
  endfacet
  facet normal 0 0 1
    outer loop
      vertex -1510.5413159507075 644.9936488157941 192
      vertex -1509.618222757998 646.499999999694 192
      vertex -1510.5413159507075 652.7335726015838 192
    endloop
  endfacet
  facet normal 0 0 -1
    outer loop
      vertex -1487.1373543569807 625.5541362959415 172
      vertex -1487.1373543569807 633.0607859314928 172
      vertex -1327.251067105943 625.5541362959415 172
    endloop
  endfacet
  facet normal 0 0 1
    outer loop
      vertex -1509.618222757998 646.499999999694 192
      vertex -1331.5864134141104 654.2579999996904 192
      vertex -1510.5413159507075 652.7335726015838 192
    endloop
  endfacet
  facet normal 0 0 1
    outer loop
      vertex -1510.5413159507075 652.7335726015838 192
      vertex -1331.5864134141104 654.2579999996904 192
      vertex -1509.6182227579982 654.2579999996904 192
    endloop
  endfacet
  facet normal 0 0 1
    outer loop
      vertex -1509.618222757998 646.499999999694 192
      vertex -1331.5864134141104 646.4999999996941 192
      vertex -1331.5864134141104 654.2579999996904 192
    endloop
  endfacet
  facet normal 0 0 -1
    outer loop
      vertex -1487.1373543569807 633.0607859314928 172
      vertex -1327.251067105943 633.0607859314928 172
      vertex -1327.251067105943 625.5541362959415 172
    endloop
  endfacet
  facet normal 0 0 -1
    outer loop
      vertex -744.7489328940569 625.5541362959415 172
      vertex -744.7489328940569 633.0607859314928 172
      vertex 470 625.5541362959415 172
    endloop
  endfacet
  facet normal 0 0 1
    outer loop
      vertex -740.4135865858894 646.499999999694 192
      vertex 470 653.101428571166 192
      vertex -740.4135865858894 654.2579999996904 192
    endloop
  endfacet
  facet normal 0 0 1
    outer loop
      vertex -740.4135865858894 -654.2579999996904 192
      vertex 484 -653.101428571166 192
      vertex 470 -653.101428571166 192
    endloop
  endfacet
  facet normal 0 0 1
    outer loop
      vertex -740.4135865858894 -654.2579999996904 192
      vertex 470 -653.101428571166 192
      vertex 470 -646.499999999694 192
    endloop
  endfacet
  facet normal 0 0 -1
    outer loop
      vertex -744.7489328940569 -625.5237674162171 172
      vertex 470 -625.5237674162171 172
      vertex 470 -628.1793049869368 172
    endloop
  endfacet
  facet normal 0 0 1
    outer loop
      vertex -740.4135865858894 -654.2579999996904 192
      vertex 704.4135865858894 -654.2579999996902 192
      vertex 484 -653.101428571166 192
    endloop
  endfacet
  facet normal 0 0 -1
    outer loop
      vertex -744.7489328940569 -625.5237674162171 172
      vertex 470 -628.1793049869368 172
      vertex 708.7489328940569 -633.0300526252117 172
    endloop
  endfacet
  facet normal 0 0 1
    outer loop
      vertex 704.4135865858894 -646.499999999694 192
      vertex 484 -646.499999999694 192
      vertex 484 -653.101428571166 192
    endloop
  endfacet
  facet normal 0 0 -1
    outer loop
      vertex 708.7489328940569 -633.0300526252117 172
      vertex 470 -628.1793049869368 172
      vertex 484 -628.1793049869368 172
    endloop
  endfacet
  facet normal 0 0 -1
    outer loop
      vertex 708.7489328940569 -633.0300526252117 172
      vertex 484 -628.1793049869368 172
      vertex 484 -625.5237674162171 172
    endloop
  endfacet
  facet normal 0 0 1
    outer loop
      vertex 704.4135865858894 -654.2579999996902 192
      vertex 704.4135865858894 -646.499999999694 192
      vertex 484 -653.101428571166 192
    endloop
  endfacet
  facet normal 0 0 -1
    outer loop
      vertex 708.7489328940569 -633.0300526252117 172
      vertex 484 -625.5237674162171 172
      vertex 708.7489328940569 -625.5237674162171 172
    endloop
  endfacet
  facet normal 0 0 1
    outer loop
      vertex 1295.5864134141104 -654.2579999996902 192
      vertex 1449.2544627128896 -646.4999999996938 192
      vertex 1295.5864134141104 -646.499999999694 192
    endloop
  endfacet
  facet normal 0 0 -1
    outer loop
      vertex 1291.251067105943 -633.0300526252117 172
      vertex 1291.251067105943 -625.5237674162171 172
      vertex 1469.9781534250044 -633.0300526252117 172
    endloop
  endfacet
  facet normal 0 0 1
    outer loop
      vertex 1295.5864134141104 -654.2579999996902 192
      vertex 1449.2544627128896 -654.2579999996902 192
      vertex 1449.2544627128896 -646.4999999996938 192
    endloop
  endfacet
  facet normal 0 0 -1
    outer loop
      vertex 1291.251067105943 -625.5237674162171 172
      vertex 1469.9781534250044 -625.5237674162171 172
      vertex 1469.9781534250044 -633.0300526252117 172
    endloop
  endfacet
  facet normal 0 0 1
    outer loop
      vertex 1449.2544627128896 -654.2579999996902 192
      vertex 1459.6345596729059 -645.2861743889807 192
      vertex 1449.2544627128896 -646.4999999996938 192
    endloop
  endfacet
  facet normal 0 0 -1
    outer loop
      vertex 1469.9781534250044 -633.0300526252117 172
      vertex 1469.9781534250044 -625.5237674162171 172
      vertex 1479.9167846346015 -621.2537708812281 172
    endloop
  endfacet
  facet normal 0 0 1
    outer loop
      vertex 1449.2544627128896 -646.4999999996938 192
      vertex 1459.6345596729059 -645.2861743889807 192
      vertex 1459.6345596729059 -637.6345596729059 192
    endloop
  endfacet
  facet normal 0 0 1
    outer loop
      vertex 1459.6345596729059 -645.2861743889807 192
      vertex 1483.073908706238 -610.1906080272688 192
      vertex 1459.6345596729059 -637.6345596729059 192
    endloop
  endfacet
  facet normal 0 0 1
    outer loop
      vertex 1459.6345596729059 -645.2861743889807 192
      vertex 1483.073908706238 -617.512895323596 192
      vertex 1483.073908706238 -610.1906080272688 192
    endloop
  endfacet
  facet normal 0 0 -1
    outer loop
      vertex 1469.9781534250044 -625.5237674162171 172
      vertex 1479.9167846346015 -613.8871253767077 172
      vertex 1479.9167846346015 -621.2537708812281 172
    endloop
  endfacet
  facet normal 0 0 1
    outer loop
      vertex 1483.073908706238 -617.512895323596 192
      vertex 1501.9315005633246 -579.4178149400958 192
      vertex 1483.073908706238 -610.1906080272688 192
    endloop
  endfacet
  facet normal 0 0 1
    outer loop
      vertex 1483.073908706238 -617.512895323596 192
      vertex 1501.9315005633246 -586.370828719377 192
      vertex 1501.9315005633246 -579.4178149400958 192
    endloop
  endfacet
  facet normal 0 0 1
    outer loop
      vertex 1501.9315005633246 -586.370828719377 192
      vertex 1503.160456342972 -583.3682634680658 192
      vertex 1501.9315005633246 -579.4178149400958 192
    endloop
  endfacet
  facet normal 0 0 1
    outer loop
      vertex 1501.9315005633246 -579.4178149400958 192
      vertex 1503.160456342972 -583.3682634680658 192
      vertex 1503.160456342972 -576.450853229314 192
    endloop
  endfacet
  facet normal 0 0 -1
    outer loop
      vertex -744.7489328940569 633.0607859314928 172
      vertex 470 628.2488067493925 172
      vertex 470 625.5541362959415 172
    endloop
  endfacet
  facet normal 0 0 -1
    outer loop
      vertex -744.7489328940569 633.0607859314928 172
      vertex 484 628.2488067493925 172
      vertex 470 628.2488067493925 172
    endloop
  endfacet
  facet normal 0 0 1
    outer loop
      vertex -740.4135865858894 646.499999999694 192
      vertex 470 646.499999999694 192
      vertex 470 653.101428571166 192
    endloop
  endfacet
  facet normal 0 0 1
    outer loop
      vertex -740.4135865858894 654.2579999996904 192
      vertex 470 653.101428571166 192
      vertex 484 653.101428571166 192
    endloop
  endfacet
  facet normal 0 0 -1
    outer loop
      vertex -744.7489328940569 633.0607859314928 172
      vertex 708.7489328940569 633.0607859314928 172
      vertex 484 628.2488067493925 172
    endloop
  endfacet
  facet normal 0 0 1
    outer loop
      vertex -740.4135865858894 654.2579999996904 192
      vertex 484 653.101428571166 192
      vertex 704.4135865858894 654.2579999996904 192
    endloop
  endfacet
  facet normal 0 0 -1
    outer loop
      vertex 708.7489328940569 625.5541362959415 172
      vertex 484 625.5541362959415 172
      vertex 484 628.2488067493925 172
    endloop
  endfacet
  facet normal 0 0 1
    outer loop
      vertex 704.4135865858894 654.2579999996904 192
      vertex 484 653.101428571166 192
      vertex 484 646.499999999694 192
    endloop
  endfacet
  facet normal 0 0 -1
    outer loop
      vertex 708.7489328940569 625.5541362959415 172
      vertex 484 628.2488067493925 172
      vertex 708.7489328940569 633.0607859314928 172
    endloop
  endfacet
  facet normal 0 0 1
    outer loop
      vertex 704.4135865858894 646.499999999694 192
      vertex 704.4135865858894 654.2579999996904 192
      vertex 484 646.499999999694 192
    endloop
  endfacet
  facet normal 0 0 -1
    outer loop
      vertex 1479.9167846346015 613.8871253767077 172
      vertex 1469.9522159513926 625.5541362959415 172
      vertex 1469.9522159513926 633.0607859314928 172
    endloop
  endfacet
  facet normal 0 0 -1
    outer loop
      vertex 1479.9167846346015 613.8871253767077 172
      vertex 1469.9522159513926 633.0607859314928 172
      vertex 1479.9167846346015 621.2537708812281 172
    endloop
  endfacet
  facet normal 0 0 1
    outer loop
      vertex 1483.073908706238 610.1906080272688 192
      vertex 1483.073908706238 617.512895323596 192
      vertex 1459.6345596729059 637.6345596729059 192
    endloop
  endfacet
  facet normal 0 0 1
    outer loop
      vertex 1501.9315005633246 579.4178149400958 192
      vertex 1503.160456342972 576.450853229314 192
      vertex 1503.160456342972 583.3682634680658 192
    endloop
  endfacet
  facet normal 0 0 1
    outer loop
      vertex 1501.9315005633246 579.4178149400958 192
      vertex 1503.160456342972 583.3682634680658 192
      vertex 1501.9315005633246 586.370828719377 192
    endloop
  endfacet
  facet normal 0 0 1
    outer loop
      vertex 1501.9315005633246 579.4178149400958 192
      vertex 1501.9315005633246 586.370828719377 192
      vertex 1483.073908706238 610.1906080272688 192
    endloop
  endfacet
  facet normal 0 0 1
    outer loop
      vertex 1501.9315005633246 586.370828719377 192
      vertex 1483.073908706238 617.512895323596 192
      vertex 1483.073908706238 610.1906080272688 192
    endloop
  endfacet
  facet normal 0 0 -1
    outer loop
      vertex 1291.251067105943 625.5541362959415 172
      vertex 1291.251067105943 633.0607859314928 172
      vertex 1469.9522159513926 625.5541362959415 172
    endloop
  endfacet
  facet normal 0 0 1
    outer loop
      vertex 1295.5864134141104 646.499999999694 192
      vertex 1449.2544627128896 654.2579999996904 192
      vertex 1295.5864134141104 654.2579999996904 192
    endloop
  endfacet
  facet normal 0 0 -1
    outer loop
      vertex 1291.251067105943 633.0607859314928 172
      vertex 1469.9522159513926 633.0607859314928 172
      vertex 1469.9522159513926 625.5541362959415 172
    endloop
  endfacet
  facet normal 0 0 1
    outer loop
      vertex 1295.5864134141104 646.499999999694 192
      vertex 1449.2544627128896 646.499999999694 192
      vertex 1449.2544627128896 654.2579999996904 192
    endloop
  endfacet
  facet normal 0 0 1
    outer loop
      vertex 1459.6345596729059 637.6345596729059 192
      vertex 1483.073908706238 617.512895323596 192
      vertex 1459.6345596729059 645.2861743889807 192
    endloop
  endfacet
  facet normal 0 0 1
    outer loop
      vertex 1459.6345596729059 637.6345596729059 192
      vertex 1459.6345596729059 645.2861743889807 192
      vertex 1449.2544627128896 646.499999999694 192
    endloop
  endfacet
  facet normal 0 0 1
    outer loop
      vertex 1449.2544627128896 646.499999999694 192
      vertex 1459.6345596729059 645.2861743889807 192
      vertex 1449.2544627128896 654.2579999996904 192
    endloop
  endfacet
endsolid OpenSCAD_Model
